window_id,individual_id,case_id,recording,partition,start_sample,end_sample,start_seconds,end_seconds,label,seizure_overlap_samples,seizure_overlap_seconds,source_sha256,preprocessing_version
chb02/chb02_01.edf:0,chb02,chb02,chb02/chb02_01.edf,train,0,2048,0.0,8.0,0,0,0.0,0a04cd84c2e1ea5d656a77ec5b3700001c03737f74c5b78c47147e365a27b5f0,bipolar18-int16-any-overlap-8s-v1
chb02/chb02_01.edf:2048,chb02,chb02,chb02/chb02_01.edf,train,2048,4096,8.0,16.0,0,0,0.0,0a04cd84c2e1ea5d656a77ec5b3700001c03737f74c5b78c47147e365a27b5f0,bipolar18-int16-any-overlap-8s-v1
chb02/chb02_01.edf:4096,chb02,chb02,chb02/chb02_01.edf,train,4096,6144,16.0,24.0,0,0,0.0,0a04cd84c2e1ea5d656a77ec5b3700001c03737f74c5b78c47147e365a27b5f0,bipolar18-int16-any-overlap-8s-v1
chb02/chb02_01.edf:6144,chb02,chb02,chb02/chb02_01.edf,train,6144,8192,24.0,32.0,0,0,0.0,0a04cd84c2e1ea5d656a77ec5b3700001c03737f74c5b78c47147e365a27b5f0,bipolar18-int16-any-overlap-8s-v1
chb02/chb02_01.edf:8192,chb02,chb02,chb02/chb02_01.edf,train,8192,10240,32.0,40.0,0,0,0.0,0a04cd84c2e1ea5d656a77ec5b3700001c03737f74c5b78c47147e365a27b5f0,bipolar18-int16-any-overlap-8s-v1
chb02/chb02_01.edf:10240,chb02,chb02,chb02/chb02_01.edf,train,10240,12288,40.0,48.0,0,0,0.0,0a04cd84c2e1ea5d656a77ec5b3700001c03737f74c5b78c47147e365a27b5f0,bipolar18-int16-any-overlap-8s-v1
chb02/chb02_01.edf:12288,chb02,chb02,chb02/chb02_01.edf,train,12288,14336,48.0,56.0,0,0,0.0,0a04cd84c2e1ea5d656a77ec5b3700001c03737f74c5b78c47147e365a27b5f0,bipolar18-int16-any-overlap-8s-v1
chb02/chb02_01.edf:14336,chb02,chb02,chb02/chb02_01.edf,train,14336,16384,56.0,64.0,0,0,0.0,0a04cd84c2e1ea5d656a77ec5b3700001c03737f74c5b78c47147e365a27b5f0,bipolar18-int16-any-overlap-8s-v1
chb02/chb02_01.edf:16384,chb02,chb02,chb02/chb02_01.edf,train,16384,18432,64.0,72.0,0,0,0.0,0a04cd84c2e1ea5d656a77ec5b3700001c03737f74c5b78c47147e365a27b5f0,bipolar18-int16-any-overlap-8s-v1
chb02/chb02_01.edf:18432,chb02,chb02,chb02/chb02_01.edf,train,18432,20480,72.0,80.0,0,0,0.0,0a04cd84c2e1ea5d656a77ec5b3700001c03737f74c5b78c47147e365a27b5f0,bipolar18-int16-any-overlap-8s-v1
chb02/chb02_01.edf:20480,chb02,chb02,chb02/chb02_01.edf,train,20480,22528,80.0,88.0,0,0,0.0,0a04cd84c2e1ea5d656a77ec5b3700001c03737f74c5b78c47147e365a27b5f0,bipolar18-int16-any-overlap-8s-v1
chb02/chb02_01.edf:22528,chb02,chb02,chb02/chb02_01.edf,train,22528,24576,88.0,96.0,0,0,0.0,0a04cd84c2e1ea5d656a77ec5b3700001c03737f74c5b78c47147e365a27b5f0,bipolar18-int16-any-overlap-8s-v1
chb02/chb02_01.edf:24576,chb02,chb02,chb02/chb02_01.edf,train,24576,26624,96.0,104.0,0,0,0.0,0a04cd84c2e1ea5d656a77ec5b3700001c03737f74c5b78c47147e365a27b5f0,bipolar18-int16-any-overlap-8s-v1
chb02/chb02_01.edf:26624,chb02,chb02,chb02/chb02_01.edf,train,26624,28672,104.0,112.0,0,0,0.0,0a04cd84c2e1ea5d656a77ec5b3700001c03737f74c5b78c47147e365a27b5f0,bipolar18-int16-any-overlap-8s-v1
chb02/chb02_01.edf:28672,chb02,chb02,chb02/chb02_01.edf,train,28672,30720,112.0,120.0,0,0,0.0,0a04cd84c2e1ea5d656a77ec5b3700001c03737f74c5b78c47147e365a27b5f0,bipolar18-int16-any-overlap-8s-v1
chb02/chb02_01.edf:30720,chb02,chb02,chb02/chb02_01.edf,train,30720,32768,120.0,128.0,0,0,0.0,0a04cd84c2e1ea5d656a77ec5b3700001c03737f74c5b78c47147e365a27b5f0,bipolar18-int16-any-overlap-8s-v1
chb02/chb02_01.edf:32768,chb02,chb02,chb02/chb02_01.edf,train,32768,34816,128.0,136.0,0,0,0.0,0a04cd84c2e1ea5d656a77ec5b3700001c03737f74c5b78c47147e365a27b5f0,bipolar18-int16-any-overlap-8s-v1
chb02/chb02_01.edf:34816,chb02,chb02,chb02/chb02_01.edf,train,34816,36864,136.0,144.0,0,0,0.0,0a04cd84c2e1ea5d656a77ec5b3700001c03737f74c5b78c47147e365a27b5f0,bipolar18-int16-any-overlap-8s-v1
chb02/chb02_01.edf:36864,chb02,chb02,chb02/chb02_01.edf,train,36864,38912,144.0,152.0,0,0,0.0,0a04cd84c2e1ea5d656a77ec5b3700001c03737f74c5b78c47147e365a27b5f0,bipolar18-int16-any-overlap-8s-v1
chb02/chb02_01.edf:38912,chb02,chb02,chb02/chb02_01.edf,train,38912,40960,152.0,160.0,0,0,0.0,0a04cd84c2e1ea5d656a77ec5b3700001c03737f74c5b78c47147e365a27b5f0,bipolar18-int16-any-overlap-8s-v1
chb02/chb02_01.edf:40960,chb02,chb02,chb02/chb02_01.edf,train,40960,43008,160.0,168.0,0,0,0.0,0a04cd84c2e1ea5d656a77ec5b3700001c03737f74c5b78c47147e365a27b5f0,bipolar18-int16-any-overlap-8s-v1
chb02/chb02_01.edf:43008,chb02,chb02,chb02/chb02_01.edf,train,43008,45056,168.0,176.0,0,0,0.0,0a04cd84c2e1ea5d656a77ec5b3700001c03737f74c5b78c47147e365a27b5f0,bipolar18-int16-any-overlap-8s-v1
chb02/chb02_01.edf:45056,chb02,chb02,chb02/chb02_01.edf,train,45056,47104,176.0,184.0,0,0,0.0,0a04cd84c2e1ea5d656a77ec5b3700001c03737f74c5b78c47147e365a27b5f0,bipolar18-int16-any-overlap-8s-v1
chb02/chb02_01.edf:47104,chb02,chb02,chb02/chb02_01.edf,train,47104,49152,184.0,192.0,0,0,0.0,0a04cd84c2e1ea5d656a77ec5b3700001c03737f74c5b78c47147e365a27b5f0,bipolar18-int16-any-overlap-8s-v1
chb02/chb02_01.edf:49152,chb02,chb02,chb02/chb02_01.edf,train,49152,51200,192.0,200.0,0,0,0.0,0a04cd84c2e1ea5d656a77ec5b3700001c03737f74c5b78c47147e365a27b5f0,bipolar18-int16-any-overlap-8s-v1
chb02/chb02_01.edf:51200,chb02,chb02,chb02/chb02_01.edf,train,51200,53248,200.0,208.0,0,0,0.0,0a04cd84c2e1ea5d656a77ec5b3700001c03737f74c5b78c47147e365a27b5f0,bipolar18-int16-any-overlap-8s-v1
chb02/chb02_01.edf:53248,chb02,chb02,chb02/chb02_01.edf,train,53248,55296,208.0,216.0,0,0,0.0,0a04cd84c2e1ea5d656a77ec5b3700001c03737f74c5b78c47147e365a27b5f0,bipolar18-int16-any-overlap-8s-v1
chb02/chb02_01.edf:55296,chb02,chb02,chb02/chb02_01.edf,train,55296,57344,216.0,224.0,0,0,0.0,0a04cd84c2e1ea5d656a77ec5b3700001c03737f74c5b78c47147e365a27b5f0,bipolar18-int16-any-overlap-8s-v1
chb02/chb02_01.edf:57344,chb02,chb02,chb02/chb02_01.edf,train,57344,59392,224.0,232.0,0,0,0.0,0a04cd84c2e1ea5d656a77ec5b3700001c03737f74c5b78c47147e365a27b5f0,bipolar18-int16-any-overlap-8s-v1
chb02/chb02_01.edf:59392,chb02,chb02,chb02/chb02_01.edf,train,59392,61440,232.0,240.0,0,0,0.0,0a04cd84c2e1ea5d656a77ec5b3700001c03737f74c5b78c47147e365a27b5f0,bipolar18-int16-any-overlap-8s-v1
chb02/chb02_01.edf:61440,chb02,chb02,chb02/chb02_01.edf,train,61440,63488,240.0,248.0,0,0,0.0,0a04cd84c2e1ea5d656a77ec5b3700001c03737f74c5b78c47147e365a27b5f0,bipolar18-int16-any-overlap-8s-v1
chb02/chb02_01.edf:63488,chb02,chb02,chb02/chb02_01.edf,train,63488,65536,248.0,256.0,0,0,0.0,0a04cd84c2e1ea5d656a77ec5b3700001c03737f74c5b78c47147e365a27b5f0,bipolar18-int16-any-overlap-8s-v1
chb02/chb02_01.edf:65536,chb02,chb02,chb02/chb02_01.edf,train,65536,67584,256.0,264.0,0,0,0.0,0a04cd84c2e1ea5d656a77ec5b3700001c03737f74c5b78c47147e365a27b5f0,bipolar18-int16-any-overlap-8s-v1
chb02/chb02_01.edf:67584,chb02,chb02,chb02/chb02_01.edf,train,67584,69632,264.0,272.0,0,0,0.0,0a04cd84c2e1ea5d656a77ec5b3700001c03737f74c5b78c47147e365a27b5f0,bipolar18-int16-any-overlap-8s-v1
chb02/chb02_01.edf:69632,chb02,chb02,chb02/chb02_01.edf,train,69632,71680,272.0,280.0,0,0,0.0,0a04cd84c2e1ea5d656a77ec5b3700001c03737f74c5b78c47147e365a27b5f0,bipolar18-int16-any-overlap-8s-v1
chb02/chb02_01.edf:71680,chb02,chb02,chb02/chb02_01.edf,train,71680,73728,280.0,288.0,0,0,0.0,0a04cd84c2e1ea5d656a77ec5b3700001c03737f74c5b78c47147e365a27b5f0,bipolar18-int16-any-overlap-8s-v1
chb02/chb02_01.edf:73728,chb02,chb02,chb02/chb02_01.edf,train,73728,75776,288.0,296.0,0,0,0.0,0a04cd84c2e1ea5d656a77ec5b3700001c03737f74c5b78c47147e365a27b5f0,bipolar18-int16-any-overlap-8s-v1
chb02/chb02_01.edf:75776,chb02,chb02,chb02/chb02_01.edf,train,75776,77824,296.0,304.0,0,0,0.0,0a04cd84c2e1ea5d656a77ec5b3700001c03737f74c5b78c47147e365a27b5f0,bipolar18-int16-any-overlap-8s-v1
chb02/chb02_01.edf:77824,chb02,chb02,chb02/chb02_01.edf,train,77824,79872,304.0,312.0,0,0,0.0,0a04cd84c2e1ea5d656a77ec5b3700001c03737f74c5b78c47147e365a27b5f0,bipolar18-int16-any-overlap-8s-v1
chb02/chb02_01.edf:79872,chb02,chb02,chb02/chb02_01.edf,train,79872,81920,312.0,320.0,0,0,0.0,0a04cd84c2e1ea5d656a77ec5b3700001c03737f74c5b78c47147e365a27b5f0,bipolar18-int16-any-overlap-8s-v1
chb02/chb02_01.edf:81920,chb02,chb02,chb02/chb02_01.edf,train,81920,83968,320.0,328.0,0,0,0.0,0a04cd84c2e1ea5d656a77ec5b3700001c03737f74c5b78c47147e365a27b5f0,bipolar18-int16-any-overlap-8s-v1
chb02/chb02_01.edf:83968,chb02,chb02,chb02/chb02_01.edf,train,83968,86016,328.0,336.0,0,0,0.0,0a04cd84c2e1ea5d656a77ec5b3700001c03737f74c5b78c47147e365a27b5f0,bipolar18-int16-any-overlap-8s-v1
chb02/chb02_01.edf:86016,chb02,chb02,chb02/chb02_01.edf,train,86016,88064,336.0,344.0,0,0,0.0,0a04cd84c2e1ea5d656a77ec5b3700001c03737f74c5b78c47147e365a27b5f0,bipolar18-int16-any-overlap-8s-v1
chb02/chb02_01.edf:88064,chb02,chb02,chb02/chb02_01.edf,train,88064,90112,344.0,352.0,0,0,0.0,0a04cd84c2e1ea5d656a77ec5b3700001c03737f74c5b78c47147e365a27b5f0,bipolar18-int16-any-overlap-8s-v1
chb02/chb02_01.edf:90112,chb02,chb02,chb02/chb02_01.edf,train,90112,92160,352.0,360.0,0,0,0.0,0a04cd84c2e1ea5d656a77ec5b3700001c03737f74c5b78c47147e365a27b5f0,bipolar18-int16-any-overlap-8s-v1
chb02/chb02_01.edf:92160,chb02,chb02,chb02/chb02_01.edf,train,92160,94208,360.0,368.0,0,0,0.0,0a04cd84c2e1ea5d656a77ec5b3700001c03737f74c5b78c47147e365a27b5f0,bipolar18-int16-any-overlap-8s-v1
chb02/chb02_01.edf:94208,chb02,chb02,chb02/chb02_01.edf,train,94208,96256,368.0,376.0,0,0,0.0,0a04cd84c2e1ea5d656a77ec5b3700001c03737f74c5b78c47147e365a27b5f0,bipolar18-int16-any-overlap-8s-v1
chb02/chb02_01.edf:96256,chb02,chb02,chb02/chb02_01.edf,train,96256,98304,376.0,384.0,0,0,0.0,0a04cd84c2e1ea5d656a77ec5b3700001c03737f74c5b78c47147e365a27b5f0,bipolar18-int16-any-overlap-8s-v1
chb02/chb02_01.edf:98304,chb02,chb02,chb02/chb02_01.edf,train,98304,100352,384.0,392.0,0,0,0.0,0a04cd84c2e1ea5d656a77ec5b3700001c03737f74c5b78c47147e365a27b5f0,bipolar18-int16-any-overlap-8s-v1
chb02/chb02_01.edf:100352,chb02,chb02,chb02/chb02_01.edf,train,100352,102400,392.0,400.0,0,0,0.0,0a04cd84c2e1ea5d656a77ec5b3700001c03737f74c5b78c47147e365a27b5f0,bipolar18-int16-any-overlap-8s-v1
chb02/chb02_01.edf:102400,chb02,chb02,chb02/chb02_01.edf,train,102400,104448,400.0,408.0,0,0,0.0,0a04cd84c2e1ea5d656a77ec5b3700001c03737f74c5b78c47147e365a27b5f0,bipolar18-int16-any-overlap-8s-v1
chb02/chb02_01.edf:104448,chb02,chb02,chb02/chb02_01.edf,train,104448,106496,408.0,416.0,0,0,0.0,0a04cd84c2e1ea5d656a77ec5b3700001c03737f74c5b78c47147e365a27b5f0,bipolar18-int16-any-overlap-8s-v1
chb02/chb02_01.edf:106496,chb02,chb02,chb02/chb02_01.edf,train,106496,108544,416.0,424.0,0,0,0.0,0a04cd84c2e1ea5d656a77ec5b3700001c03737f74c5b78c47147e365a27b5f0,bipolar18-int16-any-overlap-8s-v1
chb02/chb02_01.edf:108544,chb02,chb02,chb02/chb02_01.edf,train,108544,110592,424.0,432.0,0,0,0.0,0a04cd84c2e1ea5d656a77ec5b3700001c03737f74c5b78c47147e365a27b5f0,bipolar18-int16-any-overlap-8s-v1
chb02/chb02_01.edf:110592,chb02,chb02,chb02/chb02_01.edf,train,110592,112640,432.0,440.0,0,0,0.0,0a04cd84c2e1ea5d656a77ec5b3700001c03737f74c5b78c47147e365a27b5f0,bipolar18-int16-any-overlap-8s-v1
chb02/chb02_01.edf:112640,chb02,chb02,chb02/chb02_01.edf,train,112640,114688,440.0,448.0,0,0,0.0,0a04cd84c2e1ea5d656a77ec5b3700001c03737f74c5b78c47147e365a27b5f0,bipolar18-int16-any-overlap-8s-v1
chb02/chb02_01.edf:114688,chb02,chb02,chb02/chb02_01.edf,train,114688,116736,448.0,456.0,0,0,0.0,0a04cd84c2e1ea5d656a77ec5b3700001c03737f74c5b78c47147e365a27b5f0,bipolar18-int16-any-overlap-8s-v1
chb02/chb02_01.edf:116736,chb02,chb02,chb02/chb02_01.edf,train,116736,118784,456.0,464.0,0,0,0.0,0a04cd84c2e1ea5d656a77ec5b3700001c03737f74c5b78c47147e365a27b5f0,bipolar18-int16-any-overlap-8s-v1
chb02/chb02_01.edf:118784,chb02,chb02,chb02/chb02_01.edf,train,118784,120832,464.0,472.0,0,0,0.0,0a04cd84c2e1ea5d656a77ec5b3700001c03737f74c5b78c47147e365a27b5f0,bipolar18-int16-any-overlap-8s-v1
chb02/chb02_01.edf:120832,chb02,chb02,chb02/chb02_01.edf,train,120832,122880,472.0,480.0,0,0,0.0,0a04cd84c2e1ea5d656a77ec5b3700001c03737f74c5b78c47147e365a27b5f0,bipolar18-int16-any-overlap-8s-v1
chb02/chb02_01.edf:122880,chb02,chb02,chb02/chb02_01.edf,train,122880,124928,480.0,488.0,0,0,0.0,0a04cd84c2e1ea5d656a77ec5b3700001c03737f74c5b78c47147e365a27b5f0,bipolar18-int16-any-overlap-8s-v1
chb02/chb02_01.edf:124928,chb02,chb02,chb02/chb02_01.edf,train,124928,126976,488.0,496.0,0,0,0.0,0a04cd84c2e1ea5d656a77ec5b3700001c03737f74c5b78c47147e365a27b5f0,bipolar18-int16-any-overlap-8s-v1
chb02/chb02_01.edf:126976,chb02,chb02,chb02/chb02_01.edf,train,126976,129024,496.0,504.0,0,0,0.0,0a04cd84c2e1ea5d656a77ec5b3700001c03737f74c5b78c47147e365a27b5f0,bipolar18-int16-any-overlap-8s-v1
chb02/chb02_01.edf:129024,chb02,chb02,chb02/chb02_01.edf,train,129024,131072,504.0,512.0,0,0,0.0,0a04cd84c2e1ea5d656a77ec5b3700001c03737f74c5b78c47147e365a27b5f0,bipolar18-int16-any-overlap-8s-v1
chb02/chb02_01.edf:131072,chb02,chb02,chb02/chb02_01.edf,train,131072,133120,512.0,520.0,0,0,0.0,0a04cd84c2e1ea5d656a77ec5b3700001c03737f74c5b78c47147e365a27b5f0,bipolar18-int16-any-overlap-8s-v1
chb02/chb02_01.edf:133120,chb02,chb02,chb02/chb02_01.edf,train,133120,135168,520.0,528.0,0,0,0.0,0a04cd84c2e1ea5d656a77ec5b3700001c03737f74c5b78c47147e365a27b5f0,bipolar18-int16-any-overlap-8s-v1
chb02/chb02_01.edf:135168,chb02,chb02,chb02/chb02_01.edf,train,135168,137216,528.0,536.0,0,0,0.0,0a04cd84c2e1ea5d656a77ec5b3700001c03737f74c5b78c47147e365a27b5f0,bipolar18-int16-any-overlap-8s-v1
chb02/chb02_01.edf:137216,chb02,chb02,chb02/chb02_01.edf,train,137216,139264,536.0,544.0,0,0,0.0,0a04cd84c2e1ea5d656a77ec5b3700001c03737f74c5b78c47147e365a27b5f0,bipolar18-int16-any-overlap-8s-v1
chb02/chb02_01.edf:139264,chb02,chb02,chb02/chb02_01.edf,train,139264,141312,544.0,552.0,0,0,0.0,0a04cd84c2e1ea5d656a77ec5b3700001c03737f74c5b78c47147e365a27b5f0,bipolar18-int16-any-overlap-8s-v1
chb02/chb02_01.edf:141312,chb02,chb02,chb02/chb02_01.edf,train,141312,143360,552.0,560.0,0,0,0.0,0a04cd84c2e1ea5d656a77ec5b3700001c03737f74c5b78c47147e365a27b5f0,bipolar18-int16-any-overlap-8s-v1
chb02/chb02_01.edf:143360,chb02,chb02,chb02/chb02_01.edf,train,143360,145408,560.0,568.0,0,0,0.0,0a04cd84c2e1ea5d656a77ec5b3700001c03737f74c5b78c47147e365a27b5f0,bipolar18-int16-any-overlap-8s-v1
chb02/chb02_01.edf:145408,chb02,chb02,chb02/chb02_01.edf,train,145408,147456,568.0,576.0,0,0,0.0,0a04cd84c2e1ea5d656a77ec5b3700001c03737f74c5b78c47147e365a27b5f0,bipolar18-int16-any-overlap-8s-v1
chb02/chb02_01.edf:147456,chb02,chb02,chb02/chb02_01.edf,train,147456,149504,576.0,584.0,0,0,0.0,0a04cd84c2e1ea5d656a77ec5b3700001c03737f74c5b78c47147e365a27b5f0,bipolar18-int16-any-overlap-8s-v1
chb02/chb02_01.edf:149504,chb02,chb02,chb02/chb02_01.edf,train,149504,151552,584.0,592.0,0,0,0.0,0a04cd84c2e1ea5d656a77ec5b3700001c03737f74c5b78c47147e365a27b5f0,bipolar18-int16-any-overlap-8s-v1
chb02/chb02_01.edf:151552,chb02,chb02,chb02/chb02_01.edf,train,151552,153600,592.0,600.0,0,0,0.0,0a04cd84c2e1ea5d656a77ec5b3700001c03737f74c5b78c47147e365a27b5f0,bipolar18-int16-any-overlap-8s-v1
chb02/chb02_01.edf:153600,chb02,chb02,chb02/chb02_01.edf,train,153600,155648,600.0,608.0,0,0,0.0,0a04cd84c2e1ea5d656a77ec5b3700001c03737f74c5b78c47147e365a27b5f0,bipolar18-int16-any-overlap-8s-v1
chb02/chb02_01.edf:155648,chb02,chb02,chb02/chb02_01.edf,train,155648,157696,608.0,616.0,0,0,0.0,0a04cd84c2e1ea5d656a77ec5b3700001c03737f74c5b78c47147e365a27b5f0,bipolar18-int16-any-overlap-8s-v1
chb02/chb02_01.edf:157696,chb02,chb02,chb02/chb02_01.edf,train,157696,159744,616.0,624.0,0,0,0.0,0a04cd84c2e1ea5d656a77ec5b3700001c03737f74c5b78c47147e365a27b5f0,bipolar18-int16-any-overlap-8s-v1
chb02/chb02_01.edf:159744,chb02,chb02,chb02/chb02_01.edf,train,159744,161792,624.0,632.0,0,0,0.0,0a04cd84c2e1ea5d656a77ec5b3700001c03737f74c5b78c47147e365a27b5f0,bipolar18-int16-any-overlap-8s-v1
chb02/chb02_01.edf:161792,chb02,chb02,chb02/chb02_01.edf,train,161792,163840,632.0,640.0,0,0,0.0,0a04cd84c2e1ea5d656a77ec5b3700001c03737f74c5b78c47147e365a27b5f0,bipolar18-int16-any-overlap-8s-v1
chb02/chb02_01.edf:163840,chb02,chb02,chb02/chb02_01.edf,train,163840,165888,640.0,648.0,0,0,0.0,0a04cd84c2e1ea5d656a77ec5b3700001c03737f74c5b78c47147e365a27b5f0,bipolar18-int16-any-overlap-8s-v1
chb02/chb02_01.edf:165888,chb02,chb02,chb02/chb02_01.edf,train,165888,167936,648.0,656.0,0,0,0.0,0a04cd84c2e1ea5d656a77ec5b3700001c03737f74c5b78c47147e365a27b5f0,bipolar18-int16-any-overlap-8s-v1
chb02/chb02_01.edf:167936,chb02,chb02,chb02/chb02_01.edf,train,167936,169984,656.0,664.0,0,0,0.0,0a04cd84c2e1ea5d656a77ec5b3700001c03737f74c5b78c47147e365a27b5f0,bipolar18-int16-any-overlap-8s-v1
chb02/chb02_01.edf:169984,chb02,chb02,chb02/chb02_01.edf,train,169984,172032,664.0,672.0,0,0,0.0,0a04cd84c2e1ea5d656a77ec5b3700001c03737f74c5b78c47147e365a27b5f0,bipolar18-int16-any-overlap-8s-v1
chb02/chb02_01.edf:172032,chb02,chb02,chb02/chb02_01.edf,train,172032,174080,672.0,680.0,0,0,0.0,0a04cd84c2e1ea5d656a77ec5b3700001c03737f74c5b78c47147e365a27b5f0,bipolar18-int16-any-overlap-8s-v1
chb02/chb02_01.edf:174080,chb02,chb02,chb02/chb02_01.edf,train,174080,176128,680.0,688.0,0,0,0.0,0a04cd84c2e1ea5d656a77ec5b3700001c03737f74c5b78c47147e365a27b5f0,bipolar18-int16-any-overlap-8s-v1
chb02/chb02_01.edf:176128,chb02,chb02,chb02/chb02_01.edf,train,176128,178176,688.0,696.0,0,0,0.0,0a04cd84c2e1ea5d656a77ec5b3700001c03737f74c5b78c47147e365a27b5f0,bipolar18-int16-any-overlap-8s-v1
chb02/chb02_01.edf:178176,chb02,chb02,chb02/chb02_01.edf,train,178176,180224,696.0,704.0,0,0,0.0,0a04cd84c2e1ea5d656a77ec5b3700001c03737f74c5b78c47147e365a27b5f0,bipolar18-int16-any-overlap-8s-v1
chb02/chb02_01.edf:180224,chb02,chb02,chb02/chb02_01.edf,train,180224,182272,704.0,712.0,0,0,0.0,0a04cd84c2e1ea5d656a77ec5b3700001c03737f74c5b78c47147e365a27b5f0,bipolar18-int16-any-overlap-8s-v1
chb02/chb02_01.edf:182272,chb02,chb02,chb02/chb02_01.edf,train,182272,184320,712.0,720.0,0,0,0.0,0a04cd84c2e1ea5d656a77ec5b3700001c03737f74c5b78c47147e365a27b5f0,bipolar18-int16-any-overlap-8s-v1
chb02/chb02_01.edf:184320,chb02,chb02,chb02/chb02_01.edf,train,184320,186368,720.0,728.0,0,0,0.0,0a04cd84c2e1ea5d656a77ec5b3700001c03737f74c5b78c47147e365a27b5f0,bipolar18-int16-any-overlap-8s-v1
chb02/chb02_01.edf:186368,chb02,chb02,chb02/chb02_01.edf,train,186368,188416,728.0,736.0,0,0,0.0,0a04cd84c2e1ea5d656a77ec5b3700001c03737f74c5b78c47147e365a27b5f0,bipolar18-int16-any-overlap-8s-v1
chb02/chb02_01.edf:188416,chb02,chb02,chb02/chb02_01.edf,train,188416,190464,736.0,744.0,0,0,0.0,0a04cd84c2e1ea5d656a77ec5b3700001c03737f74c5b78c47147e365a27b5f0,bipolar18-int16-any-overlap-8s-v1
chb02/chb02_01.edf:190464,chb02,chb02,chb02/chb02_01.edf,train,190464,192512,744.0,752.0,0,0,0.0,0a04cd84c2e1ea5d656a77ec5b3700001c03737f74c5b78c47147e365a27b5f0,bipolar18-int16-any-overlap-8s-v1
chb02/chb02_01.edf:192512,chb02,chb02,chb02/chb02_01.edf,train,192512,194560,752.0,760.0,0,0,0.0,0a04cd84c2e1ea5d656a77ec5b3700001c03737f74c5b78c47147e365a27b5f0,bipolar18-int16-any-overlap-8s-v1
chb02/chb02_01.edf:194560,chb02,chb02,chb02/chb02_01.edf,train,194560,196608,760.0,768.0,0,0,0.0,0a04cd84c2e1ea5d656a77ec5b3700001c03737f74c5b78c47147e365a27b5f0,bipolar18-int16-any-overlap-8s-v1
chb02/chb02_01.edf:196608,chb02,chb02,chb02/chb02_01.edf,train,196608,198656,768.0,776.0,0,0,0.0,0a04cd84c2e1ea5d656a77ec5b3700001c03737f74c5b78c47147e365a27b5f0,bipolar18-int16-any-overlap-8s-v1
chb02/chb02_01.edf:198656,chb02,chb02,chb02/chb02_01.edf,train,198656,200704,776.0,784.0,0,0,0.0,0a04cd84c2e1ea5d656a77ec5b3700001c03737f74c5b78c47147e365a27b5f0,bipolar18-int16-any-overlap-8s-v1
chb02/chb02_01.edf:200704,chb02,chb02,chb02/chb02_01.edf,train,200704,202752,784.0,792.0,0,0,0.0,0a04cd84c2e1ea5d656a77ec5b3700001c03737f74c5b78c47147e365a27b5f0,bipolar18-int16-any-overlap-8s-v1
chb02/chb02_01.edf:202752,chb02,chb02,chb02/chb02_01.edf,train,202752,204800,792.0,800.0,0,0,0.0,0a04cd84c2e1ea5d656a77ec5b3700001c03737f74c5b78c47147e365a27b5f0,bipolar18-int16-any-overlap-8s-v1
chb02/chb02_01.edf:204800,chb02,chb02,chb02/chb02_01.edf,train,204800,206848,800.0,808.0,0,0,0.0,0a04cd84c2e1ea5d656a77ec5b3700001c03737f74c5b78c47147e365a27b5f0,bipolar18-int16-any-overlap-8s-v1
chb02/chb02_01.edf:206848,chb02,chb02,chb02/chb02_01.edf,train,206848,208896,808.0,816.0,0,0,0.0,0a04cd84c2e1ea5d656a77ec5b3700001c03737f74c5b78c47147e365a27b5f0,bipolar18-int16-any-overlap-8s-v1
chb02/chb02_01.edf:208896,chb02,chb02,chb02/chb02_01.edf,train,208896,210944,816.0,824.0,0,0,0.0,0a04cd84c2e1ea5d656a77ec5b3700001c03737f74c5b78c47147e365a27b5f0,bipolar18-int16-any-overlap-8s-v1
chb02/chb02_01.edf:210944,chb02,chb02,chb02/chb02_01.edf,train,210944,212992,824.0,832.0,0,0,0.0,0a04cd84c2e1ea5d656a77ec5b3700001c03737f74c5b78c47147e365a27b5f0,bipolar18-int16-any-overlap-8s-v1
chb02/chb02_01.edf:212992,chb02,chb02,chb02/chb02_01.edf,train,212992,215040,832.0,840.0,0,0,0.0,0a04cd84c2e1ea5d656a77ec5b3700001c03737f74c5b78c47147e365a27b5f0,bipolar18-int16-any-overlap-8s-v1
chb02/chb02_01.edf:215040,chb02,chb02,chb02/chb02_01.edf,train,215040,217088,840.0,848.0,0,0,0.0,0a04cd84c2e1ea5d656a77ec5b3700001c03737f74c5b78c47147e365a27b5f0,bipolar18-int16-any-overlap-8s-v1
chb02/chb02_01.edf:217088,chb02,chb02,chb02/chb02_01.edf,train,217088,219136,848.0,856.0,0,0,0.0,0a04cd84c2e1ea5d656a77ec5b3700001c03737f74c5b78c47147e365a27b5f0,bipolar18-int16-any-overlap-8s-v1
chb02/chb02_01.edf:219136,chb02,chb02,chb02/chb02_01.edf,train,219136,221184,856.0,864.0,0,0,0.0,0a04cd84c2e1ea5d656a77ec5b3700001c03737f74c5b78c47147e365a27b5f0,bipolar18-int16-any-overlap-8s-v1
chb02/chb02_01.edf:221184,chb02,chb02,chb02/chb02_01.edf,train,221184,223232,864.0,872.0,0,0,0.0,0a04cd84c2e1ea5d656a77ec5b3700001c03737f74c5b78c47147e365a27b5f0,bipolar18-int16-any-overlap-8s-v1
chb02/chb02_01.edf:223232,chb02,chb02,chb02/chb02_01.edf,train,223232,225280,872.0,880.0,0,0,0.0,0a04cd84c2e1ea5d656a77ec5b3700001c03737f74c5b78c47147e365a27b5f0,bipolar18-int16-any-overlap-8s-v1
chb02/chb02_01.edf:225280,chb02,chb02,chb02/chb02_01.edf,train,225280,227328,880.0,888.0,0,0,0.0,0a04cd84c2e1ea5d656a77ec5b3700001c03737f74c5b78c47147e365a27b5f0,bipolar18-int16-any-overlap-8s-v1
chb02/chb02_01.edf:227328,chb02,chb02,chb02/chb02_01.edf,train,227328,229376,888.0,896.0,0,0,0.0,0a04cd84c2e1ea5d656a77ec5b3700001c03737f74c5b78c47147e365a27b5f0,bipolar18-int16-any-overlap-8s-v1
chb02/chb02_01.edf:229376,chb02,chb02,chb02/chb02_01.edf,train,229376,231424,896.0,904.0,0,0,0.0,0a04cd84c2e1ea5d656a77ec5b3700001c03737f74c5b78c47147e365a27b5f0,bipolar18-int16-any-overlap-8s-v1
chb02/chb02_01.edf:231424,chb02,chb02,chb02/chb02_01.edf,train,231424,233472,904.0,912.0,0,0,0.0,0a04cd84c2e1ea5d656a77ec5b3700001c03737f74c5b78c47147e365a27b5f0,bipolar18-int16-any-overlap-8s-v1
chb02/chb02_01.edf:233472,chb02,chb02,chb02/chb02_01.edf,train,233472,235520,912.0,920.0,0,0,0.0,0a04cd84c2e1ea5d656a77ec5b3700001c03737f74c5b78c47147e365a27b5f0,bipolar18-int16-any-overlap-8s-v1
chb02/chb02_01.edf:235520,chb02,chb02,chb02/chb02_01.edf,train,235520,237568,920.0,928.0,0,0,0.0,0a04cd84c2e1ea5d656a77ec5b3700001c03737f74c5b78c47147e365a27b5f0,bipolar18-int16-any-overlap-8s-v1
chb02/chb02_01.edf:237568,chb02,chb02,chb02/chb02_01.edf,train,237568,239616,928.0,936.0,0,0,0.0,0a04cd84c2e1ea5d656a77ec5b3700001c03737f74c5b78c47147e365a27b5f0,bipolar18-int16-any-overlap-8s-v1
chb02/chb02_01.edf:239616,chb02,chb02,chb02/chb02_01.edf,train,239616,241664,936.0,944.0,0,0,0.0,0a04cd84c2e1ea5d656a77ec5b3700001c03737f74c5b78c47147e365a27b5f0,bipolar18-int16-any-overlap-8s-v1
chb02/chb02_01.edf:241664,chb02,chb02,chb02/chb02_01.edf,train,241664,243712,944.0,952.0,0,0,0.0,0a04cd84c2e1ea5d656a77ec5b3700001c03737f74c5b78c47147e365a27b5f0,bipolar18-int16-any-overlap-8s-v1
chb02/chb02_01.edf:243712,chb02,chb02,chb02/chb02_01.edf,train,243712,245760,952.0,960.0,0,0,0.0,0a04cd84c2e1ea5d656a77ec5b3700001c03737f74c5b78c47147e365a27b5f0,bipolar18-int16-any-overlap-8s-v1
chb02/chb02_01.edf:245760,chb02,chb02,chb02/chb02_01.edf,train,245760,247808,960.0,968.0,0,0,0.0,0a04cd84c2e1ea5d656a77ec5b3700001c03737f74c5b78c47147e365a27b5f0,bipolar18-int16-any-overlap-8s-v1
chb02/chb02_01.edf:247808,chb02,chb02,chb02/chb02_01.edf,train,247808,249856,968.0,976.0,0,0,0.0,0a04cd84c2e1ea5d656a77ec5b3700001c03737f74c5b78c47147e365a27b5f0,bipolar18-int16-any-overlap-8s-v1
chb02/chb02_01.edf:249856,chb02,chb02,chb02/chb02_01.edf,train,249856,251904,976.0,984.0,0,0,0.0,0a04cd84c2e1ea5d656a77ec5b3700001c03737f74c5b78c47147e365a27b5f0,bipolar18-int16-any-overlap-8s-v1
chb02/chb02_01.edf:251904,chb02,chb02,chb02/chb02_01.edf,train,251904,253952,984.0,992.0,0,0,0.0,0a04cd84c2e1ea5d656a77ec5b3700001c03737f74c5b78c47147e365a27b5f0,bipolar18-int16-any-overlap-8s-v1
chb02/chb02_01.edf:253952,chb02,chb02,chb02/chb02_01.edf,train,253952,256000,992.0,1000.0,0,0,0.0,0a04cd84c2e1ea5d656a77ec5b3700001c03737f74c5b78c47147e365a27b5f0,bipolar18-int16-any-overlap-8s-v1
chb02/chb02_01.edf:256000,chb02,chb02,chb02/chb02_01.edf,train,256000,258048,1000.0,1008.0,0,0,0.0,0a04cd84c2e1ea5d656a77ec5b3700001c03737f74c5b78c47147e365a27b5f0,bipolar18-int16-any-overlap-8s-v1
chb02/chb02_01.edf:258048,chb02,chb02,chb02/chb02_01.edf,train,258048,260096,1008.0,1016.0,0,0,0.0,0a04cd84c2e1ea5d656a77ec5b3700001c03737f74c5b78c47147e365a27b5f0,bipolar18-int16-any-overlap-8s-v1
chb02/chb02_01.edf:260096,chb02,chb02,chb02/chb02_01.edf,train,260096,262144,1016.0,1024.0,0,0,0.0,0a04cd84c2e1ea5d656a77ec5b3700001c03737f74c5b78c47147e365a27b5f0,bipolar18-int16-any-overlap-8s-v1
chb02/chb02_01.edf:262144,chb02,chb02,chb02/chb02_01.edf,train,262144,264192,1024.0,1032.0,0,0,0.0,0a04cd84c2e1ea5d656a77ec5b3700001c03737f74c5b78c47147e365a27b5f0,bipolar18-int16-any-overlap-8s-v1
chb02/chb02_01.edf:264192,chb02,chb02,chb02/chb02_01.edf,train,264192,266240,1032.0,1040.0,0,0,0.0,0a04cd84c2e1ea5d656a77ec5b3700001c03737f74c5b78c47147e365a27b5f0,bipolar18-int16-any-overlap-8s-v1
chb02/chb02_01.edf:266240,chb02,chb02,chb02/chb02_01.edf,train,266240,268288,1040.0,1048.0,0,0,0.0,0a04cd84c2e1ea5d656a77ec5b3700001c03737f74c5b78c47147e365a27b5f0,bipolar18-int16-any-overlap-8s-v1
chb02/chb02_01.edf:268288,chb02,chb02,chb02/chb02_01.edf,train,268288,270336,1048.0,1056.0,0,0,0.0,0a04cd84c2e1ea5d656a77ec5b3700001c03737f74c5b78c47147e365a27b5f0,bipolar18-int16-any-overlap-8s-v1
chb02/chb02_01.edf:270336,chb02,chb02,chb02/chb02_01.edf,train,270336,272384,1056.0,1064.0,0,0,0.0,0a04cd84c2e1ea5d656a77ec5b3700001c03737f74c5b78c47147e365a27b5f0,bipolar18-int16-any-overlap-8s-v1
chb02/chb02_01.edf:272384,chb02,chb02,chb02/chb02_01.edf,train,272384,274432,1064.0,1072.0,0,0,0.0,0a04cd84c2e1ea5d656a77ec5b3700001c03737f74c5b78c47147e365a27b5f0,bipolar18-int16-any-overlap-8s-v1
chb02/chb02_01.edf:274432,chb02,chb02,chb02/chb02_01.edf,train,274432,276480,1072.0,1080.0,0,0,0.0,0a04cd84c2e1ea5d656a77ec5b3700001c03737f74c5b78c47147e365a27b5f0,bipolar18-int16-any-overlap-8s-v1
chb02/chb02_01.edf:276480,chb02,chb02,chb02/chb02_01.edf,train,276480,278528,1080.0,1088.0,0,0,0.0,0a04cd84c2e1ea5d656a77ec5b3700001c03737f74c5b78c47147e365a27b5f0,bipolar18-int16-any-overlap-8s-v1
chb02/chb02_01.edf:278528,chb02,chb02,chb02/chb02_01.edf,train,278528,280576,1088.0,1096.0,0,0,0.0,0a04cd84c2e1ea5d656a77ec5b3700001c03737f74c5b78c47147e365a27b5f0,bipolar18-int16-any-overlap-8s-v1
chb02/chb02_01.edf:280576,chb02,chb02,chb02/chb02_01.edf,train,280576,282624,1096.0,1104.0,0,0,0.0,0a04cd84c2e1ea5d656a77ec5b3700001c03737f74c5b78c47147e365a27b5f0,bipolar18-int16-any-overlap-8s-v1
chb02/chb02_01.edf:282624,chb02,chb02,chb02/chb02_01.edf,train,282624,284672,1104.0,1112.0,0,0,0.0,0a04cd84c2e1ea5d656a77ec5b3700001c03737f74c5b78c47147e365a27b5f0,bipolar18-int16-any-overlap-8s-v1
chb02/chb02_01.edf:284672,chb02,chb02,chb02/chb02_01.edf,train,284672,286720,1112.0,1120.0,0,0,0.0,0a04cd84c2e1ea5d656a77ec5b3700001c03737f74c5b78c47147e365a27b5f0,bipolar18-int16-any-overlap-8s-v1
chb02/chb02_01.edf:286720,chb02,chb02,chb02/chb02_01.edf,train,286720,288768,1120.0,1128.0,0,0,0.0,0a04cd84c2e1ea5d656a77ec5b3700001c03737f74c5b78c47147e365a27b5f0,bipolar18-int16-any-overlap-8s-v1
chb02/chb02_01.edf:288768,chb02,chb02,chb02/chb02_01.edf,train,288768,290816,1128.0,1136.0,0,0,0.0,0a04cd84c2e1ea5d656a77ec5b3700001c03737f74c5b78c47147e365a27b5f0,bipolar18-int16-any-overlap-8s-v1
chb02/chb02_01.edf:290816,chb02,chb02,chb02/chb02_01.edf,train,290816,292864,1136.0,1144.0,0,0,0.0,0a04cd84c2e1ea5d656a77ec5b3700001c03737f74c5b78c47147e365a27b5f0,bipolar18-int16-any-overlap-8s-v1
chb02/chb02_01.edf:292864,chb02,chb02,chb02/chb02_01.edf,train,292864,294912,1144.0,1152.0,0,0,0.0,0a04cd84c2e1ea5d656a77ec5b3700001c03737f74c5b78c47147e365a27b5f0,bipolar18-int16-any-overlap-8s-v1
chb02/chb02_01.edf:294912,chb02,chb02,chb02/chb02_01.edf,train,294912,296960,1152.0,1160.0,0,0,0.0,0a04cd84c2e1ea5d656a77ec5b3700001c03737f74c5b78c47147e365a27b5f0,bipolar18-int16-any-overlap-8s-v1
chb02/chb02_01.edf:296960,chb02,chb02,chb02/chb02_01.edf,train,296960,299008,1160.0,1168.0,0,0,0.0,0a04cd84c2e1ea5d656a77ec5b3700001c03737f74c5b78c47147e365a27b5f0,bipolar18-int16-any-overlap-8s-v1
chb02/chb02_01.edf:299008,chb02,chb02,chb02/chb02_01.edf,train,299008,301056,1168.0,1176.0,0,0,0.0,0a04cd84c2e1ea5d656a77ec5b3700001c03737f74c5b78c47147e365a27b5f0,bipolar18-int16-any-overlap-8s-v1
chb02/chb02_01.edf:301056,chb02,chb02,chb02/chb02_01.edf,train,301056,303104,1176.0,1184.0,0,0,0.0,0a04cd84c2e1ea5d656a77ec5b3700001c03737f74c5b78c47147e365a27b5f0,bipolar18-int16-any-overlap-8s-v1
chb02/chb02_01.edf:303104,chb02,chb02,chb02/chb02_01.edf,train,303104,305152,1184.0,1192.0,0,0,0.0,0a04cd84c2e1ea5d656a77ec5b3700001c03737f74c5b78c47147e365a27b5f0,bipolar18-int16-any-overlap-8s-v1
chb02/chb02_01.edf:305152,chb02,chb02,chb02/chb02_01.edf,train,305152,307200,1192.0,1200.0,0,0,0.0,0a04cd84c2e1ea5d656a77ec5b3700001c03737f74c5b78c47147e365a27b5f0,bipolar18-int16-any-overlap-8s-v1
chb02/chb02_01.edf:307200,chb02,chb02,chb02/chb02_01.edf,train,307200,309248,1200.0,1208.0,0,0,0.0,0a04cd84c2e1ea5d656a77ec5b3700001c03737f74c5b78c47147e365a27b5f0,bipolar18-int16-any-overlap-8s-v1
chb02/chb02_01.edf:309248,chb02,chb02,chb02/chb02_01.edf,train,309248,311296,1208.0,1216.0,0,0,0.0,0a04cd84c2e1ea5d656a77ec5b3700001c03737f74c5b78c47147e365a27b5f0,bipolar18-int16-any-overlap-8s-v1
chb02/chb02_01.edf:311296,chb02,chb02,chb02/chb02_01.edf,train,311296,313344,1216.0,1224.0,0,0,0.0,0a04cd84c2e1ea5d656a77ec5b3700001c03737f74c5b78c47147e365a27b5f0,bipolar18-int16-any-overlap-8s-v1
chb02/chb02_01.edf:313344,chb02,chb02,chb02/chb02_01.edf,train,313344,315392,1224.0,1232.0,0,0,0.0,0a04cd84c2e1ea5d656a77ec5b3700001c03737f74c5b78c47147e365a27b5f0,bipolar18-int16-any-overlap-8s-v1
chb02/chb02_01.edf:315392,chb02,chb02,chb02/chb02_01.edf,train,315392,317440,1232.0,1240.0,0,0,0.0,0a04cd84c2e1ea5d656a77ec5b3700001c03737f74c5b78c47147e365a27b5f0,bipolar18-int16-any-overlap-8s-v1
chb02/chb02_01.edf:317440,chb02,chb02,chb02/chb02_01.edf,train,317440,319488,1240.0,1248.0,0,0,0.0,0a04cd84c2e1ea5d656a77ec5b3700001c03737f74c5b78c47147e365a27b5f0,bipolar18-int16-any-overlap-8s-v1
chb02/chb02_01.edf:319488,chb02,chb02,chb02/chb02_01.edf,train,319488,321536,1248.0,1256.0,0,0,0.0,0a04cd84c2e1ea5d656a77ec5b3700001c03737f74c5b78c47147e365a27b5f0,bipolar18-int16-any-overlap-8s-v1
chb02/chb02_01.edf:321536,chb02,chb02,chb02/chb02_01.edf,train,321536,323584,1256.0,1264.0,0,0,0.0,0a04cd84c2e1ea5d656a77ec5b3700001c03737f74c5b78c47147e365a27b5f0,bipolar18-int16-any-overlap-8s-v1
chb02/chb02_01.edf:323584,chb02,chb02,chb02/chb02_01.edf,train,323584,325632,1264.0,1272.0,0,0,0.0,0a04cd84c2e1ea5d656a77ec5b3700001c03737f74c5b78c47147e365a27b5f0,bipolar18-int16-any-overlap-8s-v1
chb02/chb02_01.edf:325632,chb02,chb02,chb02/chb02_01.edf,train,325632,327680,1272.0,1280.0,0,0,0.0,0a04cd84c2e1ea5d656a77ec5b3700001c03737f74c5b78c47147e365a27b5f0,bipolar18-int16-any-overlap-8s-v1
chb02/chb02_01.edf:327680,chb02,chb02,chb02/chb02_01.edf,train,327680,329728,1280.0,1288.0,0,0,0.0,0a04cd84c2e1ea5d656a77ec5b3700001c03737f74c5b78c47147e365a27b5f0,bipolar18-int16-any-overlap-8s-v1
chb02/chb02_01.edf:329728,chb02,chb02,chb02/chb02_01.edf,train,329728,331776,1288.0,1296.0,0,0,0.0,0a04cd84c2e1ea5d656a77ec5b3700001c03737f74c5b78c47147e365a27b5f0,bipolar18-int16-any-overlap-8s-v1
chb02/chb02_01.edf:331776,chb02,chb02,chb02/chb02_01.edf,train,331776,333824,1296.0,1304.0,0,0,0.0,0a04cd84c2e1ea5d656a77ec5b3700001c03737f74c5b78c47147e365a27b5f0,bipolar18-int16-any-overlap-8s-v1
chb02/chb02_01.edf:333824,chb02,chb02,chb02/chb02_01.edf,train,333824,335872,1304.0,1312.0,0,0,0.0,0a04cd84c2e1ea5d656a77ec5b3700001c03737f74c5b78c47147e365a27b5f0,bipolar18-int16-any-overlap-8s-v1
chb02/chb02_01.edf:335872,chb02,chb02,chb02/chb02_01.edf,train,335872,337920,1312.0,1320.0,0,0,0.0,0a04cd84c2e1ea5d656a77ec5b3700001c03737f74c5b78c47147e365a27b5f0,bipolar18-int16-any-overlap-8s-v1
chb02/chb02_01.edf:337920,chb02,chb02,chb02/chb02_01.edf,train,337920,339968,1320.0,1328.0,0,0,0.0,0a04cd84c2e1ea5d656a77ec5b3700001c03737f74c5b78c47147e365a27b5f0,bipolar18-int16-any-overlap-8s-v1
chb02/chb02_01.edf:339968,chb02,chb02,chb02/chb02_01.edf,train,339968,342016,1328.0,1336.0,0,0,0.0,0a04cd84c2e1ea5d656a77ec5b3700001c03737f74c5b78c47147e365a27b5f0,bipolar18-int16-any-overlap-8s-v1
chb02/chb02_01.edf:342016,chb02,chb02,chb02/chb02_01.edf,train,342016,344064,1336.0,1344.0,0,0,0.0,0a04cd84c2e1ea5d656a77ec5b3700001c03737f74c5b78c47147e365a27b5f0,bipolar18-int16-any-overlap-8s-v1
chb02/chb02_01.edf:344064,chb02,chb02,chb02/chb02_01.edf,train,344064,346112,1344.0,1352.0,0,0,0.0,0a04cd84c2e1ea5d656a77ec5b3700001c03737f74c5b78c47147e365a27b5f0,bipolar18-int16-any-overlap-8s-v1
chb02/chb02_01.edf:346112,chb02,chb02,chb02/chb02_01.edf,train,346112,348160,1352.0,1360.0,0,0,0.0,0a04cd84c2e1ea5d656a77ec5b3700001c03737f74c5b78c47147e365a27b5f0,bipolar18-int16-any-overlap-8s-v1
chb02/chb02_01.edf:348160,chb02,chb02,chb02/chb02_01.edf,train,348160,350208,1360.0,1368.0,0,0,0.0,0a04cd84c2e1ea5d656a77ec5b3700001c03737f74c5b78c47147e365a27b5f0,bipolar18-int16-any-overlap-8s-v1
chb02/chb02_01.edf:350208,chb02,chb02,chb02/chb02_01.edf,train,350208,352256,1368.0,1376.0,0,0,0.0,0a04cd84c2e1ea5d656a77ec5b3700001c03737f74c5b78c47147e365a27b5f0,bipolar18-int16-any-overlap-8s-v1
chb02/chb02_01.edf:352256,chb02,chb02,chb02/chb02_01.edf,train,352256,354304,1376.0,1384.0,0,0,0.0,0a04cd84c2e1ea5d656a77ec5b3700001c03737f74c5b78c47147e365a27b5f0,bipolar18-int16-any-overlap-8s-v1
chb02/chb02_01.edf:354304,chb02,chb02,chb02/chb02_01.edf,train,354304,356352,1384.0,1392.0,0,0,0.0,0a04cd84c2e1ea5d656a77ec5b3700001c03737f74c5b78c47147e365a27b5f0,bipolar18-int16-any-overlap-8s-v1
chb02/chb02_01.edf:356352,chb02,chb02,chb02/chb02_01.edf,train,356352,358400,1392.0,1400.0,0,0,0.0,0a04cd84c2e1ea5d656a77ec5b3700001c03737f74c5b78c47147e365a27b5f0,bipolar18-int16-any-overlap-8s-v1
chb02/chb02_01.edf:358400,chb02,chb02,chb02/chb02_01.edf,train,358400,360448,1400.0,1408.0,0,0,0.0,0a04cd84c2e1ea5d656a77ec5b3700001c03737f74c5b78c47147e365a27b5f0,bipolar18-int16-any-overlap-8s-v1
chb02/chb02_01.edf:360448,chb02,chb02,chb02/chb02_01.edf,train,360448,362496,1408.0,1416.0,0,0,0.0,0a04cd84c2e1ea5d656a77ec5b3700001c03737f74c5b78c47147e365a27b5f0,bipolar18-int16-any-overlap-8s-v1
chb02/chb02_01.edf:362496,chb02,chb02,chb02/chb02_01.edf,train,362496,364544,1416.0,1424.0,0,0,0.0,0a04cd84c2e1ea5d656a77ec5b3700001c03737f74c5b78c47147e365a27b5f0,bipolar18-int16-any-overlap-8s-v1
chb02/chb02_01.edf:364544,chb02,chb02,chb02/chb02_01.edf,train,364544,366592,1424.0,1432.0,0,0,0.0,0a04cd84c2e1ea5d656a77ec5b3700001c03737f74c5b78c47147e365a27b5f0,bipolar18-int16-any-overlap-8s-v1
chb02/chb02_01.edf:366592,chb02,chb02,chb02/chb02_01.edf,train,366592,368640,1432.0,1440.0,0,0,0.0,0a04cd84c2e1ea5d656a77ec5b3700001c03737f74c5b78c47147e365a27b5f0,bipolar18-int16-any-overlap-8s-v1
chb02/chb02_01.edf:368640,chb02,chb02,chb02/chb02_01.edf,train,368640,370688,1440.0,1448.0,0,0,0.0,0a04cd84c2e1ea5d656a77ec5b3700001c03737f74c5b78c47147e365a27b5f0,bipolar18-int16-any-overlap-8s-v1
chb02/chb02_01.edf:370688,chb02,chb02,chb02/chb02_01.edf,train,370688,372736,1448.0,1456.0,0,0,0.0,0a04cd84c2e1ea5d656a77ec5b3700001c03737f74c5b78c47147e365a27b5f0,bipolar18-int16-any-overlap-8s-v1
chb02/chb02_01.edf:372736,chb02,chb02,chb02/chb02_01.edf,train,372736,374784,1456.0,1464.0,0,0,0.0,0a04cd84c2e1ea5d656a77ec5b3700001c03737f74c5b78c47147e365a27b5f0,bipolar18-int16-any-overlap-8s-v1
chb02/chb02_01.edf:374784,chb02,chb02,chb02/chb02_01.edf,train,374784,376832,1464.0,1472.0,0,0,0.0,0a04cd84c2e1ea5d656a77ec5b3700001c03737f74c5b78c47147e365a27b5f0,bipolar18-int16-any-overlap-8s-v1
chb02/chb02_01.edf:376832,chb02,chb02,chb02/chb02_01.edf,train,376832,378880,1472.0,1480.0,0,0,0.0,0a04cd84c2e1ea5d656a77ec5b3700001c03737f74c5b78c47147e365a27b5f0,bipolar18-int16-any-overlap-8s-v1
chb02/chb02_01.edf:378880,chb02,chb02,chb02/chb02_01.edf,train,378880,380928,1480.0,1488.0,0,0,0.0,0a04cd84c2e1ea5d656a77ec5b3700001c03737f74c5b78c47147e365a27b5f0,bipolar18-int16-any-overlap-8s-v1
chb02/chb02_01.edf:380928,chb02,chb02,chb02/chb02_01.edf,train,380928,382976,1488.0,1496.0,0,0,0.0,0a04cd84c2e1ea5d656a77ec5b3700001c03737f74c5b78c47147e365a27b5f0,bipolar18-int16-any-overlap-8s-v1
chb02/chb02_01.edf:382976,chb02,chb02,chb02/chb02_01.edf,train,382976,385024,1496.0,1504.0,0,0,0.0,0a04cd84c2e1ea5d656a77ec5b3700001c03737f74c5b78c47147e365a27b5f0,bipolar18-int16-any-overlap-8s-v1
chb02/chb02_01.edf:385024,chb02,chb02,chb02/chb02_01.edf,train,385024,387072,1504.0,1512.0,0,0,0.0,0a04cd84c2e1ea5d656a77ec5b3700001c03737f74c5b78c47147e365a27b5f0,bipolar18-int16-any-overlap-8s-v1
chb02/chb02_01.edf:387072,chb02,chb02,chb02/chb02_01.edf,train,387072,389120,1512.0,1520.0,0,0,0.0,0a04cd84c2e1ea5d656a77ec5b3700001c03737f74c5b78c47147e365a27b5f0,bipolar18-int16-any-overlap-8s-v1
chb02/chb02_01.edf:389120,chb02,chb02,chb02/chb02_01.edf,train,389120,391168,1520.0,1528.0,0,0,0.0,0a04cd84c2e1ea5d656a77ec5b3700001c03737f74c5b78c47147e365a27b5f0,bipolar18-int16-any-overlap-8s-v1
chb02/chb02_01.edf:391168,chb02,chb02,chb02/chb02_01.edf,train,391168,393216,1528.0,1536.0,0,0,0.0,0a04cd84c2e1ea5d656a77ec5b3700001c03737f74c5b78c47147e365a27b5f0,bipolar18-int16-any-overlap-8s-v1
chb02/chb02_01.edf:393216,chb02,chb02,chb02/chb02_01.edf,train,393216,395264,1536.0,1544.0,0,0,0.0,0a04cd84c2e1ea5d656a77ec5b3700001c03737f74c5b78c47147e365a27b5f0,bipolar18-int16-any-overlap-8s-v1
chb02/chb02_01.edf:395264,chb02,chb02,chb02/chb02_01.edf,train,395264,397312,1544.0,1552.0,0,0,0.0,0a04cd84c2e1ea5d656a77ec5b3700001c03737f74c5b78c47147e365a27b5f0,bipolar18-int16-any-overlap-8s-v1
chb02/chb02_01.edf:397312,chb02,chb02,chb02/chb02_01.edf,train,397312,399360,1552.0,1560.0,0,0,0.0,0a04cd84c2e1ea5d656a77ec5b3700001c03737f74c5b78c47147e365a27b5f0,bipolar18-int16-any-overlap-8s-v1
chb02/chb02_01.edf:399360,chb02,chb02,chb02/chb02_01.edf,train,399360,401408,1560.0,1568.0,0,0,0.0,0a04cd84c2e1ea5d656a77ec5b3700001c03737f74c5b78c47147e365a27b5f0,bipolar18-int16-any-overlap-8s-v1
chb02/chb02_01.edf:401408,chb02,chb02,chb02/chb02_01.edf,train,401408,403456,1568.0,1576.0,0,0,0.0,0a04cd84c2e1ea5d656a77ec5b3700001c03737f74c5b78c47147e365a27b5f0,bipolar18-int16-any-overlap-8s-v1
chb02/chb02_01.edf:403456,chb02,chb02,chb02/chb02_01.edf,train,403456,405504,1576.0,1584.0,0,0,0.0,0a04cd84c2e1ea5d656a77ec5b3700001c03737f74c5b78c47147e365a27b5f0,bipolar18-int16-any-overlap-8s-v1
chb02/chb02_01.edf:405504,chb02,chb02,chb02/chb02_01.edf,train,405504,407552,1584.0,1592.0,0,0,0.0,0a04cd84c2e1ea5d656a77ec5b3700001c03737f74c5b78c47147e365a27b5f0,bipolar18-int16-any-overlap-8s-v1
chb02/chb02_01.edf:407552,chb02,chb02,chb02/chb02_01.edf,train,407552,409600,1592.0,1600.0,0,0,0.0,0a04cd84c2e1ea5d656a77ec5b3700001c03737f74c5b78c47147e365a27b5f0,bipolar18-int16-any-overlap-8s-v1
chb02/chb02_01.edf:409600,chb02,chb02,chb02/chb02_01.edf,train,409600,411648,1600.0,1608.0,0,0,0.0,0a04cd84c2e1ea5d656a77ec5b3700001c03737f74c5b78c47147e365a27b5f0,bipolar18-int16-any-overlap-8s-v1
chb02/chb02_01.edf:411648,chb02,chb02,chb02/chb02_01.edf,train,411648,413696,1608.0,1616.0,0,0,0.0,0a04cd84c2e1ea5d656a77ec5b3700001c03737f74c5b78c47147e365a27b5f0,bipolar18-int16-any-overlap-8s-v1
chb02/chb02_01.edf:413696,chb02,chb02,chb02/chb02_01.edf,train,413696,415744,1616.0,1624.0,0,0,0.0,0a04cd84c2e1ea5d656a77ec5b3700001c03737f74c5b78c47147e365a27b5f0,bipolar18-int16-any-overlap-8s-v1
chb02/chb02_01.edf:415744,chb02,chb02,chb02/chb02_01.edf,train,415744,417792,1624.0,1632.0,0,0,0.0,0a04cd84c2e1ea5d656a77ec5b3700001c03737f74c5b78c47147e365a27b5f0,bipolar18-int16-any-overlap-8s-v1
chb02/chb02_01.edf:417792,chb02,chb02,chb02/chb02_01.edf,train,417792,419840,1632.0,1640.0,0,0,0.0,0a04cd84c2e1ea5d656a77ec5b3700001c03737f74c5b78c47147e365a27b5f0,bipolar18-int16-any-overlap-8s-v1
chb02/chb02_01.edf:419840,chb02,chb02,chb02/chb02_01.edf,train,419840,421888,1640.0,1648.0,0,0,0.0,0a04cd84c2e1ea5d656a77ec5b3700001c03737f74c5b78c47147e365a27b5f0,bipolar18-int16-any-overlap-8s-v1
chb02/chb02_01.edf:421888,chb02,chb02,chb02/chb02_01.edf,train,421888,423936,1648.0,1656.0,0,0,0.0,0a04cd84c2e1ea5d656a77ec5b3700001c03737f74c5b78c47147e365a27b5f0,bipolar18-int16-any-overlap-8s-v1
chb02/chb02_01.edf:423936,chb02,chb02,chb02/chb02_01.edf,train,423936,425984,1656.0,1664.0,0,0,0.0,0a04cd84c2e1ea5d656a77ec5b3700001c03737f74c5b78c47147e365a27b5f0,bipolar18-int16-any-overlap-8s-v1
chb02/chb02_01.edf:425984,chb02,chb02,chb02/chb02_01.edf,train,425984,428032,1664.0,1672.0,0,0,0.0,0a04cd84c2e1ea5d656a77ec5b3700001c03737f74c5b78c47147e365a27b5f0,bipolar18-int16-any-overlap-8s-v1
chb02/chb02_01.edf:428032,chb02,chb02,chb02/chb02_01.edf,train,428032,430080,1672.0,1680.0,0,0,0.0,0a04cd84c2e1ea5d656a77ec5b3700001c03737f74c5b78c47147e365a27b5f0,bipolar18-int16-any-overlap-8s-v1
chb02/chb02_01.edf:430080,chb02,chb02,chb02/chb02_01.edf,train,430080,432128,1680.0,1688.0,0,0,0.0,0a04cd84c2e1ea5d656a77ec5b3700001c03737f74c5b78c47147e365a27b5f0,bipolar18-int16-any-overlap-8s-v1
chb02/chb02_01.edf:432128,chb02,chb02,chb02/chb02_01.edf,train,432128,434176,1688.0,1696.0,0,0,0.0,0a04cd84c2e1ea5d656a77ec5b3700001c03737f74c5b78c47147e365a27b5f0,bipolar18-int16-any-overlap-8s-v1
chb02/chb02_01.edf:434176,chb02,chb02,chb02/chb02_01.edf,train,434176,436224,1696.0,1704.0,0,0,0.0,0a04cd84c2e1ea5d656a77ec5b3700001c03737f74c5b78c47147e365a27b5f0,bipolar18-int16-any-overlap-8s-v1
chb02/chb02_01.edf:436224,chb02,chb02,chb02/chb02_01.edf,train,436224,438272,1704.0,1712.0,0,0,0.0,0a04cd84c2e1ea5d656a77ec5b3700001c03737f74c5b78c47147e365a27b5f0,bipolar18-int16-any-overlap-8s-v1
chb02/chb02_01.edf:438272,chb02,chb02,chb02/chb02_01.edf,train,438272,440320,1712.0,1720.0,0,0,0.0,0a04cd84c2e1ea5d656a77ec5b3700001c03737f74c5b78c47147e365a27b5f0,bipolar18-int16-any-overlap-8s-v1
chb02/chb02_01.edf:440320,chb02,chb02,chb02/chb02_01.edf,train,440320,442368,1720.0,1728.0,0,0,0.0,0a04cd84c2e1ea5d656a77ec5b3700001c03737f74c5b78c47147e365a27b5f0,bipolar18-int16-any-overlap-8s-v1
chb02/chb02_01.edf:442368,chb02,chb02,chb02/chb02_01.edf,train,442368,444416,1728.0,1736.0,0,0,0.0,0a04cd84c2e1ea5d656a77ec5b3700001c03737f74c5b78c47147e365a27b5f0,bipolar18-int16-any-overlap-8s-v1
chb02/chb02_01.edf:444416,chb02,chb02,chb02/chb02_01.edf,train,444416,446464,1736.0,1744.0,0,0,0.0,0a04cd84c2e1ea5d656a77ec5b3700001c03737f74c5b78c47147e365a27b5f0,bipolar18-int16-any-overlap-8s-v1
chb02/chb02_01.edf:446464,chb02,chb02,chb02/chb02_01.edf,train,446464,448512,1744.0,1752.0,0,0,0.0,0a04cd84c2e1ea5d656a77ec5b3700001c03737f74c5b78c47147e365a27b5f0,bipolar18-int16-any-overlap-8s-v1
chb02/chb02_01.edf:448512,chb02,chb02,chb02/chb02_01.edf,train,448512,450560,1752.0,1760.0,0,0,0.0,0a04cd84c2e1ea5d656a77ec5b3700001c03737f74c5b78c47147e365a27b5f0,bipolar18-int16-any-overlap-8s-v1
chb02/chb02_01.edf:450560,chb02,chb02,chb02/chb02_01.edf,train,450560,452608,1760.0,1768.0,0,0,0.0,0a04cd84c2e1ea5d656a77ec5b3700001c03737f74c5b78c47147e365a27b5f0,bipolar18-int16-any-overlap-8s-v1
chb02/chb02_01.edf:452608,chb02,chb02,chb02/chb02_01.edf,train,452608,454656,1768.0,1776.0,0,0,0.0,0a04cd84c2e1ea5d656a77ec5b3700001c03737f74c5b78c47147e365a27b5f0,bipolar18-int16-any-overlap-8s-v1
chb02/chb02_01.edf:454656,chb02,chb02,chb02/chb02_01.edf,train,454656,456704,1776.0,1784.0,0,0,0.0,0a04cd84c2e1ea5d656a77ec5b3700001c03737f74c5b78c47147e365a27b5f0,bipolar18-int16-any-overlap-8s-v1
chb02/chb02_01.edf:456704,chb02,chb02,chb02/chb02_01.edf,train,456704,458752,1784.0,1792.0,0,0,0.0,0a04cd84c2e1ea5d656a77ec5b3700001c03737f74c5b78c47147e365a27b5f0,bipolar18-int16-any-overlap-8s-v1
chb02/chb02_01.edf:458752,chb02,chb02,chb02/chb02_01.edf,train,458752,460800,1792.0,1800.0,0,0,0.0,0a04cd84c2e1ea5d656a77ec5b3700001c03737f74c5b78c47147e365a27b5f0,bipolar18-int16-any-overlap-8s-v1
chb02/chb02_01.edf:460800,chb02,chb02,chb02/chb02_01.edf,train,460800,462848,1800.0,1808.0,0,0,0.0,0a04cd84c2e1ea5d656a77ec5b3700001c03737f74c5b78c47147e365a27b5f0,bipolar18-int16-any-overlap-8s-v1
chb02/chb02_01.edf:462848,chb02,chb02,chb02/chb02_01.edf,train,462848,464896,1808.0,1816.0,0,0,0.0,0a04cd84c2e1ea5d656a77ec5b3700001c03737f74c5b78c47147e365a27b5f0,bipolar18-int16-any-overlap-8s-v1
chb02/chb02_01.edf:464896,chb02,chb02,chb02/chb02_01.edf,train,464896,466944,1816.0,1824.0,0,0,0.0,0a04cd84c2e1ea5d656a77ec5b3700001c03737f74c5b78c47147e365a27b5f0,bipolar18-int16-any-overlap-8s-v1
chb02/chb02_01.edf:466944,chb02,chb02,chb02/chb02_01.edf,train,466944,468992,1824.0,1832.0,0,0,0.0,0a04cd84c2e1ea5d656a77ec5b3700001c03737f74c5b78c47147e365a27b5f0,bipolar18-int16-any-overlap-8s-v1
chb02/chb02_01.edf:468992,chb02,chb02,chb02/chb02_01.edf,train,468992,471040,1832.0,1840.0,0,0,0.0,0a04cd84c2e1ea5d656a77ec5b3700001c03737f74c5b78c47147e365a27b5f0,bipolar18-int16-any-overlap-8s-v1
chb02/chb02_01.edf:471040,chb02,chb02,chb02/chb02_01.edf,train,471040,473088,1840.0,1848.0,0,0,0.0,0a04cd84c2e1ea5d656a77ec5b3700001c03737f74c5b78c47147e365a27b5f0,bipolar18-int16-any-overlap-8s-v1
chb02/chb02_01.edf:473088,chb02,chb02,chb02/chb02_01.edf,train,473088,475136,1848.0,1856.0,0,0,0.0,0a04cd84c2e1ea5d656a77ec5b3700001c03737f74c5b78c47147e365a27b5f0,bipolar18-int16-any-overlap-8s-v1
chb02/chb02_01.edf:475136,chb02,chb02,chb02/chb02_01.edf,train,475136,477184,1856.0,1864.0,0,0,0.0,0a04cd84c2e1ea5d656a77ec5b3700001c03737f74c5b78c47147e365a27b5f0,bipolar18-int16-any-overlap-8s-v1
chb02/chb02_01.edf:477184,chb02,chb02,chb02/chb02_01.edf,train,477184,479232,1864.0,1872.0,0,0,0.0,0a04cd84c2e1ea5d656a77ec5b3700001c03737f74c5b78c47147e365a27b5f0,bipolar18-int16-any-overlap-8s-v1
chb02/chb02_01.edf:479232,chb02,chb02,chb02/chb02_01.edf,train,479232,481280,1872.0,1880.0,0,0,0.0,0a04cd84c2e1ea5d656a77ec5b3700001c03737f74c5b78c47147e365a27b5f0,bipolar18-int16-any-overlap-8s-v1
chb02/chb02_01.edf:481280,chb02,chb02,chb02/chb02_01.edf,train,481280,483328,1880.0,1888.0,0,0,0.0,0a04cd84c2e1ea5d656a77ec5b3700001c03737f74c5b78c47147e365a27b5f0,bipolar18-int16-any-overlap-8s-v1
chb02/chb02_01.edf:483328,chb02,chb02,chb02/chb02_01.edf,train,483328,485376,1888.0,1896.0,0,0,0.0,0a04cd84c2e1ea5d656a77ec5b3700001c03737f74c5b78c47147e365a27b5f0,bipolar18-int16-any-overlap-8s-v1
chb02/chb02_01.edf:485376,chb02,chb02,chb02/chb02_01.edf,train,485376,487424,1896.0,1904.0,0,0,0.0,0a04cd84c2e1ea5d656a77ec5b3700001c03737f74c5b78c47147e365a27b5f0,bipolar18-int16-any-overlap-8s-v1
chb02/chb02_01.edf:487424,chb02,chb02,chb02/chb02_01.edf,train,487424,489472,1904.0,1912.0,0,0,0.0,0a04cd84c2e1ea5d656a77ec5b3700001c03737f74c5b78c47147e365a27b5f0,bipolar18-int16-any-overlap-8s-v1
chb02/chb02_01.edf:489472,chb02,chb02,chb02/chb02_01.edf,train,489472,491520,1912.0,1920.0,0,0,0.0,0a04cd84c2e1ea5d656a77ec5b3700001c03737f74c5b78c47147e365a27b5f0,bipolar18-int16-any-overlap-8s-v1
chb02/chb02_01.edf:491520,chb02,chb02,chb02/chb02_01.edf,train,491520,493568,1920.0,1928.0,0,0,0.0,0a04cd84c2e1ea5d656a77ec5b3700001c03737f74c5b78c47147e365a27b5f0,bipolar18-int16-any-overlap-8s-v1
chb02/chb02_01.edf:493568,chb02,chb02,chb02/chb02_01.edf,train,493568,495616,1928.0,1936.0,0,0,0.0,0a04cd84c2e1ea5d656a77ec5b3700001c03737f74c5b78c47147e365a27b5f0,bipolar18-int16-any-overlap-8s-v1
chb02/chb02_01.edf:495616,chb02,chb02,chb02/chb02_01.edf,train,495616,497664,1936.0,1944.0,0,0,0.0,0a04cd84c2e1ea5d656a77ec5b3700001c03737f74c5b78c47147e365a27b5f0,bipolar18-int16-any-overlap-8s-v1
chb02/chb02_01.edf:497664,chb02,chb02,chb02/chb02_01.edf,train,497664,499712,1944.0,1952.0,0,0,0.0,0a04cd84c2e1ea5d656a77ec5b3700001c03737f74c5b78c47147e365a27b5f0,bipolar18-int16-any-overlap-8s-v1
chb02/chb02_01.edf:499712,chb02,chb02,chb02/chb02_01.edf,train,499712,501760,1952.0,1960.0,0,0,0.0,0a04cd84c2e1ea5d656a77ec5b3700001c03737f74c5b78c47147e365a27b5f0,bipolar18-int16-any-overlap-8s-v1
chb02/chb02_01.edf:501760,chb02,chb02,chb02/chb02_01.edf,train,501760,503808,1960.0,1968.0,0,0,0.0,0a04cd84c2e1ea5d656a77ec5b3700001c03737f74c5b78c47147e365a27b5f0,bipolar18-int16-any-overlap-8s-v1
chb02/chb02_01.edf:503808,chb02,chb02,chb02/chb02_01.edf,train,503808,505856,1968.0,1976.0,0,0,0.0,0a04cd84c2e1ea5d656a77ec5b3700001c03737f74c5b78c47147e365a27b5f0,bipolar18-int16-any-overlap-8s-v1
chb02/chb02_01.edf:505856,chb02,chb02,chb02/chb02_01.edf,train,505856,507904,1976.0,1984.0,0,0,0.0,0a04cd84c2e1ea5d656a77ec5b3700001c03737f74c5b78c47147e365a27b5f0,bipolar18-int16-any-overlap-8s-v1
chb02/chb02_01.edf:507904,chb02,chb02,chb02/chb02_01.edf,train,507904,509952,1984.0,1992.0,0,0,0.0,0a04cd84c2e1ea5d656a77ec5b3700001c03737f74c5b78c47147e365a27b5f0,bipolar18-int16-any-overlap-8s-v1
chb02/chb02_01.edf:509952,chb02,chb02,chb02/chb02_01.edf,train,509952,512000,1992.0,2000.0,0,0,0.0,0a04cd84c2e1ea5d656a77ec5b3700001c03737f74c5b78c47147e365a27b5f0,bipolar18-int16-any-overlap-8s-v1
chb02/chb02_01.edf:512000,chb02,chb02,chb02/chb02_01.edf,train,512000,514048,2000.0,2008.0,0,0,0.0,0a04cd84c2e1ea5d656a77ec5b3700001c03737f74c5b78c47147e365a27b5f0,bipolar18-int16-any-overlap-8s-v1
chb02/chb02_01.edf:514048,chb02,chb02,chb02/chb02_01.edf,train,514048,516096,2008.0,2016.0,0,0,0.0,0a04cd84c2e1ea5d656a77ec5b3700001c03737f74c5b78c47147e365a27b5f0,bipolar18-int16-any-overlap-8s-v1
chb02/chb02_01.edf:516096,chb02,chb02,chb02/chb02_01.edf,train,516096,518144,2016.0,2024.0,0,0,0.0,0a04cd84c2e1ea5d656a77ec5b3700001c03737f74c5b78c47147e365a27b5f0,bipolar18-int16-any-overlap-8s-v1
chb02/chb02_01.edf:518144,chb02,chb02,chb02/chb02_01.edf,train,518144,520192,2024.0,2032.0,0,0,0.0,0a04cd84c2e1ea5d656a77ec5b3700001c03737f74c5b78c47147e365a27b5f0,bipolar18-int16-any-overlap-8s-v1
chb02/chb02_01.edf:520192,chb02,chb02,chb02/chb02_01.edf,train,520192,522240,2032.0,2040.0,0,0,0.0,0a04cd84c2e1ea5d656a77ec5b3700001c03737f74c5b78c47147e365a27b5f0,bipolar18-int16-any-overlap-8s-v1
chb02/chb02_01.edf:522240,chb02,chb02,chb02/chb02_01.edf,train,522240,524288,2040.0,2048.0,0,0,0.0,0a04cd84c2e1ea5d656a77ec5b3700001c03737f74c5b78c47147e365a27b5f0,bipolar18-int16-any-overlap-8s-v1
chb02/chb02_01.edf:524288,chb02,chb02,chb02/chb02_01.edf,train,524288,526336,2048.0,2056.0,0,0,0.0,0a04cd84c2e1ea5d656a77ec5b3700001c03737f74c5b78c47147e365a27b5f0,bipolar18-int16-any-overlap-8s-v1
chb02/chb02_01.edf:526336,chb02,chb02,chb02/chb02_01.edf,train,526336,528384,2056.0,2064.0,0,0,0.0,0a04cd84c2e1ea5d656a77ec5b3700001c03737f74c5b78c47147e365a27b5f0,bipolar18-int16-any-overlap-8s-v1
chb02/chb02_01.edf:528384,chb02,chb02,chb02/chb02_01.edf,train,528384,530432,2064.0,2072.0,0,0,0.0,0a04cd84c2e1ea5d656a77ec5b3700001c03737f74c5b78c47147e365a27b5f0,bipolar18-int16-any-overlap-8s-v1
chb02/chb02_01.edf:530432,chb02,chb02,chb02/chb02_01.edf,train,530432,532480,2072.0,2080.0,0,0,0.0,0a04cd84c2e1ea5d656a77ec5b3700001c03737f74c5b78c47147e365a27b5f0,bipolar18-int16-any-overlap-8s-v1
chb02/chb02_01.edf:532480,chb02,chb02,chb02/chb02_01.edf,train,532480,534528,2080.0,2088.0,0,0,0.0,0a04cd84c2e1ea5d656a77ec5b3700001c03737f74c5b78c47147e365a27b5f0,bipolar18-int16-any-overlap-8s-v1
chb02/chb02_01.edf:534528,chb02,chb02,chb02/chb02_01.edf,train,534528,536576,2088.0,2096.0,0,0,0.0,0a04cd84c2e1ea5d656a77ec5b3700001c03737f74c5b78c47147e365a27b5f0,bipolar18-int16-any-overlap-8s-v1
chb02/chb02_01.edf:536576,chb02,chb02,chb02/chb02_01.edf,train,536576,538624,2096.0,2104.0,0,0,0.0,0a04cd84c2e1ea5d656a77ec5b3700001c03737f74c5b78c47147e365a27b5f0,bipolar18-int16-any-overlap-8s-v1
chb02/chb02_01.edf:538624,chb02,chb02,chb02/chb02_01.edf,train,538624,540672,2104.0,2112.0,0,0,0.0,0a04cd84c2e1ea5d656a77ec5b3700001c03737f74c5b78c47147e365a27b5f0,bipolar18-int16-any-overlap-8s-v1
chb02/chb02_01.edf:540672,chb02,chb02,chb02/chb02_01.edf,train,540672,542720,2112.0,2120.0,0,0,0.0,0a04cd84c2e1ea5d656a77ec5b3700001c03737f74c5b78c47147e365a27b5f0,bipolar18-int16-any-overlap-8s-v1
chb02/chb02_01.edf:542720,chb02,chb02,chb02/chb02_01.edf,train,542720,544768,2120.0,2128.0,0,0,0.0,0a04cd84c2e1ea5d656a77ec5b3700001c03737f74c5b78c47147e365a27b5f0,bipolar18-int16-any-overlap-8s-v1
chb02/chb02_01.edf:544768,chb02,chb02,chb02/chb02_01.edf,train,544768,546816,2128.0,2136.0,0,0,0.0,0a04cd84c2e1ea5d656a77ec5b3700001c03737f74c5b78c47147e365a27b5f0,bipolar18-int16-any-overlap-8s-v1
chb02/chb02_01.edf:546816,chb02,chb02,chb02/chb02_01.edf,train,546816,548864,2136.0,2144.0,0,0,0.0,0a04cd84c2e1ea5d656a77ec5b3700001c03737f74c5b78c47147e365a27b5f0,bipolar18-int16-any-overlap-8s-v1
chb02/chb02_01.edf:548864,chb02,chb02,chb02/chb02_01.edf,train,548864,550912,2144.0,2152.0,0,0,0.0,0a04cd84c2e1ea5d656a77ec5b3700001c03737f74c5b78c47147e365a27b5f0,bipolar18-int16-any-overlap-8s-v1
chb02/chb02_01.edf:550912,chb02,chb02,chb02/chb02_01.edf,train,550912,552960,2152.0,2160.0,0,0,0.0,0a04cd84c2e1ea5d656a77ec5b3700001c03737f74c5b78c47147e365a27b5f0,bipolar18-int16-any-overlap-8s-v1
chb02/chb02_01.edf:552960,chb02,chb02,chb02/chb02_01.edf,train,552960,555008,2160.0,2168.0,0,0,0.0,0a04cd84c2e1ea5d656a77ec5b3700001c03737f74c5b78c47147e365a27b5f0,bipolar18-int16-any-overlap-8s-v1
chb02/chb02_01.edf:555008,chb02,chb02,chb02/chb02_01.edf,train,555008,557056,2168.0,2176.0,0,0,0.0,0a04cd84c2e1ea5d656a77ec5b3700001c03737f74c5b78c47147e365a27b5f0,bipolar18-int16-any-overlap-8s-v1
chb02/chb02_01.edf:557056,chb02,chb02,chb02/chb02_01.edf,train,557056,559104,2176.0,2184.0,0,0,0.0,0a04cd84c2e1ea5d656a77ec5b3700001c03737f74c5b78c47147e365a27b5f0,bipolar18-int16-any-overlap-8s-v1
chb02/chb02_01.edf:559104,chb02,chb02,chb02/chb02_01.edf,train,559104,561152,2184.0,2192.0,0,0,0.0,0a04cd84c2e1ea5d656a77ec5b3700001c03737f74c5b78c47147e365a27b5f0,bipolar18-int16-any-overlap-8s-v1
chb02/chb02_01.edf:561152,chb02,chb02,chb02/chb02_01.edf,train,561152,563200,2192.0,2200.0,0,0,0.0,0a04cd84c2e1ea5d656a77ec5b3700001c03737f74c5b78c47147e365a27b5f0,bipolar18-int16-any-overlap-8s-v1
chb02/chb02_01.edf:563200,chb02,chb02,chb02/chb02_01.edf,train,563200,565248,2200.0,2208.0,0,0,0.0,0a04cd84c2e1ea5d656a77ec5b3700001c03737f74c5b78c47147e365a27b5f0,bipolar18-int16-any-overlap-8s-v1
chb02/chb02_01.edf:565248,chb02,chb02,chb02/chb02_01.edf,train,565248,567296,2208.0,2216.0,0,0,0.0,0a04cd84c2e1ea5d656a77ec5b3700001c03737f74c5b78c47147e365a27b5f0,bipolar18-int16-any-overlap-8s-v1
chb02/chb02_01.edf:567296,chb02,chb02,chb02/chb02_01.edf,train,567296,569344,2216.0,2224.0,0,0,0.0,0a04cd84c2e1ea5d656a77ec5b3700001c03737f74c5b78c47147e365a27b5f0,bipolar18-int16-any-overlap-8s-v1
chb02/chb02_01.edf:569344,chb02,chb02,chb02/chb02_01.edf,train,569344,571392,2224.0,2232.0,0,0,0.0,0a04cd84c2e1ea5d656a77ec5b3700001c03737f74c5b78c47147e365a27b5f0,bipolar18-int16-any-overlap-8s-v1
chb02/chb02_01.edf:571392,chb02,chb02,chb02/chb02_01.edf,train,571392,573440,2232.0,2240.0,0,0,0.0,0a04cd84c2e1ea5d656a77ec5b3700001c03737f74c5b78c47147e365a27b5f0,bipolar18-int16-any-overlap-8s-v1
chb02/chb02_01.edf:573440,chb02,chb02,chb02/chb02_01.edf,train,573440,575488,2240.0,2248.0,0,0,0.0,0a04cd84c2e1ea5d656a77ec5b3700001c03737f74c5b78c47147e365a27b5f0,bipolar18-int16-any-overlap-8s-v1
chb02/chb02_01.edf:575488,chb02,chb02,chb02/chb02_01.edf,train,575488,577536,2248.0,2256.0,0,0,0.0,0a04cd84c2e1ea5d656a77ec5b3700001c03737f74c5b78c47147e365a27b5f0,bipolar18-int16-any-overlap-8s-v1
chb02/chb02_01.edf:577536,chb02,chb02,chb02/chb02_01.edf,train,577536,579584,2256.0,2264.0,0,0,0.0,0a04cd84c2e1ea5d656a77ec5b3700001c03737f74c5b78c47147e365a27b5f0,bipolar18-int16-any-overlap-8s-v1
chb02/chb02_01.edf:579584,chb02,chb02,chb02/chb02_01.edf,train,579584,581632,2264.0,2272.0,0,0,0.0,0a04cd84c2e1ea5d656a77ec5b3700001c03737f74c5b78c47147e365a27b5f0,bipolar18-int16-any-overlap-8s-v1
chb02/chb02_01.edf:581632,chb02,chb02,chb02/chb02_01.edf,train,581632,583680,2272.0,2280.0,0,0,0.0,0a04cd84c2e1ea5d656a77ec5b3700001c03737f74c5b78c47147e365a27b5f0,bipolar18-int16-any-overlap-8s-v1
chb02/chb02_01.edf:583680,chb02,chb02,chb02/chb02_01.edf,train,583680,585728,2280.0,2288.0,0,0,0.0,0a04cd84c2e1ea5d656a77ec5b3700001c03737f74c5b78c47147e365a27b5f0,bipolar18-int16-any-overlap-8s-v1
chb02/chb02_01.edf:585728,chb02,chb02,chb02/chb02_01.edf,train,585728,587776,2288.0,2296.0,0,0,0.0,0a04cd84c2e1ea5d656a77ec5b3700001c03737f74c5b78c47147e365a27b5f0,bipolar18-int16-any-overlap-8s-v1
chb02/chb02_01.edf:587776,chb02,chb02,chb02/chb02_01.edf,train,587776,589824,2296.0,2304.0,0,0,0.0,0a04cd84c2e1ea5d656a77ec5b3700001c03737f74c5b78c47147e365a27b5f0,bipolar18-int16-any-overlap-8s-v1
chb02/chb02_01.edf:589824,chb02,chb02,chb02/chb02_01.edf,train,589824,591872,2304.0,2312.0,0,0,0.0,0a04cd84c2e1ea5d656a77ec5b3700001c03737f74c5b78c47147e365a27b5f0,bipolar18-int16-any-overlap-8s-v1
chb02/chb02_01.edf:591872,chb02,chb02,chb02/chb02_01.edf,train,591872,593920,2312.0,2320.0,0,0,0.0,0a04cd84c2e1ea5d656a77ec5b3700001c03737f74c5b78c47147e365a27b5f0,bipolar18-int16-any-overlap-8s-v1
chb02/chb02_01.edf:593920,chb02,chb02,chb02/chb02_01.edf,train,593920,595968,2320.0,2328.0,0,0,0.0,0a04cd84c2e1ea5d656a77ec5b3700001c03737f74c5b78c47147e365a27b5f0,bipolar18-int16-any-overlap-8s-v1
chb02/chb02_01.edf:595968,chb02,chb02,chb02/chb02_01.edf,train,595968,598016,2328.0,2336.0,0,0,0.0,0a04cd84c2e1ea5d656a77ec5b3700001c03737f74c5b78c47147e365a27b5f0,bipolar18-int16-any-overlap-8s-v1
chb02/chb02_01.edf:598016,chb02,chb02,chb02/chb02_01.edf,train,598016,600064,2336.0,2344.0,0,0,0.0,0a04cd84c2e1ea5d656a77ec5b3700001c03737f74c5b78c47147e365a27b5f0,bipolar18-int16-any-overlap-8s-v1
chb02/chb02_01.edf:600064,chb02,chb02,chb02/chb02_01.edf,train,600064,602112,2344.0,2352.0,0,0,0.0,0a04cd84c2e1ea5d656a77ec5b3700001c03737f74c5b78c47147e365a27b5f0,bipolar18-int16-any-overlap-8s-v1
chb02/chb02_01.edf:602112,chb02,chb02,chb02/chb02_01.edf,train,602112,604160,2352.0,2360.0,0,0,0.0,0a04cd84c2e1ea5d656a77ec5b3700001c03737f74c5b78c47147e365a27b5f0,bipolar18-int16-any-overlap-8s-v1
chb02/chb02_01.edf:604160,chb02,chb02,chb02/chb02_01.edf,train,604160,606208,2360.0,2368.0,0,0,0.0,0a04cd84c2e1ea5d656a77ec5b3700001c03737f74c5b78c47147e365a27b5f0,bipolar18-int16-any-overlap-8s-v1
chb02/chb02_01.edf:606208,chb02,chb02,chb02/chb02_01.edf,train,606208,608256,2368.0,2376.0,0,0,0.0,0a04cd84c2e1ea5d656a77ec5b3700001c03737f74c5b78c47147e365a27b5f0,bipolar18-int16-any-overlap-8s-v1
chb02/chb02_01.edf:608256,chb02,chb02,chb02/chb02_01.edf,train,608256,610304,2376.0,2384.0,0,0,0.0,0a04cd84c2e1ea5d656a77ec5b3700001c03737f74c5b78c47147e365a27b5f0,bipolar18-int16-any-overlap-8s-v1
chb02/chb02_01.edf:610304,chb02,chb02,chb02/chb02_01.edf,train,610304,612352,2384.0,2392.0,0,0,0.0,0a04cd84c2e1ea5d656a77ec5b3700001c03737f74c5b78c47147e365a27b5f0,bipolar18-int16-any-overlap-8s-v1
chb02/chb02_01.edf:612352,chb02,chb02,chb02/chb02_01.edf,train,612352,614400,2392.0,2400.0,0,0,0.0,0a04cd84c2e1ea5d656a77ec5b3700001c03737f74c5b78c47147e365a27b5f0,bipolar18-int16-any-overlap-8s-v1
chb02/chb02_01.edf:614400,chb02,chb02,chb02/chb02_01.edf,train,614400,616448,2400.0,2408.0,0,0,0.0,0a04cd84c2e1ea5d656a77ec5b3700001c03737f74c5b78c47147e365a27b5f0,bipolar18-int16-any-overlap-8s-v1
chb02/chb02_01.edf:616448,chb02,chb02,chb02/chb02_01.edf,train,616448,618496,2408.0,2416.0,0,0,0.0,0a04cd84c2e1ea5d656a77ec5b3700001c03737f74c5b78c47147e365a27b5f0,bipolar18-int16-any-overlap-8s-v1
chb02/chb02_01.edf:618496,chb02,chb02,chb02/chb02_01.edf,train,618496,620544,2416.0,2424.0,0,0,0.0,0a04cd84c2e1ea5d656a77ec5b3700001c03737f74c5b78c47147e365a27b5f0,bipolar18-int16-any-overlap-8s-v1
chb02/chb02_01.edf:620544,chb02,chb02,chb02/chb02_01.edf,train,620544,622592,2424.0,2432.0,0,0,0.0,0a04cd84c2e1ea5d656a77ec5b3700001c03737f74c5b78c47147e365a27b5f0,bipolar18-int16-any-overlap-8s-v1
chb02/chb02_01.edf:622592,chb02,chb02,chb02/chb02_01.edf,train,622592,624640,2432.0,2440.0,0,0,0.0,0a04cd84c2e1ea5d656a77ec5b3700001c03737f74c5b78c47147e365a27b5f0,bipolar18-int16-any-overlap-8s-v1
chb02/chb02_01.edf:624640,chb02,chb02,chb02/chb02_01.edf,train,624640,626688,2440.0,2448.0,0,0,0.0,0a04cd84c2e1ea5d656a77ec5b3700001c03737f74c5b78c47147e365a27b5f0,bipolar18-int16-any-overlap-8s-v1
chb02/chb02_01.edf:626688,chb02,chb02,chb02/chb02_01.edf,train,626688,628736,2448.0,2456.0,0,0,0.0,0a04cd84c2e1ea5d656a77ec5b3700001c03737f74c5b78c47147e365a27b5f0,bipolar18-int16-any-overlap-8s-v1
chb02/chb02_01.edf:628736,chb02,chb02,chb02/chb02_01.edf,train,628736,630784,2456.0,2464.0,0,0,0.0,0a04cd84c2e1ea5d656a77ec5b3700001c03737f74c5b78c47147e365a27b5f0,bipolar18-int16-any-overlap-8s-v1
chb02/chb02_01.edf:630784,chb02,chb02,chb02/chb02_01.edf,train,630784,632832,2464.0,2472.0,0,0,0.0,0a04cd84c2e1ea5d656a77ec5b3700001c03737f74c5b78c47147e365a27b5f0,bipolar18-int16-any-overlap-8s-v1
chb02/chb02_01.edf:632832,chb02,chb02,chb02/chb02_01.edf,train,632832,634880,2472.0,2480.0,0,0,0.0,0a04cd84c2e1ea5d656a77ec5b3700001c03737f74c5b78c47147e365a27b5f0,bipolar18-int16-any-overlap-8s-v1
chb02/chb02_01.edf:634880,chb02,chb02,chb02/chb02_01.edf,train,634880,636928,2480.0,2488.0,0,0,0.0,0a04cd84c2e1ea5d656a77ec5b3700001c03737f74c5b78c47147e365a27b5f0,bipolar18-int16-any-overlap-8s-v1
chb02/chb02_01.edf:636928,chb02,chb02,chb02/chb02_01.edf,train,636928,638976,2488.0,2496.0,0,0,0.0,0a04cd84c2e1ea5d656a77ec5b3700001c03737f74c5b78c47147e365a27b5f0,bipolar18-int16-any-overlap-8s-v1
chb02/chb02_01.edf:638976,chb02,chb02,chb02/chb02_01.edf,train,638976,641024,2496.0,2504.0,0,0,0.0,0a04cd84c2e1ea5d656a77ec5b3700001c03737f74c5b78c47147e365a27b5f0,bipolar18-int16-any-overlap-8s-v1
chb02/chb02_01.edf:641024,chb02,chb02,chb02/chb02_01.edf,train,641024,643072,2504.0,2512.0,0,0,0.0,0a04cd84c2e1ea5d656a77ec5b3700001c03737f74c5b78c47147e365a27b5f0,bipolar18-int16-any-overlap-8s-v1
chb02/chb02_01.edf:643072,chb02,chb02,chb02/chb02_01.edf,train,643072,645120,2512.0,2520.0,0,0,0.0,0a04cd84c2e1ea5d656a77ec5b3700001c03737f74c5b78c47147e365a27b5f0,bipolar18-int16-any-overlap-8s-v1
chb02/chb02_01.edf:645120,chb02,chb02,chb02/chb02_01.edf,train,645120,647168,2520.0,2528.0,0,0,0.0,0a04cd84c2e1ea5d656a77ec5b3700001c03737f74c5b78c47147e365a27b5f0,bipolar18-int16-any-overlap-8s-v1
chb02/chb02_01.edf:647168,chb02,chb02,chb02/chb02_01.edf,train,647168,649216,2528.0,2536.0,0,0,0.0,0a04cd84c2e1ea5d656a77ec5b3700001c03737f74c5b78c47147e365a27b5f0,bipolar18-int16-any-overlap-8s-v1
chb02/chb02_01.edf:649216,chb02,chb02,chb02/chb02_01.edf,train,649216,651264,2536.0,2544.0,0,0,0.0,0a04cd84c2e1ea5d656a77ec5b3700001c03737f74c5b78c47147e365a27b5f0,bipolar18-int16-any-overlap-8s-v1
chb02/chb02_01.edf:651264,chb02,chb02,chb02/chb02_01.edf,train,651264,653312,2544.0,2552.0,0,0,0.0,0a04cd84c2e1ea5d656a77ec5b3700001c03737f74c5b78c47147e365a27b5f0,bipolar18-int16-any-overlap-8s-v1
chb02/chb02_01.edf:653312,chb02,chb02,chb02/chb02_01.edf,train,653312,655360,2552.0,2560.0,0,0,0.0,0a04cd84c2e1ea5d656a77ec5b3700001c03737f74c5b78c47147e365a27b5f0,bipolar18-int16-any-overlap-8s-v1
chb02/chb02_01.edf:655360,chb02,chb02,chb02/chb02_01.edf,train,655360,657408,2560.0,2568.0,0,0,0.0,0a04cd84c2e1ea5d656a77ec5b3700001c03737f74c5b78c47147e365a27b5f0,bipolar18-int16-any-overlap-8s-v1
chb02/chb02_01.edf:657408,chb02,chb02,chb02/chb02_01.edf,train,657408,659456,2568.0,2576.0,0,0,0.0,0a04cd84c2e1ea5d656a77ec5b3700001c03737f74c5b78c47147e365a27b5f0,bipolar18-int16-any-overlap-8s-v1
chb02/chb02_01.edf:659456,chb02,chb02,chb02/chb02_01.edf,train,659456,661504,2576.0,2584.0,0,0,0.0,0a04cd84c2e1ea5d656a77ec5b3700001c03737f74c5b78c47147e365a27b5f0,bipolar18-int16-any-overlap-8s-v1
chb02/chb02_01.edf:661504,chb02,chb02,chb02/chb02_01.edf,train,661504,663552,2584.0,2592.0,0,0,0.0,0a04cd84c2e1ea5d656a77ec5b3700001c03737f74c5b78c47147e365a27b5f0,bipolar18-int16-any-overlap-8s-v1
chb02/chb02_01.edf:663552,chb02,chb02,chb02/chb02_01.edf,train,663552,665600,2592.0,2600.0,0,0,0.0,0a04cd84c2e1ea5d656a77ec5b3700001c03737f74c5b78c47147e365a27b5f0,bipolar18-int16-any-overlap-8s-v1
chb02/chb02_01.edf:665600,chb02,chb02,chb02/chb02_01.edf,train,665600,667648,2600.0,2608.0,0,0,0.0,0a04cd84c2e1ea5d656a77ec5b3700001c03737f74c5b78c47147e365a27b5f0,bipolar18-int16-any-overlap-8s-v1
chb02/chb02_01.edf:667648,chb02,chb02,chb02/chb02_01.edf,train,667648,669696,2608.0,2616.0,0,0,0.0,0a04cd84c2e1ea5d656a77ec5b3700001c03737f74c5b78c47147e365a27b5f0,bipolar18-int16-any-overlap-8s-v1
chb02/chb02_01.edf:669696,chb02,chb02,chb02/chb02_01.edf,train,669696,671744,2616.0,2624.0,0,0,0.0,0a04cd84c2e1ea5d656a77ec5b3700001c03737f74c5b78c47147e365a27b5f0,bipolar18-int16-any-overlap-8s-v1
chb02/chb02_01.edf:671744,chb02,chb02,chb02/chb02_01.edf,train,671744,673792,2624.0,2632.0,0,0,0.0,0a04cd84c2e1ea5d656a77ec5b3700001c03737f74c5b78c47147e365a27b5f0,bipolar18-int16-any-overlap-8s-v1
chb02/chb02_01.edf:673792,chb02,chb02,chb02/chb02_01.edf,train,673792,675840,2632.0,2640.0,0,0,0.0,0a04cd84c2e1ea5d656a77ec5b3700001c03737f74c5b78c47147e365a27b5f0,bipolar18-int16-any-overlap-8s-v1
chb02/chb02_01.edf:675840,chb02,chb02,chb02/chb02_01.edf,train,675840,677888,2640.0,2648.0,0,0,0.0,0a04cd84c2e1ea5d656a77ec5b3700001c03737f74c5b78c47147e365a27b5f0,bipolar18-int16-any-overlap-8s-v1
chb02/chb02_01.edf:677888,chb02,chb02,chb02/chb02_01.edf,train,677888,679936,2648.0,2656.0,0,0,0.0,0a04cd84c2e1ea5d656a77ec5b3700001c03737f74c5b78c47147e365a27b5f0,bipolar18-int16-any-overlap-8s-v1
chb02/chb02_01.edf:679936,chb02,chb02,chb02/chb02_01.edf,train,679936,681984,2656.0,2664.0,0,0,0.0,0a04cd84c2e1ea5d656a77ec5b3700001c03737f74c5b78c47147e365a27b5f0,bipolar18-int16-any-overlap-8s-v1
chb02/chb02_01.edf:681984,chb02,chb02,chb02/chb02_01.edf,train,681984,684032,2664.0,2672.0,0,0,0.0,0a04cd84c2e1ea5d656a77ec5b3700001c03737f74c5b78c47147e365a27b5f0,bipolar18-int16-any-overlap-8s-v1
chb02/chb02_01.edf:684032,chb02,chb02,chb02/chb02_01.edf,train,684032,686080,2672.0,2680.0,0,0,0.0,0a04cd84c2e1ea5d656a77ec5b3700001c03737f74c5b78c47147e365a27b5f0,bipolar18-int16-any-overlap-8s-v1
chb02/chb02_01.edf:686080,chb02,chb02,chb02/chb02_01.edf,train,686080,688128,2680.0,2688.0,0,0,0.0,0a04cd84c2e1ea5d656a77ec5b3700001c03737f74c5b78c47147e365a27b5f0,bipolar18-int16-any-overlap-8s-v1
chb02/chb02_01.edf:688128,chb02,chb02,chb02/chb02_01.edf,train,688128,690176,2688.0,2696.0,0,0,0.0,0a04cd84c2e1ea5d656a77ec5b3700001c03737f74c5b78c47147e365a27b5f0,bipolar18-int16-any-overlap-8s-v1
chb02/chb02_01.edf:690176,chb02,chb02,chb02/chb02_01.edf,train,690176,692224,2696.0,2704.0,0,0,0.0,0a04cd84c2e1ea5d656a77ec5b3700001c03737f74c5b78c47147e365a27b5f0,bipolar18-int16-any-overlap-8s-v1
chb02/chb02_01.edf:692224,chb02,chb02,chb02/chb02_01.edf,train,692224,694272,2704.0,2712.0,0,0,0.0,0a04cd84c2e1ea5d656a77ec5b3700001c03737f74c5b78c47147e365a27b5f0,bipolar18-int16-any-overlap-8s-v1
chb02/chb02_01.edf:694272,chb02,chb02,chb02/chb02_01.edf,train,694272,696320,2712.0,2720.0,0,0,0.0,0a04cd84c2e1ea5d656a77ec5b3700001c03737f74c5b78c47147e365a27b5f0,bipolar18-int16-any-overlap-8s-v1
chb02/chb02_01.edf:696320,chb02,chb02,chb02/chb02_01.edf,train,696320,698368,2720.0,2728.0,0,0,0.0,0a04cd84c2e1ea5d656a77ec5b3700001c03737f74c5b78c47147e365a27b5f0,bipolar18-int16-any-overlap-8s-v1
chb02/chb02_01.edf:698368,chb02,chb02,chb02/chb02_01.edf,train,698368,700416,2728.0,2736.0,0,0,0.0,0a04cd84c2e1ea5d656a77ec5b3700001c03737f74c5b78c47147e365a27b5f0,bipolar18-int16-any-overlap-8s-v1
chb02/chb02_01.edf:700416,chb02,chb02,chb02/chb02_01.edf,train,700416,702464,2736.0,2744.0,0,0,0.0,0a04cd84c2e1ea5d656a77ec5b3700001c03737f74c5b78c47147e365a27b5f0,bipolar18-int16-any-overlap-8s-v1
chb02/chb02_01.edf:702464,chb02,chb02,chb02/chb02_01.edf,train,702464,704512,2744.0,2752.0,0,0,0.0,0a04cd84c2e1ea5d656a77ec5b3700001c03737f74c5b78c47147e365a27b5f0,bipolar18-int16-any-overlap-8s-v1
chb02/chb02_01.edf:704512,chb02,chb02,chb02/chb02_01.edf,train,704512,706560,2752.0,2760.0,0,0,0.0,0a04cd84c2e1ea5d656a77ec5b3700001c03737f74c5b78c47147e365a27b5f0,bipolar18-int16-any-overlap-8s-v1
chb02/chb02_01.edf:706560,chb02,chb02,chb02/chb02_01.edf,train,706560,708608,2760.0,2768.0,0,0,0.0,0a04cd84c2e1ea5d656a77ec5b3700001c03737f74c5b78c47147e365a27b5f0,bipolar18-int16-any-overlap-8s-v1
chb02/chb02_01.edf:708608,chb02,chb02,chb02/chb02_01.edf,train,708608,710656,2768.0,2776.0,0,0,0.0,0a04cd84c2e1ea5d656a77ec5b3700001c03737f74c5b78c47147e365a27b5f0,bipolar18-int16-any-overlap-8s-v1
chb02/chb02_01.edf:710656,chb02,chb02,chb02/chb02_01.edf,train,710656,712704,2776.0,2784.0,0,0,0.0,0a04cd84c2e1ea5d656a77ec5b3700001c03737f74c5b78c47147e365a27b5f0,bipolar18-int16-any-overlap-8s-v1
chb02/chb02_01.edf:712704,chb02,chb02,chb02/chb02_01.edf,train,712704,714752,2784.0,2792.0,0,0,0.0,0a04cd84c2e1ea5d656a77ec5b3700001c03737f74c5b78c47147e365a27b5f0,bipolar18-int16-any-overlap-8s-v1
chb02/chb02_01.edf:714752,chb02,chb02,chb02/chb02_01.edf,train,714752,716800,2792.0,2800.0,0,0,0.0,0a04cd84c2e1ea5d656a77ec5b3700001c03737f74c5b78c47147e365a27b5f0,bipolar18-int16-any-overlap-8s-v1
chb02/chb02_01.edf:716800,chb02,chb02,chb02/chb02_01.edf,train,716800,718848,2800.0,2808.0,0,0,0.0,0a04cd84c2e1ea5d656a77ec5b3700001c03737f74c5b78c47147e365a27b5f0,bipolar18-int16-any-overlap-8s-v1
chb02/chb02_01.edf:718848,chb02,chb02,chb02/chb02_01.edf,train,718848,720896,2808.0,2816.0,0,0,0.0,0a04cd84c2e1ea5d656a77ec5b3700001c03737f74c5b78c47147e365a27b5f0,bipolar18-int16-any-overlap-8s-v1
chb02/chb02_01.edf:720896,chb02,chb02,chb02/chb02_01.edf,train,720896,722944,2816.0,2824.0,0,0,0.0,0a04cd84c2e1ea5d656a77ec5b3700001c03737f74c5b78c47147e365a27b5f0,bipolar18-int16-any-overlap-8s-v1
chb02/chb02_01.edf:722944,chb02,chb02,chb02/chb02_01.edf,train,722944,724992,2824.0,2832.0,0,0,0.0,0a04cd84c2e1ea5d656a77ec5b3700001c03737f74c5b78c47147e365a27b5f0,bipolar18-int16-any-overlap-8s-v1
chb02/chb02_01.edf:724992,chb02,chb02,chb02/chb02_01.edf,train,724992,727040,2832.0,2840.0,0,0,0.0,0a04cd84c2e1ea5d656a77ec5b3700001c03737f74c5b78c47147e365a27b5f0,bipolar18-int16-any-overlap-8s-v1
chb02/chb02_01.edf:727040,chb02,chb02,chb02/chb02_01.edf,train,727040,729088,2840.0,2848.0,0,0,0.0,0a04cd84c2e1ea5d656a77ec5b3700001c03737f74c5b78c47147e365a27b5f0,bipolar18-int16-any-overlap-8s-v1
chb02/chb02_01.edf:729088,chb02,chb02,chb02/chb02_01.edf,train,729088,731136,2848.0,2856.0,0,0,0.0,0a04cd84c2e1ea5d656a77ec5b3700001c03737f74c5b78c47147e365a27b5f0,bipolar18-int16-any-overlap-8s-v1
chb02/chb02_01.edf:731136,chb02,chb02,chb02/chb02_01.edf,train,731136,733184,2856.0,2864.0,0,0,0.0,0a04cd84c2e1ea5d656a77ec5b3700001c03737f74c5b78c47147e365a27b5f0,bipolar18-int16-any-overlap-8s-v1
chb02/chb02_01.edf:733184,chb02,chb02,chb02/chb02_01.edf,train,733184,735232,2864.0,2872.0,0,0,0.0,0a04cd84c2e1ea5d656a77ec5b3700001c03737f74c5b78c47147e365a27b5f0,bipolar18-int16-any-overlap-8s-v1
chb02/chb02_01.edf:735232,chb02,chb02,chb02/chb02_01.edf,train,735232,737280,2872.0,2880.0,0,0,0.0,0a04cd84c2e1ea5d656a77ec5b3700001c03737f74c5b78c47147e365a27b5f0,bipolar18-int16-any-overlap-8s-v1
chb02/chb02_01.edf:737280,chb02,chb02,chb02/chb02_01.edf,train,737280,739328,2880.0,2888.0,0,0,0.0,0a04cd84c2e1ea5d656a77ec5b3700001c03737f74c5b78c47147e365a27b5f0,bipolar18-int16-any-overlap-8s-v1
chb02/chb02_01.edf:739328,chb02,chb02,chb02/chb02_01.edf,train,739328,741376,2888.0,2896.0,0,0,0.0,0a04cd84c2e1ea5d656a77ec5b3700001c03737f74c5b78c47147e365a27b5f0,bipolar18-int16-any-overlap-8s-v1
chb02/chb02_01.edf:741376,chb02,chb02,chb02/chb02_01.edf,train,741376,743424,2896.0,2904.0,0,0,0.0,0a04cd84c2e1ea5d656a77ec5b3700001c03737f74c5b78c47147e365a27b5f0,bipolar18-int16-any-overlap-8s-v1
chb02/chb02_01.edf:743424,chb02,chb02,chb02/chb02_01.edf,train,743424,745472,2904.0,2912.0,0,0,0.0,0a04cd84c2e1ea5d656a77ec5b3700001c03737f74c5b78c47147e365a27b5f0,bipolar18-int16-any-overlap-8s-v1
chb02/chb02_01.edf:745472,chb02,chb02,chb02/chb02_01.edf,train,745472,747520,2912.0,2920.0,0,0,0.0,0a04cd84c2e1ea5d656a77ec5b3700001c03737f74c5b78c47147e365a27b5f0,bipolar18-int16-any-overlap-8s-v1
chb02/chb02_01.edf:747520,chb02,chb02,chb02/chb02_01.edf,train,747520,749568,2920.0,2928.0,0,0,0.0,0a04cd84c2e1ea5d656a77ec5b3700001c03737f74c5b78c47147e365a27b5f0,bipolar18-int16-any-overlap-8s-v1
chb02/chb02_01.edf:749568,chb02,chb02,chb02/chb02_01.edf,train,749568,751616,2928.0,2936.0,0,0,0.0,0a04cd84c2e1ea5d656a77ec5b3700001c03737f74c5b78c47147e365a27b5f0,bipolar18-int16-any-overlap-8s-v1
chb02/chb02_01.edf:751616,chb02,chb02,chb02/chb02_01.edf,train,751616,753664,2936.0,2944.0,0,0,0.0,0a04cd84c2e1ea5d656a77ec5b3700001c03737f74c5b78c47147e365a27b5f0,bipolar18-int16-any-overlap-8s-v1
chb02/chb02_01.edf:753664,chb02,chb02,chb02/chb02_01.edf,train,753664,755712,2944.0,2952.0,0,0,0.0,0a04cd84c2e1ea5d656a77ec5b3700001c03737f74c5b78c47147e365a27b5f0,bipolar18-int16-any-overlap-8s-v1
chb02/chb02_01.edf:755712,chb02,chb02,chb02/chb02_01.edf,train,755712,757760,2952.0,2960.0,0,0,0.0,0a04cd84c2e1ea5d656a77ec5b3700001c03737f74c5b78c47147e365a27b5f0,bipolar18-int16-any-overlap-8s-v1
chb02/chb02_01.edf:757760,chb02,chb02,chb02/chb02_01.edf,train,757760,759808,2960.0,2968.0,0,0,0.0,0a04cd84c2e1ea5d656a77ec5b3700001c03737f74c5b78c47147e365a27b5f0,bipolar18-int16-any-overlap-8s-v1
chb02/chb02_01.edf:759808,chb02,chb02,chb02/chb02_01.edf,train,759808,761856,2968.0,2976.0,0,0,0.0,0a04cd84c2e1ea5d656a77ec5b3700001c03737f74c5b78c47147e365a27b5f0,bipolar18-int16-any-overlap-8s-v1
chb02/chb02_01.edf:761856,chb02,chb02,chb02/chb02_01.edf,train,761856,763904,2976.0,2984.0,0,0,0.0,0a04cd84c2e1ea5d656a77ec5b3700001c03737f74c5b78c47147e365a27b5f0,bipolar18-int16-any-overlap-8s-v1
chb02/chb02_01.edf:763904,chb02,chb02,chb02/chb02_01.edf,train,763904,765952,2984.0,2992.0,0,0,0.0,0a04cd84c2e1ea5d656a77ec5b3700001c03737f74c5b78c47147e365a27b5f0,bipolar18-int16-any-overlap-8s-v1
chb02/chb02_01.edf:765952,chb02,chb02,chb02/chb02_01.edf,train,765952,768000,2992.0,3000.0,0,0,0.0,0a04cd84c2e1ea5d656a77ec5b3700001c03737f74c5b78c47147e365a27b5f0,bipolar18-int16-any-overlap-8s-v1
chb02/chb02_01.edf:768000,chb02,chb02,chb02/chb02_01.edf,train,768000,770048,3000.0,3008.0,0,0,0.0,0a04cd84c2e1ea5d656a77ec5b3700001c03737f74c5b78c47147e365a27b5f0,bipolar18-int16-any-overlap-8s-v1
chb02/chb02_01.edf:770048,chb02,chb02,chb02/chb02_01.edf,train,770048,772096,3008.0,3016.0,0,0,0.0,0a04cd84c2e1ea5d656a77ec5b3700001c03737f74c5b78c47147e365a27b5f0,bipolar18-int16-any-overlap-8s-v1
chb02/chb02_01.edf:772096,chb02,chb02,chb02/chb02_01.edf,train,772096,774144,3016.0,3024.0,0,0,0.0,0a04cd84c2e1ea5d656a77ec5b3700001c03737f74c5b78c47147e365a27b5f0,bipolar18-int16-any-overlap-8s-v1
chb02/chb02_01.edf:774144,chb02,chb02,chb02/chb02_01.edf,train,774144,776192,3024.0,3032.0,0,0,0.0,0a04cd84c2e1ea5d656a77ec5b3700001c03737f74c5b78c47147e365a27b5f0,bipolar18-int16-any-overlap-8s-v1
chb02/chb02_01.edf:776192,chb02,chb02,chb02/chb02_01.edf,train,776192,778240,3032.0,3040.0,0,0,0.0,0a04cd84c2e1ea5d656a77ec5b3700001c03737f74c5b78c47147e365a27b5f0,bipolar18-int16-any-overlap-8s-v1
chb02/chb02_01.edf:778240,chb02,chb02,chb02/chb02_01.edf,train,778240,780288,3040.0,3048.0,0,0,0.0,0a04cd84c2e1ea5d656a77ec5b3700001c03737f74c5b78c47147e365a27b5f0,bipolar18-int16-any-overlap-8s-v1
chb02/chb02_01.edf:780288,chb02,chb02,chb02/chb02_01.edf,train,780288,782336,3048.0,3056.0,0,0,0.0,0a04cd84c2e1ea5d656a77ec5b3700001c03737f74c5b78c47147e365a27b5f0,bipolar18-int16-any-overlap-8s-v1
chb02/chb02_01.edf:782336,chb02,chb02,chb02/chb02_01.edf,train,782336,784384,3056.0,3064.0,0,0,0.0,0a04cd84c2e1ea5d656a77ec5b3700001c03737f74c5b78c47147e365a27b5f0,bipolar18-int16-any-overlap-8s-v1
chb02/chb02_01.edf:784384,chb02,chb02,chb02/chb02_01.edf,train,784384,786432,3064.0,3072.0,0,0,0.0,0a04cd84c2e1ea5d656a77ec5b3700001c03737f74c5b78c47147e365a27b5f0,bipolar18-int16-any-overlap-8s-v1
chb02/chb02_01.edf:786432,chb02,chb02,chb02/chb02_01.edf,train,786432,788480,3072.0,3080.0,0,0,0.0,0a04cd84c2e1ea5d656a77ec5b3700001c03737f74c5b78c47147e365a27b5f0,bipolar18-int16-any-overlap-8s-v1
chb02/chb02_01.edf:788480,chb02,chb02,chb02/chb02_01.edf,train,788480,790528,3080.0,3088.0,0,0,0.0,0a04cd84c2e1ea5d656a77ec5b3700001c03737f74c5b78c47147e365a27b5f0,bipolar18-int16-any-overlap-8s-v1
chb02/chb02_01.edf:790528,chb02,chb02,chb02/chb02_01.edf,train,790528,792576,3088.0,3096.0,0,0,0.0,0a04cd84c2e1ea5d656a77ec5b3700001c03737f74c5b78c47147e365a27b5f0,bipolar18-int16-any-overlap-8s-v1
chb02/chb02_01.edf:792576,chb02,chb02,chb02/chb02_01.edf,train,792576,794624,3096.0,3104.0,0,0,0.0,0a04cd84c2e1ea5d656a77ec5b3700001c03737f74c5b78c47147e365a27b5f0,bipolar18-int16-any-overlap-8s-v1
chb02/chb02_01.edf:794624,chb02,chb02,chb02/chb02_01.edf,train,794624,796672,3104.0,3112.0,0,0,0.0,0a04cd84c2e1ea5d656a77ec5b3700001c03737f74c5b78c47147e365a27b5f0,bipolar18-int16-any-overlap-8s-v1
chb02/chb02_01.edf:796672,chb02,chb02,chb02/chb02_01.edf,train,796672,798720,3112.0,3120.0,0,0,0.0,0a04cd84c2e1ea5d656a77ec5b3700001c03737f74c5b78c47147e365a27b5f0,bipolar18-int16-any-overlap-8s-v1
chb02/chb02_01.edf:798720,chb02,chb02,chb02/chb02_01.edf,train,798720,800768,3120.0,3128.0,0,0,0.0,0a04cd84c2e1ea5d656a77ec5b3700001c03737f74c5b78c47147e365a27b5f0,bipolar18-int16-any-overlap-8s-v1
chb02/chb02_01.edf:800768,chb02,chb02,chb02/chb02_01.edf,train,800768,802816,3128.0,3136.0,0,0,0.0,0a04cd84c2e1ea5d656a77ec5b3700001c03737f74c5b78c47147e365a27b5f0,bipolar18-int16-any-overlap-8s-v1
chb02/chb02_01.edf:802816,chb02,chb02,chb02/chb02_01.edf,train,802816,804864,3136.0,3144.0,0,0,0.0,0a04cd84c2e1ea5d656a77ec5b3700001c03737f74c5b78c47147e365a27b5f0,bipolar18-int16-any-overlap-8s-v1
chb02/chb02_01.edf:804864,chb02,chb02,chb02/chb02_01.edf,train,804864,806912,3144.0,3152.0,0,0,0.0,0a04cd84c2e1ea5d656a77ec5b3700001c03737f74c5b78c47147e365a27b5f0,bipolar18-int16-any-overlap-8s-v1
chb02/chb02_01.edf:806912,chb02,chb02,chb02/chb02_01.edf,train,806912,808960,3152.0,3160.0,0,0,0.0,0a04cd84c2e1ea5d656a77ec5b3700001c03737f74c5b78c47147e365a27b5f0,bipolar18-int16-any-overlap-8s-v1
chb02/chb02_01.edf:808960,chb02,chb02,chb02/chb02_01.edf,train,808960,811008,3160.0,3168.0,0,0,0.0,0a04cd84c2e1ea5d656a77ec5b3700001c03737f74c5b78c47147e365a27b5f0,bipolar18-int16-any-overlap-8s-v1
chb02/chb02_01.edf:811008,chb02,chb02,chb02/chb02_01.edf,train,811008,813056,3168.0,3176.0,0,0,0.0,0a04cd84c2e1ea5d656a77ec5b3700001c03737f74c5b78c47147e365a27b5f0,bipolar18-int16-any-overlap-8s-v1
chb02/chb02_01.edf:813056,chb02,chb02,chb02/chb02_01.edf,train,813056,815104,3176.0,3184.0,0,0,0.0,0a04cd84c2e1ea5d656a77ec5b3700001c03737f74c5b78c47147e365a27b5f0,bipolar18-int16-any-overlap-8s-v1
chb02/chb02_01.edf:815104,chb02,chb02,chb02/chb02_01.edf,train,815104,817152,3184.0,3192.0,0,0,0.0,0a04cd84c2e1ea5d656a77ec5b3700001c03737f74c5b78c47147e365a27b5f0,bipolar18-int16-any-overlap-8s-v1
chb02/chb02_01.edf:817152,chb02,chb02,chb02/chb02_01.edf,train,817152,819200,3192.0,3200.0,0,0,0.0,0a04cd84c2e1ea5d656a77ec5b3700001c03737f74c5b78c47147e365a27b5f0,bipolar18-int16-any-overlap-8s-v1
chb02/chb02_01.edf:819200,chb02,chb02,chb02/chb02_01.edf,train,819200,821248,3200.0,3208.0,0,0,0.0,0a04cd84c2e1ea5d656a77ec5b3700001c03737f74c5b78c47147e365a27b5f0,bipolar18-int16-any-overlap-8s-v1
chb02/chb02_01.edf:821248,chb02,chb02,chb02/chb02_01.edf,train,821248,823296,3208.0,3216.0,0,0,0.0,0a04cd84c2e1ea5d656a77ec5b3700001c03737f74c5b78c47147e365a27b5f0,bipolar18-int16-any-overlap-8s-v1
chb02/chb02_01.edf:823296,chb02,chb02,chb02/chb02_01.edf,train,823296,825344,3216.0,3224.0,0,0,0.0,0a04cd84c2e1ea5d656a77ec5b3700001c03737f74c5b78c47147e365a27b5f0,bipolar18-int16-any-overlap-8s-v1
chb02/chb02_01.edf:825344,chb02,chb02,chb02/chb02_01.edf,train,825344,827392,3224.0,3232.0,0,0,0.0,0a04cd84c2e1ea5d656a77ec5b3700001c03737f74c5b78c47147e365a27b5f0,bipolar18-int16-any-overlap-8s-v1
chb02/chb02_01.edf:827392,chb02,chb02,chb02/chb02_01.edf,train,827392,829440,3232.0,3240.0,0,0,0.0,0a04cd84c2e1ea5d656a77ec5b3700001c03737f74c5b78c47147e365a27b5f0,bipolar18-int16-any-overlap-8s-v1
chb02/chb02_01.edf:829440,chb02,chb02,chb02/chb02_01.edf,train,829440,831488,3240.0,3248.0,0,0,0.0,0a04cd84c2e1ea5d656a77ec5b3700001c03737f74c5b78c47147e365a27b5f0,bipolar18-int16-any-overlap-8s-v1
chb02/chb02_01.edf:831488,chb02,chb02,chb02/chb02_01.edf,train,831488,833536,3248.0,3256.0,0,0,0.0,0a04cd84c2e1ea5d656a77ec5b3700001c03737f74c5b78c47147e365a27b5f0,bipolar18-int16-any-overlap-8s-v1
chb02/chb02_01.edf:833536,chb02,chb02,chb02/chb02_01.edf,train,833536,835584,3256.0,3264.0,0,0,0.0,0a04cd84c2e1ea5d656a77ec5b3700001c03737f74c5b78c47147e365a27b5f0,bipolar18-int16-any-overlap-8s-v1
chb02/chb02_01.edf:835584,chb02,chb02,chb02/chb02_01.edf,train,835584,837632,3264.0,3272.0,0,0,0.0,0a04cd84c2e1ea5d656a77ec5b3700001c03737f74c5b78c47147e365a27b5f0,bipolar18-int16-any-overlap-8s-v1
chb02/chb02_01.edf:837632,chb02,chb02,chb02/chb02_01.edf,train,837632,839680,3272.0,3280.0,0,0,0.0,0a04cd84c2e1ea5d656a77ec5b3700001c03737f74c5b78c47147e365a27b5f0,bipolar18-int16-any-overlap-8s-v1
chb02/chb02_01.edf:839680,chb02,chb02,chb02/chb02_01.edf,train,839680,841728,3280.0,3288.0,0,0,0.0,0a04cd84c2e1ea5d656a77ec5b3700001c03737f74c5b78c47147e365a27b5f0,bipolar18-int16-any-overlap-8s-v1
chb02/chb02_01.edf:841728,chb02,chb02,chb02/chb02_01.edf,train,841728,843776,3288.0,3296.0,0,0,0.0,0a04cd84c2e1ea5d656a77ec5b3700001c03737f74c5b78c47147e365a27b5f0,bipolar18-int16-any-overlap-8s-v1
chb02/chb02_01.edf:843776,chb02,chb02,chb02/chb02_01.edf,train,843776,845824,3296.0,3304.0,0,0,0.0,0a04cd84c2e1ea5d656a77ec5b3700001c03737f74c5b78c47147e365a27b5f0,bipolar18-int16-any-overlap-8s-v1
chb02/chb02_01.edf:845824,chb02,chb02,chb02/chb02_01.edf,train,845824,847872,3304.0,3312.0,0,0,0.0,0a04cd84c2e1ea5d656a77ec5b3700001c03737f74c5b78c47147e365a27b5f0,bipolar18-int16-any-overlap-8s-v1
chb02/chb02_01.edf:847872,chb02,chb02,chb02/chb02_01.edf,train,847872,849920,3312.0,3320.0,0,0,0.0,0a04cd84c2e1ea5d656a77ec5b3700001c03737f74c5b78c47147e365a27b5f0,bipolar18-int16-any-overlap-8s-v1
chb02/chb02_01.edf:849920,chb02,chb02,chb02/chb02_01.edf,train,849920,851968,3320.0,3328.0,0,0,0.0,0a04cd84c2e1ea5d656a77ec5b3700001c03737f74c5b78c47147e365a27b5f0,bipolar18-int16-any-overlap-8s-v1
chb02/chb02_01.edf:851968,chb02,chb02,chb02/chb02_01.edf,train,851968,854016,3328.0,3336.0,0,0,0.0,0a04cd84c2e1ea5d656a77ec5b3700001c03737f74c5b78c47147e365a27b5f0,bipolar18-int16-any-overlap-8s-v1
chb02/chb02_01.edf:854016,chb02,chb02,chb02/chb02_01.edf,train,854016,856064,3336.0,3344.0,0,0,0.0,0a04cd84c2e1ea5d656a77ec5b3700001c03737f74c5b78c47147e365a27b5f0,bipolar18-int16-any-overlap-8s-v1
chb02/chb02_01.edf:856064,chb02,chb02,chb02/chb02_01.edf,train,856064,858112,3344.0,3352.0,0,0,0.0,0a04cd84c2e1ea5d656a77ec5b3700001c03737f74c5b78c47147e365a27b5f0,bipolar18-int16-any-overlap-8s-v1
chb02/chb02_01.edf:858112,chb02,chb02,chb02/chb02_01.edf,train,858112,860160,3352.0,3360.0,0,0,0.0,0a04cd84c2e1ea5d656a77ec5b3700001c03737f74c5b78c47147e365a27b5f0,bipolar18-int16-any-overlap-8s-v1
chb02/chb02_01.edf:860160,chb02,chb02,chb02/chb02_01.edf,train,860160,862208,3360.0,3368.0,0,0,0.0,0a04cd84c2e1ea5d656a77ec5b3700001c03737f74c5b78c47147e365a27b5f0,bipolar18-int16-any-overlap-8s-v1
chb02/chb02_01.edf:862208,chb02,chb02,chb02/chb02_01.edf,train,862208,864256,3368.0,3376.0,0,0,0.0,0a04cd84c2e1ea5d656a77ec5b3700001c03737f74c5b78c47147e365a27b5f0,bipolar18-int16-any-overlap-8s-v1
chb02/chb02_01.edf:864256,chb02,chb02,chb02/chb02_01.edf,train,864256,866304,3376.0,3384.0,0,0,0.0,0a04cd84c2e1ea5d656a77ec5b3700001c03737f74c5b78c47147e365a27b5f0,bipolar18-int16-any-overlap-8s-v1
chb02/chb02_01.edf:866304,chb02,chb02,chb02/chb02_01.edf,train,866304,868352,3384.0,3392.0,0,0,0.0,0a04cd84c2e1ea5d656a77ec5b3700001c03737f74c5b78c47147e365a27b5f0,bipolar18-int16-any-overlap-8s-v1
chb02/chb02_01.edf:868352,chb02,chb02,chb02/chb02_01.edf,train,868352,870400,3392.0,3400.0,0,0,0.0,0a04cd84c2e1ea5d656a77ec5b3700001c03737f74c5b78c47147e365a27b5f0,bipolar18-int16-any-overlap-8s-v1
chb02/chb02_01.edf:870400,chb02,chb02,chb02/chb02_01.edf,train,870400,872448,3400.0,3408.0,0,0,0.0,0a04cd84c2e1ea5d656a77ec5b3700001c03737f74c5b78c47147e365a27b5f0,bipolar18-int16-any-overlap-8s-v1
chb02/chb02_01.edf:872448,chb02,chb02,chb02/chb02_01.edf,train,872448,874496,3408.0,3416.0,0,0,0.0,0a04cd84c2e1ea5d656a77ec5b3700001c03737f74c5b78c47147e365a27b5f0,bipolar18-int16-any-overlap-8s-v1
chb02/chb02_01.edf:874496,chb02,chb02,chb02/chb02_01.edf,train,874496,876544,3416.0,3424.0,0,0,0.0,0a04cd84c2e1ea5d656a77ec5b3700001c03737f74c5b78c47147e365a27b5f0,bipolar18-int16-any-overlap-8s-v1
chb02/chb02_01.edf:876544,chb02,chb02,chb02/chb02_01.edf,train,876544,878592,3424.0,3432.0,0,0,0.0,0a04cd84c2e1ea5d656a77ec5b3700001c03737f74c5b78c47147e365a27b5f0,bipolar18-int16-any-overlap-8s-v1
chb02/chb02_01.edf:878592,chb02,chb02,chb02/chb02_01.edf,train,878592,880640,3432.0,3440.0,0,0,0.0,0a04cd84c2e1ea5d656a77ec5b3700001c03737f74c5b78c47147e365a27b5f0,bipolar18-int16-any-overlap-8s-v1
chb02/chb02_01.edf:880640,chb02,chb02,chb02/chb02_01.edf,train,880640,882688,3440.0,3448.0,0,0,0.0,0a04cd84c2e1ea5d656a77ec5b3700001c03737f74c5b78c47147e365a27b5f0,bipolar18-int16-any-overlap-8s-v1
chb02/chb02_01.edf:882688,chb02,chb02,chb02/chb02_01.edf,train,882688,884736,3448.0,3456.0,0,0,0.0,0a04cd84c2e1ea5d656a77ec5b3700001c03737f74c5b78c47147e365a27b5f0,bipolar18-int16-any-overlap-8s-v1
chb02/chb02_01.edf:884736,chb02,chb02,chb02/chb02_01.edf,train,884736,886784,3456.0,3464.0,0,0,0.0,0a04cd84c2e1ea5d656a77ec5b3700001c03737f74c5b78c47147e365a27b5f0,bipolar18-int16-any-overlap-8s-v1
chb02/chb02_01.edf:886784,chb02,chb02,chb02/chb02_01.edf,train,886784,888832,3464.0,3472.0,0,0,0.0,0a04cd84c2e1ea5d656a77ec5b3700001c03737f74c5b78c47147e365a27b5f0,bipolar18-int16-any-overlap-8s-v1
chb02/chb02_01.edf:888832,chb02,chb02,chb02/chb02_01.edf,train,888832,890880,3472.0,3480.0,0,0,0.0,0a04cd84c2e1ea5d656a77ec5b3700001c03737f74c5b78c47147e365a27b5f0,bipolar18-int16-any-overlap-8s-v1
chb02/chb02_01.edf:890880,chb02,chb02,chb02/chb02_01.edf,train,890880,892928,3480.0,3488.0,0,0,0.0,0a04cd84c2e1ea5d656a77ec5b3700001c03737f74c5b78c47147e365a27b5f0,bipolar18-int16-any-overlap-8s-v1
chb02/chb02_01.edf:892928,chb02,chb02,chb02/chb02_01.edf,train,892928,894976,3488.0,3496.0,0,0,0.0,0a04cd84c2e1ea5d656a77ec5b3700001c03737f74c5b78c47147e365a27b5f0,bipolar18-int16-any-overlap-8s-v1
chb02/chb02_01.edf:894976,chb02,chb02,chb02/chb02_01.edf,train,894976,897024,3496.0,3504.0,0,0,0.0,0a04cd84c2e1ea5d656a77ec5b3700001c03737f74c5b78c47147e365a27b5f0,bipolar18-int16-any-overlap-8s-v1
chb02/chb02_01.edf:897024,chb02,chb02,chb02/chb02_01.edf,train,897024,899072,3504.0,3512.0,0,0,0.0,0a04cd84c2e1ea5d656a77ec5b3700001c03737f74c5b78c47147e365a27b5f0,bipolar18-int16-any-overlap-8s-v1
chb02/chb02_01.edf:899072,chb02,chb02,chb02/chb02_01.edf,train,899072,901120,3512.0,3520.0,0,0,0.0,0a04cd84c2e1ea5d656a77ec5b3700001c03737f74c5b78c47147e365a27b5f0,bipolar18-int16-any-overlap-8s-v1
chb02/chb02_01.edf:901120,chb02,chb02,chb02/chb02_01.edf,train,901120,903168,3520.0,3528.0,0,0,0.0,0a04cd84c2e1ea5d656a77ec5b3700001c03737f74c5b78c47147e365a27b5f0,bipolar18-int16-any-overlap-8s-v1
chb02/chb02_01.edf:903168,chb02,chb02,chb02/chb02_01.edf,train,903168,905216,3528.0,3536.0,0,0,0.0,0a04cd84c2e1ea5d656a77ec5b3700001c03737f74c5b78c47147e365a27b5f0,bipolar18-int16-any-overlap-8s-v1
chb02/chb02_01.edf:905216,chb02,chb02,chb02/chb02_01.edf,train,905216,907264,3536.0,3544.0,0,0,0.0,0a04cd84c2e1ea5d656a77ec5b3700001c03737f74c5b78c47147e365a27b5f0,bipolar18-int16-any-overlap-8s-v1
chb02/chb02_01.edf:907264,chb02,chb02,chb02/chb02_01.edf,train,907264,909312,3544.0,3552.0,0,0,0.0,0a04cd84c2e1ea5d656a77ec5b3700001c03737f74c5b78c47147e365a27b5f0,bipolar18-int16-any-overlap-8s-v1
chb02/chb02_01.edf:909312,chb02,chb02,chb02/chb02_01.edf,train,909312,911360,3552.0,3560.0,0,0,0.0,0a04cd84c2e1ea5d656a77ec5b3700001c03737f74c5b78c47147e365a27b5f0,bipolar18-int16-any-overlap-8s-v1
chb02/chb02_01.edf:911360,chb02,chb02,chb02/chb02_01.edf,train,911360,913408,3560.0,3568.0,0,0,0.0,0a04cd84c2e1ea5d656a77ec5b3700001c03737f74c5b78c47147e365a27b5f0,bipolar18-int16-any-overlap-8s-v1
chb02/chb02_01.edf:913408,chb02,chb02,chb02/chb02_01.edf,train,913408,915456,3568.0,3576.0,0,0,0.0,0a04cd84c2e1ea5d656a77ec5b3700001c03737f74c5b78c47147e365a27b5f0,bipolar18-int16-any-overlap-8s-v1
chb02/chb02_01.edf:915456,chb02,chb02,chb02/chb02_01.edf,train,915456,917504,3576.0,3584.0,0,0,0.0,0a04cd84c2e1ea5d656a77ec5b3700001c03737f74c5b78c47147e365a27b5f0,bipolar18-int16-any-overlap-8s-v1
chb02/chb02_01.edf:917504,chb02,chb02,chb02/chb02_01.edf,train,917504,919552,3584.0,3592.0,0,0,0.0,0a04cd84c2e1ea5d656a77ec5b3700001c03737f74c5b78c47147e365a27b5f0,bipolar18-int16-any-overlap-8s-v1
chb02/chb02_01.edf:919552,chb02,chb02,chb02/chb02_01.edf,train,919552,921600,3592.0,3600.0,0,0,0.0,0a04cd84c2e1ea5d656a77ec5b3700001c03737f74c5b78c47147e365a27b5f0,bipolar18-int16-any-overlap-8s-v1
chb02/chb02_16.edf:0,chb02,chb02,chb02/chb02_16.edf,train,0,2048,0.0,8.0,0,0,0.0,b50345b4b7d35d2735e3d2fc5f7df3e39a60916a881a11f2cd40337e529ea3fa,bipolar18-int16-any-overlap-8s-v1
chb02/chb02_16.edf:2048,chb02,chb02,chb02/chb02_16.edf,train,2048,4096,8.0,16.0,0,0,0.0,b50345b4b7d35d2735e3d2fc5f7df3e39a60916a881a11f2cd40337e529ea3fa,bipolar18-int16-any-overlap-8s-v1
chb02/chb02_16.edf:4096,chb02,chb02,chb02/chb02_16.edf,train,4096,6144,16.0,24.0,0,0,0.0,b50345b4b7d35d2735e3d2fc5f7df3e39a60916a881a11f2cd40337e529ea3fa,bipolar18-int16-any-overlap-8s-v1
chb02/chb02_16.edf:6144,chb02,chb02,chb02/chb02_16.edf,train,6144,8192,24.0,32.0,0,0,0.0,b50345b4b7d35d2735e3d2fc5f7df3e39a60916a881a11f2cd40337e529ea3fa,bipolar18-int16-any-overlap-8s-v1
chb02/chb02_16.edf:8192,chb02,chb02,chb02/chb02_16.edf,train,8192,10240,32.0,40.0,0,0,0.0,b50345b4b7d35d2735e3d2fc5f7df3e39a60916a881a11f2cd40337e529ea3fa,bipolar18-int16-any-overlap-8s-v1
chb02/chb02_16.edf:10240,chb02,chb02,chb02/chb02_16.edf,train,10240,12288,40.0,48.0,0,0,0.0,b50345b4b7d35d2735e3d2fc5f7df3e39a60916a881a11f2cd40337e529ea3fa,bipolar18-int16-any-overlap-8s-v1
chb02/chb02_16.edf:12288,chb02,chb02,chb02/chb02_16.edf,train,12288,14336,48.0,56.0,0,0,0.0,b50345b4b7d35d2735e3d2fc5f7df3e39a60916a881a11f2cd40337e529ea3fa,bipolar18-int16-any-overlap-8s-v1
chb02/chb02_16.edf:14336,chb02,chb02,chb02/chb02_16.edf,train,14336,16384,56.0,64.0,0,0,0.0,b50345b4b7d35d2735e3d2fc5f7df3e39a60916a881a11f2cd40337e529ea3fa,bipolar18-int16-any-overlap-8s-v1
chb02/chb02_16.edf:16384,chb02,chb02,chb02/chb02_16.edf,train,16384,18432,64.0,72.0,0,0,0.0,b50345b4b7d35d2735e3d2fc5f7df3e39a60916a881a11f2cd40337e529ea3fa,bipolar18-int16-any-overlap-8s-v1
chb02/chb02_16.edf:18432,chb02,chb02,chb02/chb02_16.edf,train,18432,20480,72.0,80.0,0,0,0.0,b50345b4b7d35d2735e3d2fc5f7df3e39a60916a881a11f2cd40337e529ea3fa,bipolar18-int16-any-overlap-8s-v1
chb02/chb02_16.edf:20480,chb02,chb02,chb02/chb02_16.edf,train,20480,22528,80.0,88.0,0,0,0.0,b50345b4b7d35d2735e3d2fc5f7df3e39a60916a881a11f2cd40337e529ea3fa,bipolar18-int16-any-overlap-8s-v1
chb02/chb02_16.edf:22528,chb02,chb02,chb02/chb02_16.edf,train,22528,24576,88.0,96.0,0,0,0.0,b50345b4b7d35d2735e3d2fc5f7df3e39a60916a881a11f2cd40337e529ea3fa,bipolar18-int16-any-overlap-8s-v1
chb02/chb02_16.edf:24576,chb02,chb02,chb02/chb02_16.edf,train,24576,26624,96.0,104.0,0,0,0.0,b50345b4b7d35d2735e3d2fc5f7df3e39a60916a881a11f2cd40337e529ea3fa,bipolar18-int16-any-overlap-8s-v1
chb02/chb02_16.edf:26624,chb02,chb02,chb02/chb02_16.edf,train,26624,28672,104.0,112.0,0,0,0.0,b50345b4b7d35d2735e3d2fc5f7df3e39a60916a881a11f2cd40337e529ea3fa,bipolar18-int16-any-overlap-8s-v1
chb02/chb02_16.edf:28672,chb02,chb02,chb02/chb02_16.edf,train,28672,30720,112.0,120.0,0,0,0.0,b50345b4b7d35d2735e3d2fc5f7df3e39a60916a881a11f2cd40337e529ea3fa,bipolar18-int16-any-overlap-8s-v1
chb02/chb02_16.edf:30720,chb02,chb02,chb02/chb02_16.edf,train,30720,32768,120.0,128.0,0,0,0.0,b50345b4b7d35d2735e3d2fc5f7df3e39a60916a881a11f2cd40337e529ea3fa,bipolar18-int16-any-overlap-8s-v1
chb02/chb02_16.edf:32768,chb02,chb02,chb02/chb02_16.edf,train,32768,34816,128.0,136.0,1,1536,6.0,b50345b4b7d35d2735e3d2fc5f7df3e39a60916a881a11f2cd40337e529ea3fa,bipolar18-int16-any-overlap-8s-v1
chb02/chb02_16.edf:34816,chb02,chb02,chb02/chb02_16.edf,train,34816,36864,136.0,144.0,1,2048,8.0,b50345b4b7d35d2735e3d2fc5f7df3e39a60916a881a11f2cd40337e529ea3fa,bipolar18-int16-any-overlap-8s-v1
chb02/chb02_16.edf:36864,chb02,chb02,chb02/chb02_16.edf,train,36864,38912,144.0,152.0,1,2048,8.0,b50345b4b7d35d2735e3d2fc5f7df3e39a60916a881a11f2cd40337e529ea3fa,bipolar18-int16-any-overlap-8s-v1
chb02/chb02_16.edf:38912,chb02,chb02,chb02/chb02_16.edf,train,38912,40960,152.0,160.0,1,2048,8.0,b50345b4b7d35d2735e3d2fc5f7df3e39a60916a881a11f2cd40337e529ea3fa,bipolar18-int16-any-overlap-8s-v1
chb02/chb02_16.edf:40960,chb02,chb02,chb02/chb02_16.edf,train,40960,43008,160.0,168.0,1,2048,8.0,b50345b4b7d35d2735e3d2fc5f7df3e39a60916a881a11f2cd40337e529ea3fa,bipolar18-int16-any-overlap-8s-v1
chb02/chb02_16.edf:43008,chb02,chb02,chb02/chb02_16.edf,train,43008,45056,168.0,176.0,1,2048,8.0,b50345b4b7d35d2735e3d2fc5f7df3e39a60916a881a11f2cd40337e529ea3fa,bipolar18-int16-any-overlap-8s-v1
chb02/chb02_16.edf:45056,chb02,chb02,chb02/chb02_16.edf,train,45056,47104,176.0,184.0,1,2048,8.0,b50345b4b7d35d2735e3d2fc5f7df3e39a60916a881a11f2cd40337e529ea3fa,bipolar18-int16-any-overlap-8s-v1
chb02/chb02_16.edf:47104,chb02,chb02,chb02/chb02_16.edf,train,47104,49152,184.0,192.0,1,2048,8.0,b50345b4b7d35d2735e3d2fc5f7df3e39a60916a881a11f2cd40337e529ea3fa,bipolar18-int16-any-overlap-8s-v1
chb02/chb02_16.edf:49152,chb02,chb02,chb02/chb02_16.edf,train,49152,51200,192.0,200.0,1,2048,8.0,b50345b4b7d35d2735e3d2fc5f7df3e39a60916a881a11f2cd40337e529ea3fa,bipolar18-int16-any-overlap-8s-v1
chb02/chb02_16.edf:51200,chb02,chb02,chb02/chb02_16.edf,train,51200,53248,200.0,208.0,1,2048,8.0,b50345b4b7d35d2735e3d2fc5f7df3e39a60916a881a11f2cd40337e529ea3fa,bipolar18-int16-any-overlap-8s-v1
chb02/chb02_16.edf:53248,chb02,chb02,chb02/chb02_16.edf,train,53248,55296,208.0,216.0,1,1024,4.0,b50345b4b7d35d2735e3d2fc5f7df3e39a60916a881a11f2cd40337e529ea3fa,bipolar18-int16-any-overlap-8s-v1
chb02/chb02_16.edf:55296,chb02,chb02,chb02/chb02_16.edf,train,55296,57344,216.0,224.0,0,0,0.0,b50345b4b7d35d2735e3d2fc5f7df3e39a60916a881a11f2cd40337e529ea3fa,bipolar18-int16-any-overlap-8s-v1
chb02/chb02_16.edf:57344,chb02,chb02,chb02/chb02_16.edf,train,57344,59392,224.0,232.0,0,0,0.0,b50345b4b7d35d2735e3d2fc5f7df3e39a60916a881a11f2cd40337e529ea3fa,bipolar18-int16-any-overlap-8s-v1
chb02/chb02_16.edf:59392,chb02,chb02,chb02/chb02_16.edf,train,59392,61440,232.0,240.0,0,0,0.0,b50345b4b7d35d2735e3d2fc5f7df3e39a60916a881a11f2cd40337e529ea3fa,bipolar18-int16-any-overlap-8s-v1
chb02/chb02_16.edf:61440,chb02,chb02,chb02/chb02_16.edf,train,61440,63488,240.0,248.0,0,0,0.0,b50345b4b7d35d2735e3d2fc5f7df3e39a60916a881a11f2cd40337e529ea3fa,bipolar18-int16-any-overlap-8s-v1
chb02/chb02_16.edf:63488,chb02,chb02,chb02/chb02_16.edf,train,63488,65536,248.0,256.0,0,0,0.0,b50345b4b7d35d2735e3d2fc5f7df3e39a60916a881a11f2cd40337e529ea3fa,bipolar18-int16-any-overlap-8s-v1
chb02/chb02_16.edf:65536,chb02,chb02,chb02/chb02_16.edf,train,65536,67584,256.0,264.0,0,0,0.0,b50345b4b7d35d2735e3d2fc5f7df3e39a60916a881a11f2cd40337e529ea3fa,bipolar18-int16-any-overlap-8s-v1
chb02/chb02_16.edf:67584,chb02,chb02,chb02/chb02_16.edf,train,67584,69632,264.0,272.0,0,0,0.0,b50345b4b7d35d2735e3d2fc5f7df3e39a60916a881a11f2cd40337e529ea3fa,bipolar18-int16-any-overlap-8s-v1
chb02/chb02_16.edf:69632,chb02,chb02,chb02/chb02_16.edf,train,69632,71680,272.0,280.0,0,0,0.0,b50345b4b7d35d2735e3d2fc5f7df3e39a60916a881a11f2cd40337e529ea3fa,bipolar18-int16-any-overlap-8s-v1
chb02/chb02_16.edf:71680,chb02,chb02,chb02/chb02_16.edf,train,71680,73728,280.0,288.0,0,0,0.0,b50345b4b7d35d2735e3d2fc5f7df3e39a60916a881a11f2cd40337e529ea3fa,bipolar18-int16-any-overlap-8s-v1
chb02/chb02_16.edf:73728,chb02,chb02,chb02/chb02_16.edf,train,73728,75776,288.0,296.0,0,0,0.0,b50345b4b7d35d2735e3d2fc5f7df3e39a60916a881a11f2cd40337e529ea3fa,bipolar18-int16-any-overlap-8s-v1
chb02/chb02_16.edf:75776,chb02,chb02,chb02/chb02_16.edf,train,75776,77824,296.0,304.0,0,0,0.0,b50345b4b7d35d2735e3d2fc5f7df3e39a60916a881a11f2cd40337e529ea3fa,bipolar18-int16-any-overlap-8s-v1
chb02/chb02_16.edf:77824,chb02,chb02,chb02/chb02_16.edf,train,77824,79872,304.0,312.0,0,0,0.0,b50345b4b7d35d2735e3d2fc5f7df3e39a60916a881a11f2cd40337e529ea3fa,bipolar18-int16-any-overlap-8s-v1
chb02/chb02_16.edf:79872,chb02,chb02,chb02/chb02_16.edf,train,79872,81920,312.0,320.0,0,0,0.0,b50345b4b7d35d2735e3d2fc5f7df3e39a60916a881a11f2cd40337e529ea3fa,bipolar18-int16-any-overlap-8s-v1
chb02/chb02_16.edf:81920,chb02,chb02,chb02/chb02_16.edf,train,81920,83968,320.0,328.0,0,0,0.0,b50345b4b7d35d2735e3d2fc5f7df3e39a60916a881a11f2cd40337e529ea3fa,bipolar18-int16-any-overlap-8s-v1
chb02/chb02_16.edf:83968,chb02,chb02,chb02/chb02_16.edf,train,83968,86016,328.0,336.0,0,0,0.0,b50345b4b7d35d2735e3d2fc5f7df3e39a60916a881a11f2cd40337e529ea3fa,bipolar18-int16-any-overlap-8s-v1
chb02/chb02_16.edf:86016,chb02,chb02,chb02/chb02_16.edf,train,86016,88064,336.0,344.0,0,0,0.0,b50345b4b7d35d2735e3d2fc5f7df3e39a60916a881a11f2cd40337e529ea3fa,bipolar18-int16-any-overlap-8s-v1
chb02/chb02_16.edf:88064,chb02,chb02,chb02/chb02_16.edf,train,88064,90112,344.0,352.0,0,0,0.0,b50345b4b7d35d2735e3d2fc5f7df3e39a60916a881a11f2cd40337e529ea3fa,bipolar18-int16-any-overlap-8s-v1
chb02/chb02_16.edf:90112,chb02,chb02,chb02/chb02_16.edf,train,90112,92160,352.0,360.0,0,0,0.0,b50345b4b7d35d2735e3d2fc5f7df3e39a60916a881a11f2cd40337e529ea3fa,bipolar18-int16-any-overlap-8s-v1
chb02/chb02_16.edf:92160,chb02,chb02,chb02/chb02_16.edf,train,92160,94208,360.0,368.0,0,0,0.0,b50345b4b7d35d2735e3d2fc5f7df3e39a60916a881a11f2cd40337e529ea3fa,bipolar18-int16-any-overlap-8s-v1
chb02/chb02_16.edf:94208,chb02,chb02,chb02/chb02_16.edf,train,94208,96256,368.0,376.0,0,0,0.0,b50345b4b7d35d2735e3d2fc5f7df3e39a60916a881a11f2cd40337e529ea3fa,bipolar18-int16-any-overlap-8s-v1
chb02/chb02_16.edf:96256,chb02,chb02,chb02/chb02_16.edf,train,96256,98304,376.0,384.0,0,0,0.0,b50345b4b7d35d2735e3d2fc5f7df3e39a60916a881a11f2cd40337e529ea3fa,bipolar18-int16-any-overlap-8s-v1
chb02/chb02_16.edf:98304,chb02,chb02,chb02/chb02_16.edf,train,98304,100352,384.0,392.0,0,0,0.0,b50345b4b7d35d2735e3d2fc5f7df3e39a60916a881a11f2cd40337e529ea3fa,bipolar18-int16-any-overlap-8s-v1
chb02/chb02_16.edf:100352,chb02,chb02,chb02/chb02_16.edf,train,100352,102400,392.0,400.0,0,0,0.0,b50345b4b7d35d2735e3d2fc5f7df3e39a60916a881a11f2cd40337e529ea3fa,bipolar18-int16-any-overlap-8s-v1
chb02/chb02_16.edf:102400,chb02,chb02,chb02/chb02_16.edf,train,102400,104448,400.0,408.0,0,0,0.0,b50345b4b7d35d2735e3d2fc5f7df3e39a60916a881a11f2cd40337e529ea3fa,bipolar18-int16-any-overlap-8s-v1
chb02/chb02_16.edf:104448,chb02,chb02,chb02/chb02_16.edf,train,104448,106496,408.0,416.0,0,0,0.0,b50345b4b7d35d2735e3d2fc5f7df3e39a60916a881a11f2cd40337e529ea3fa,bipolar18-int16-any-overlap-8s-v1
chb02/chb02_16.edf:106496,chb02,chb02,chb02/chb02_16.edf,train,106496,108544,416.0,424.0,0,0,0.0,b50345b4b7d35d2735e3d2fc5f7df3e39a60916a881a11f2cd40337e529ea3fa,bipolar18-int16-any-overlap-8s-v1
chb02/chb02_16.edf:108544,chb02,chb02,chb02/chb02_16.edf,train,108544,110592,424.0,432.0,0,0,0.0,b50345b4b7d35d2735e3d2fc5f7df3e39a60916a881a11f2cd40337e529ea3fa,bipolar18-int16-any-overlap-8s-v1
chb02/chb02_16.edf:110592,chb02,chb02,chb02/chb02_16.edf,train,110592,112640,432.0,440.0,0,0,0.0,b50345b4b7d35d2735e3d2fc5f7df3e39a60916a881a11f2cd40337e529ea3fa,bipolar18-int16-any-overlap-8s-v1
chb02/chb02_16.edf:112640,chb02,chb02,chb02/chb02_16.edf,train,112640,114688,440.0,448.0,0,0,0.0,b50345b4b7d35d2735e3d2fc5f7df3e39a60916a881a11f2cd40337e529ea3fa,bipolar18-int16-any-overlap-8s-v1
chb02/chb02_16.edf:114688,chb02,chb02,chb02/chb02_16.edf,train,114688,116736,448.0,456.0,0,0,0.0,b50345b4b7d35d2735e3d2fc5f7df3e39a60916a881a11f2cd40337e529ea3fa,bipolar18-int16-any-overlap-8s-v1
chb02/chb02_16.edf:116736,chb02,chb02,chb02/chb02_16.edf,train,116736,118784,456.0,464.0,0,0,0.0,b50345b4b7d35d2735e3d2fc5f7df3e39a60916a881a11f2cd40337e529ea3fa,bipolar18-int16-any-overlap-8s-v1
chb02/chb02_16.edf:118784,chb02,chb02,chb02/chb02_16.edf,train,118784,120832,464.0,472.0,0,0,0.0,b50345b4b7d35d2735e3d2fc5f7df3e39a60916a881a11f2cd40337e529ea3fa,bipolar18-int16-any-overlap-8s-v1
chb02/chb02_16.edf:120832,chb02,chb02,chb02/chb02_16.edf,train,120832,122880,472.0,480.0,0,0,0.0,b50345b4b7d35d2735e3d2fc5f7df3e39a60916a881a11f2cd40337e529ea3fa,bipolar18-int16-any-overlap-8s-v1
chb02/chb02_16.edf:122880,chb02,chb02,chb02/chb02_16.edf,train,122880,124928,480.0,488.0,0,0,0.0,b50345b4b7d35d2735e3d2fc5f7df3e39a60916a881a11f2cd40337e529ea3fa,bipolar18-int16-any-overlap-8s-v1
chb02/chb02_16.edf:124928,chb02,chb02,chb02/chb02_16.edf,train,124928,126976,488.0,496.0,0,0,0.0,b50345b4b7d35d2735e3d2fc5f7df3e39a60916a881a11f2cd40337e529ea3fa,bipolar18-int16-any-overlap-8s-v1
chb02/chb02_16.edf:126976,chb02,chb02,chb02/chb02_16.edf,train,126976,129024,496.0,504.0,0,0,0.0,b50345b4b7d35d2735e3d2fc5f7df3e39a60916a881a11f2cd40337e529ea3fa,bipolar18-int16-any-overlap-8s-v1
chb02/chb02_16.edf:129024,chb02,chb02,chb02/chb02_16.edf,train,129024,131072,504.0,512.0,0,0,0.0,b50345b4b7d35d2735e3d2fc5f7df3e39a60916a881a11f2cd40337e529ea3fa,bipolar18-int16-any-overlap-8s-v1
chb02/chb02_16.edf:131072,chb02,chb02,chb02/chb02_16.edf,train,131072,133120,512.0,520.0,0,0,0.0,b50345b4b7d35d2735e3d2fc5f7df3e39a60916a881a11f2cd40337e529ea3fa,bipolar18-int16-any-overlap-8s-v1
chb02/chb02_16.edf:133120,chb02,chb02,chb02/chb02_16.edf,train,133120,135168,520.0,528.0,0,0,0.0,b50345b4b7d35d2735e3d2fc5f7df3e39a60916a881a11f2cd40337e529ea3fa,bipolar18-int16-any-overlap-8s-v1
chb02/chb02_16.edf:135168,chb02,chb02,chb02/chb02_16.edf,train,135168,137216,528.0,536.0,0,0,0.0,b50345b4b7d35d2735e3d2fc5f7df3e39a60916a881a11f2cd40337e529ea3fa,bipolar18-int16-any-overlap-8s-v1
chb02/chb02_16.edf:137216,chb02,chb02,chb02/chb02_16.edf,train,137216,139264,536.0,544.0,0,0,0.0,b50345b4b7d35d2735e3d2fc5f7df3e39a60916a881a11f2cd40337e529ea3fa,bipolar18-int16-any-overlap-8s-v1
chb02/chb02_16.edf:139264,chb02,chb02,chb02/chb02_16.edf,train,139264,141312,544.0,552.0,0,0,0.0,b50345b4b7d35d2735e3d2fc5f7df3e39a60916a881a11f2cd40337e529ea3fa,bipolar18-int16-any-overlap-8s-v1
chb02/chb02_16.edf:141312,chb02,chb02,chb02/chb02_16.edf,train,141312,143360,552.0,560.0,0,0,0.0,b50345b4b7d35d2735e3d2fc5f7df3e39a60916a881a11f2cd40337e529ea3fa,bipolar18-int16-any-overlap-8s-v1
chb02/chb02_16.edf:143360,chb02,chb02,chb02/chb02_16.edf,train,143360,145408,560.0,568.0,0,0,0.0,b50345b4b7d35d2735e3d2fc5f7df3e39a60916a881a11f2cd40337e529ea3fa,bipolar18-int16-any-overlap-8s-v1
chb02/chb02_16.edf:145408,chb02,chb02,chb02/chb02_16.edf,train,145408,147456,568.0,576.0,0,0,0.0,b50345b4b7d35d2735e3d2fc5f7df3e39a60916a881a11f2cd40337e529ea3fa,bipolar18-int16-any-overlap-8s-v1
chb02/chb02_16.edf:147456,chb02,chb02,chb02/chb02_16.edf,train,147456,149504,576.0,584.0,0,0,0.0,b50345b4b7d35d2735e3d2fc5f7df3e39a60916a881a11f2cd40337e529ea3fa,bipolar18-int16-any-overlap-8s-v1
chb02/chb02_16.edf:149504,chb02,chb02,chb02/chb02_16.edf,train,149504,151552,584.0,592.0,0,0,0.0,b50345b4b7d35d2735e3d2fc5f7df3e39a60916a881a11f2cd40337e529ea3fa,bipolar18-int16-any-overlap-8s-v1
chb02/chb02_16.edf:151552,chb02,chb02,chb02/chb02_16.edf,train,151552,153600,592.0,600.0,0,0,0.0,b50345b4b7d35d2735e3d2fc5f7df3e39a60916a881a11f2cd40337e529ea3fa,bipolar18-int16-any-overlap-8s-v1
chb02/chb02_16.edf:153600,chb02,chb02,chb02/chb02_16.edf,train,153600,155648,600.0,608.0,0,0,0.0,b50345b4b7d35d2735e3d2fc5f7df3e39a60916a881a11f2cd40337e529ea3fa,bipolar18-int16-any-overlap-8s-v1
chb02/chb02_16.edf:155648,chb02,chb02,chb02/chb02_16.edf,train,155648,157696,608.0,616.0,0,0,0.0,b50345b4b7d35d2735e3d2fc5f7df3e39a60916a881a11f2cd40337e529ea3fa,bipolar18-int16-any-overlap-8s-v1
chb02/chb02_16.edf:157696,chb02,chb02,chb02/chb02_16.edf,train,157696,159744,616.0,624.0,0,0,0.0,b50345b4b7d35d2735e3d2fc5f7df3e39a60916a881a11f2cd40337e529ea3fa,bipolar18-int16-any-overlap-8s-v1
chb02/chb02_16.edf:159744,chb02,chb02,chb02/chb02_16.edf,train,159744,161792,624.0,632.0,0,0,0.0,b50345b4b7d35d2735e3d2fc5f7df3e39a60916a881a11f2cd40337e529ea3fa,bipolar18-int16-any-overlap-8s-v1
chb02/chb02_16.edf:161792,chb02,chb02,chb02/chb02_16.edf,train,161792,163840,632.0,640.0,0,0,0.0,b50345b4b7d35d2735e3d2fc5f7df3e39a60916a881a11f2cd40337e529ea3fa,bipolar18-int16-any-overlap-8s-v1
chb02/chb02_16.edf:163840,chb02,chb02,chb02/chb02_16.edf,train,163840,165888,640.0,648.0,0,0,0.0,b50345b4b7d35d2735e3d2fc5f7df3e39a60916a881a11f2cd40337e529ea3fa,bipolar18-int16-any-overlap-8s-v1
chb02/chb02_16.edf:165888,chb02,chb02,chb02/chb02_16.edf,train,165888,167936,648.0,656.0,0,0,0.0,b50345b4b7d35d2735e3d2fc5f7df3e39a60916a881a11f2cd40337e529ea3fa,bipolar18-int16-any-overlap-8s-v1
chb02/chb02_16.edf:167936,chb02,chb02,chb02/chb02_16.edf,train,167936,169984,656.0,664.0,0,0,0.0,b50345b4b7d35d2735e3d2fc5f7df3e39a60916a881a11f2cd40337e529ea3fa,bipolar18-int16-any-overlap-8s-v1
chb02/chb02_16.edf:169984,chb02,chb02,chb02/chb02_16.edf,train,169984,172032,664.0,672.0,0,0,0.0,b50345b4b7d35d2735e3d2fc5f7df3e39a60916a881a11f2cd40337e529ea3fa,bipolar18-int16-any-overlap-8s-v1
chb02/chb02_16.edf:172032,chb02,chb02,chb02/chb02_16.edf,train,172032,174080,672.0,680.0,0,0,0.0,b50345b4b7d35d2735e3d2fc5f7df3e39a60916a881a11f2cd40337e529ea3fa,bipolar18-int16-any-overlap-8s-v1
chb02/chb02_16.edf:174080,chb02,chb02,chb02/chb02_16.edf,train,174080,176128,680.0,688.0,0,0,0.0,b50345b4b7d35d2735e3d2fc5f7df3e39a60916a881a11f2cd40337e529ea3fa,bipolar18-int16-any-overlap-8s-v1
chb02/chb02_16.edf:176128,chb02,chb02,chb02/chb02_16.edf,train,176128,178176,688.0,696.0,0,0,0.0,b50345b4b7d35d2735e3d2fc5f7df3e39a60916a881a11f2cd40337e529ea3fa,bipolar18-int16-any-overlap-8s-v1
chb02/chb02_16.edf:178176,chb02,chb02,chb02/chb02_16.edf,train,178176,180224,696.0,704.0,0,0,0.0,b50345b4b7d35d2735e3d2fc5f7df3e39a60916a881a11f2cd40337e529ea3fa,bipolar18-int16-any-overlap-8s-v1
chb02/chb02_16.edf:180224,chb02,chb02,chb02/chb02_16.edf,train,180224,182272,704.0,712.0,0,0,0.0,b50345b4b7d35d2735e3d2fc5f7df3e39a60916a881a11f2cd40337e529ea3fa,bipolar18-int16-any-overlap-8s-v1
chb02/chb02_16.edf:182272,chb02,chb02,chb02/chb02_16.edf,train,182272,184320,712.0,720.0,0,0,0.0,b50345b4b7d35d2735e3d2fc5f7df3e39a60916a881a11f2cd40337e529ea3fa,bipolar18-int16-any-overlap-8s-v1
chb02/chb02_16.edf:184320,chb02,chb02,chb02/chb02_16.edf,train,184320,186368,720.0,728.0,0,0,0.0,b50345b4b7d35d2735e3d2fc5f7df3e39a60916a881a11f2cd40337e529ea3fa,bipolar18-int16-any-overlap-8s-v1
chb02/chb02_16.edf:186368,chb02,chb02,chb02/chb02_16.edf,train,186368,188416,728.0,736.0,0,0,0.0,b50345b4b7d35d2735e3d2fc5f7df3e39a60916a881a11f2cd40337e529ea3fa,bipolar18-int16-any-overlap-8s-v1
chb02/chb02_16.edf:188416,chb02,chb02,chb02/chb02_16.edf,train,188416,190464,736.0,744.0,0,0,0.0,b50345b4b7d35d2735e3d2fc5f7df3e39a60916a881a11f2cd40337e529ea3fa,bipolar18-int16-any-overlap-8s-v1
chb02/chb02_16.edf:190464,chb02,chb02,chb02/chb02_16.edf,train,190464,192512,744.0,752.0,0,0,0.0,b50345b4b7d35d2735e3d2fc5f7df3e39a60916a881a11f2cd40337e529ea3fa,bipolar18-int16-any-overlap-8s-v1
chb02/chb02_16.edf:192512,chb02,chb02,chb02/chb02_16.edf,train,192512,194560,752.0,760.0,0,0,0.0,b50345b4b7d35d2735e3d2fc5f7df3e39a60916a881a11f2cd40337e529ea3fa,bipolar18-int16-any-overlap-8s-v1
chb02/chb02_16.edf:194560,chb02,chb02,chb02/chb02_16.edf,train,194560,196608,760.0,768.0,0,0,0.0,b50345b4b7d35d2735e3d2fc5f7df3e39a60916a881a11f2cd40337e529ea3fa,bipolar18-int16-any-overlap-8s-v1
chb02/chb02_16.edf:196608,chb02,chb02,chb02/chb02_16.edf,train,196608,198656,768.0,776.0,0,0,0.0,b50345b4b7d35d2735e3d2fc5f7df3e39a60916a881a11f2cd40337e529ea3fa,bipolar18-int16-any-overlap-8s-v1
chb02/chb02_16.edf:198656,chb02,chb02,chb02/chb02_16.edf,train,198656,200704,776.0,784.0,0,0,0.0,b50345b4b7d35d2735e3d2fc5f7df3e39a60916a881a11f2cd40337e529ea3fa,bipolar18-int16-any-overlap-8s-v1
chb02/chb02_16.edf:200704,chb02,chb02,chb02/chb02_16.edf,train,200704,202752,784.0,792.0,0,0,0.0,b50345b4b7d35d2735e3d2fc5f7df3e39a60916a881a11f2cd40337e529ea3fa,bipolar18-int16-any-overlap-8s-v1
chb02/chb02_16.edf:202752,chb02,chb02,chb02/chb02_16.edf,train,202752,204800,792.0,800.0,0,0,0.0,b50345b4b7d35d2735e3d2fc5f7df3e39a60916a881a11f2cd40337e529ea3fa,bipolar18-int16-any-overlap-8s-v1
chb02/chb02_16.edf:204800,chb02,chb02,chb02/chb02_16.edf,train,204800,206848,800.0,808.0,0,0,0.0,b50345b4b7d35d2735e3d2fc5f7df3e39a60916a881a11f2cd40337e529ea3fa,bipolar18-int16-any-overlap-8s-v1
chb02/chb02_16.edf:206848,chb02,chb02,chb02/chb02_16.edf,train,206848,208896,808.0,816.0,0,0,0.0,b50345b4b7d35d2735e3d2fc5f7df3e39a60916a881a11f2cd40337e529ea3fa,bipolar18-int16-any-overlap-8s-v1
chb02/chb02_16.edf:208896,chb02,chb02,chb02/chb02_16.edf,train,208896,210944,816.0,824.0,0,0,0.0,b50345b4b7d35d2735e3d2fc5f7df3e39a60916a881a11f2cd40337e529ea3fa,bipolar18-int16-any-overlap-8s-v1
chb02/chb02_16.edf:210944,chb02,chb02,chb02/chb02_16.edf,train,210944,212992,824.0,832.0,0,0,0.0,b50345b4b7d35d2735e3d2fc5f7df3e39a60916a881a11f2cd40337e529ea3fa,bipolar18-int16-any-overlap-8s-v1
chb02/chb02_16.edf:212992,chb02,chb02,chb02/chb02_16.edf,train,212992,215040,832.0,840.0,0,0,0.0,b50345b4b7d35d2735e3d2fc5f7df3e39a60916a881a11f2cd40337e529ea3fa,bipolar18-int16-any-overlap-8s-v1
chb02/chb02_16.edf:215040,chb02,chb02,chb02/chb02_16.edf,train,215040,217088,840.0,848.0,0,0,0.0,b50345b4b7d35d2735e3d2fc5f7df3e39a60916a881a11f2cd40337e529ea3fa,bipolar18-int16-any-overlap-8s-v1
chb02/chb02_16.edf:217088,chb02,chb02,chb02/chb02_16.edf,train,217088,219136,848.0,856.0,0,0,0.0,b50345b4b7d35d2735e3d2fc5f7df3e39a60916a881a11f2cd40337e529ea3fa,bipolar18-int16-any-overlap-8s-v1
chb02/chb02_16.edf:219136,chb02,chb02,chb02/chb02_16.edf,train,219136,221184,856.0,864.0,0,0,0.0,b50345b4b7d35d2735e3d2fc5f7df3e39a60916a881a11f2cd40337e529ea3fa,bipolar18-int16-any-overlap-8s-v1
chb02/chb02_16.edf:221184,chb02,chb02,chb02/chb02_16.edf,train,221184,223232,864.0,872.0,0,0,0.0,b50345b4b7d35d2735e3d2fc5f7df3e39a60916a881a11f2cd40337e529ea3fa,bipolar18-int16-any-overlap-8s-v1
chb02/chb02_16.edf:223232,chb02,chb02,chb02/chb02_16.edf,train,223232,225280,872.0,880.0,0,0,0.0,b50345b4b7d35d2735e3d2fc5f7df3e39a60916a881a11f2cd40337e529ea3fa,bipolar18-int16-any-overlap-8s-v1
chb02/chb02_16.edf:225280,chb02,chb02,chb02/chb02_16.edf,train,225280,227328,880.0,888.0,0,0,0.0,b50345b4b7d35d2735e3d2fc5f7df3e39a60916a881a11f2cd40337e529ea3fa,bipolar18-int16-any-overlap-8s-v1
chb02/chb02_16.edf:227328,chb02,chb02,chb02/chb02_16.edf,train,227328,229376,888.0,896.0,0,0,0.0,b50345b4b7d35d2735e3d2fc5f7df3e39a60916a881a11f2cd40337e529ea3fa,bipolar18-int16-any-overlap-8s-v1
chb02/chb02_16.edf:229376,chb02,chb02,chb02/chb02_16.edf,train,229376,231424,896.0,904.0,0,0,0.0,b50345b4b7d35d2735e3d2fc5f7df3e39a60916a881a11f2cd40337e529ea3fa,bipolar18-int16-any-overlap-8s-v1
chb02/chb02_16.edf:231424,chb02,chb02,chb02/chb02_16.edf,train,231424,233472,904.0,912.0,0,0,0.0,b50345b4b7d35d2735e3d2fc5f7df3e39a60916a881a11f2cd40337e529ea3fa,bipolar18-int16-any-overlap-8s-v1
chb02/chb02_16.edf:233472,chb02,chb02,chb02/chb02_16.edf,train,233472,235520,912.0,920.0,0,0,0.0,b50345b4b7d35d2735e3d2fc5f7df3e39a60916a881a11f2cd40337e529ea3fa,bipolar18-int16-any-overlap-8s-v1
chb02/chb02_16.edf:235520,chb02,chb02,chb02/chb02_16.edf,train,235520,237568,920.0,928.0,0,0,0.0,b50345b4b7d35d2735e3d2fc5f7df3e39a60916a881a11f2cd40337e529ea3fa,bipolar18-int16-any-overlap-8s-v1
chb02/chb02_16.edf:237568,chb02,chb02,chb02/chb02_16.edf,train,237568,239616,928.0,936.0,0,0,0.0,b50345b4b7d35d2735e3d2fc5f7df3e39a60916a881a11f2cd40337e529ea3fa,bipolar18-int16-any-overlap-8s-v1
chb02/chb02_16.edf:239616,chb02,chb02,chb02/chb02_16.edf,train,239616,241664,936.0,944.0,0,0,0.0,b50345b4b7d35d2735e3d2fc5f7df3e39a60916a881a11f2cd40337e529ea3fa,bipolar18-int16-any-overlap-8s-v1
chb02/chb02_16.edf:241664,chb02,chb02,chb02/chb02_16.edf,train,241664,243712,944.0,952.0,0,0,0.0,b50345b4b7d35d2735e3d2fc5f7df3e39a60916a881a11f2cd40337e529ea3fa,bipolar18-int16-any-overlap-8s-v1
chb05/chb05_01.edf:0,chb05,chb05,chb05/chb05_01.edf,validation,0,2048,0.0,8.0,0,0,0.0,8840c7d7b32becffdc2ae35eff4c6e222bf15a23c28b0367005e9ece355daf4c,bipolar18-int16-any-overlap-8s-v1
chb05/chb05_01.edf:2048,chb05,chb05,chb05/chb05_01.edf,validation,2048,4096,8.0,16.0,0,0,0.0,8840c7d7b32becffdc2ae35eff4c6e222bf15a23c28b0367005e9ece355daf4c,bipolar18-int16-any-overlap-8s-v1
chb05/chb05_01.edf:4096,chb05,chb05,chb05/chb05_01.edf,validation,4096,6144,16.0,24.0,0,0,0.0,8840c7d7b32becffdc2ae35eff4c6e222bf15a23c28b0367005e9ece355daf4c,bipolar18-int16-any-overlap-8s-v1
chb05/chb05_01.edf:6144,chb05,chb05,chb05/chb05_01.edf,validation,6144,8192,24.0,32.0,0,0,0.0,8840c7d7b32becffdc2ae35eff4c6e222bf15a23c28b0367005e9ece355daf4c,bipolar18-int16-any-overlap-8s-v1
chb05/chb05_01.edf:8192,chb05,chb05,chb05/chb05_01.edf,validation,8192,10240,32.0,40.0,0,0,0.0,8840c7d7b32becffdc2ae35eff4c6e222bf15a23c28b0367005e9ece355daf4c,bipolar18-int16-any-overlap-8s-v1
chb05/chb05_01.edf:10240,chb05,chb05,chb05/chb05_01.edf,validation,10240,12288,40.0,48.0,0,0,0.0,8840c7d7b32becffdc2ae35eff4c6e222bf15a23c28b0367005e9ece355daf4c,bipolar18-int16-any-overlap-8s-v1
chb05/chb05_01.edf:12288,chb05,chb05,chb05/chb05_01.edf,validation,12288,14336,48.0,56.0,0,0,0.0,8840c7d7b32becffdc2ae35eff4c6e222bf15a23c28b0367005e9ece355daf4c,bipolar18-int16-any-overlap-8s-v1
chb05/chb05_01.edf:14336,chb05,chb05,chb05/chb05_01.edf,validation,14336,16384,56.0,64.0,0,0,0.0,8840c7d7b32becffdc2ae35eff4c6e222bf15a23c28b0367005e9ece355daf4c,bipolar18-int16-any-overlap-8s-v1
chb05/chb05_01.edf:16384,chb05,chb05,chb05/chb05_01.edf,validation,16384,18432,64.0,72.0,0,0,0.0,8840c7d7b32becffdc2ae35eff4c6e222bf15a23c28b0367005e9ece355daf4c,bipolar18-int16-any-overlap-8s-v1
chb05/chb05_01.edf:18432,chb05,chb05,chb05/chb05_01.edf,validation,18432,20480,72.0,80.0,0,0,0.0,8840c7d7b32becffdc2ae35eff4c6e222bf15a23c28b0367005e9ece355daf4c,bipolar18-int16-any-overlap-8s-v1
chb05/chb05_01.edf:20480,chb05,chb05,chb05/chb05_01.edf,validation,20480,22528,80.0,88.0,0,0,0.0,8840c7d7b32becffdc2ae35eff4c6e222bf15a23c28b0367005e9ece355daf4c,bipolar18-int16-any-overlap-8s-v1
chb05/chb05_01.edf:22528,chb05,chb05,chb05/chb05_01.edf,validation,22528,24576,88.0,96.0,0,0,0.0,8840c7d7b32becffdc2ae35eff4c6e222bf15a23c28b0367005e9ece355daf4c,bipolar18-int16-any-overlap-8s-v1
chb05/chb05_01.edf:24576,chb05,chb05,chb05/chb05_01.edf,validation,24576,26624,96.0,104.0,0,0,0.0,8840c7d7b32becffdc2ae35eff4c6e222bf15a23c28b0367005e9ece355daf4c,bipolar18-int16-any-overlap-8s-v1
chb05/chb05_01.edf:26624,chb05,chb05,chb05/chb05_01.edf,validation,26624,28672,104.0,112.0,0,0,0.0,8840c7d7b32becffdc2ae35eff4c6e222bf15a23c28b0367005e9ece355daf4c,bipolar18-int16-any-overlap-8s-v1
chb05/chb05_01.edf:28672,chb05,chb05,chb05/chb05_01.edf,validation,28672,30720,112.0,120.0,0,0,0.0,8840c7d7b32becffdc2ae35eff4c6e222bf15a23c28b0367005e9ece355daf4c,bipolar18-int16-any-overlap-8s-v1
chb05/chb05_01.edf:30720,chb05,chb05,chb05/chb05_01.edf,validation,30720,32768,120.0,128.0,0,0,0.0,8840c7d7b32becffdc2ae35eff4c6e222bf15a23c28b0367005e9ece355daf4c,bipolar18-int16-any-overlap-8s-v1
chb05/chb05_01.edf:32768,chb05,chb05,chb05/chb05_01.edf,validation,32768,34816,128.0,136.0,0,0,0.0,8840c7d7b32becffdc2ae35eff4c6e222bf15a23c28b0367005e9ece355daf4c,bipolar18-int16-any-overlap-8s-v1
chb05/chb05_01.edf:34816,chb05,chb05,chb05/chb05_01.edf,validation,34816,36864,136.0,144.0,0,0,0.0,8840c7d7b32becffdc2ae35eff4c6e222bf15a23c28b0367005e9ece355daf4c,bipolar18-int16-any-overlap-8s-v1
chb05/chb05_01.edf:36864,chb05,chb05,chb05/chb05_01.edf,validation,36864,38912,144.0,152.0,0,0,0.0,8840c7d7b32becffdc2ae35eff4c6e222bf15a23c28b0367005e9ece355daf4c,bipolar18-int16-any-overlap-8s-v1
chb05/chb05_01.edf:38912,chb05,chb05,chb05/chb05_01.edf,validation,38912,40960,152.0,160.0,0,0,0.0,8840c7d7b32becffdc2ae35eff4c6e222bf15a23c28b0367005e9ece355daf4c,bipolar18-int16-any-overlap-8s-v1
chb05/chb05_01.edf:40960,chb05,chb05,chb05/chb05_01.edf,validation,40960,43008,160.0,168.0,0,0,0.0,8840c7d7b32becffdc2ae35eff4c6e222bf15a23c28b0367005e9ece355daf4c,bipolar18-int16-any-overlap-8s-v1
chb05/chb05_01.edf:43008,chb05,chb05,chb05/chb05_01.edf,validation,43008,45056,168.0,176.0,0,0,0.0,8840c7d7b32becffdc2ae35eff4c6e222bf15a23c28b0367005e9ece355daf4c,bipolar18-int16-any-overlap-8s-v1
chb05/chb05_01.edf:45056,chb05,chb05,chb05/chb05_01.edf,validation,45056,47104,176.0,184.0,0,0,0.0,8840c7d7b32becffdc2ae35eff4c6e222bf15a23c28b0367005e9ece355daf4c,bipolar18-int16-any-overlap-8s-v1
chb05/chb05_01.edf:47104,chb05,chb05,chb05/chb05_01.edf,validation,47104,49152,184.0,192.0,0,0,0.0,8840c7d7b32becffdc2ae35eff4c6e222bf15a23c28b0367005e9ece355daf4c,bipolar18-int16-any-overlap-8s-v1
chb05/chb05_01.edf:49152,chb05,chb05,chb05/chb05_01.edf,validation,49152,51200,192.0,200.0,0,0,0.0,8840c7d7b32becffdc2ae35eff4c6e222bf15a23c28b0367005e9ece355daf4c,bipolar18-int16-any-overlap-8s-v1
chb05/chb05_01.edf:51200,chb05,chb05,chb05/chb05_01.edf,validation,51200,53248,200.0,208.0,0,0,0.0,8840c7d7b32becffdc2ae35eff4c6e222bf15a23c28b0367005e9ece355daf4c,bipolar18-int16-any-overlap-8s-v1
chb05/chb05_01.edf:53248,chb05,chb05,chb05/chb05_01.edf,validation,53248,55296,208.0,216.0,0,0,0.0,8840c7d7b32becffdc2ae35eff4c6e222bf15a23c28b0367005e9ece355daf4c,bipolar18-int16-any-overlap-8s-v1
chb05/chb05_01.edf:55296,chb05,chb05,chb05/chb05_01.edf,validation,55296,57344,216.0,224.0,0,0,0.0,8840c7d7b32becffdc2ae35eff4c6e222bf15a23c28b0367005e9ece355daf4c,bipolar18-int16-any-overlap-8s-v1
chb05/chb05_01.edf:57344,chb05,chb05,chb05/chb05_01.edf,validation,57344,59392,224.0,232.0,0,0,0.0,8840c7d7b32becffdc2ae35eff4c6e222bf15a23c28b0367005e9ece355daf4c,bipolar18-int16-any-overlap-8s-v1
chb05/chb05_01.edf:59392,chb05,chb05,chb05/chb05_01.edf,validation,59392,61440,232.0,240.0,0,0,0.0,8840c7d7b32becffdc2ae35eff4c6e222bf15a23c28b0367005e9ece355daf4c,bipolar18-int16-any-overlap-8s-v1
chb05/chb05_01.edf:61440,chb05,chb05,chb05/chb05_01.edf,validation,61440,63488,240.0,248.0,0,0,0.0,8840c7d7b32becffdc2ae35eff4c6e222bf15a23c28b0367005e9ece355daf4c,bipolar18-int16-any-overlap-8s-v1
chb05/chb05_01.edf:63488,chb05,chb05,chb05/chb05_01.edf,validation,63488,65536,248.0,256.0,0,0,0.0,8840c7d7b32becffdc2ae35eff4c6e222bf15a23c28b0367005e9ece355daf4c,bipolar18-int16-any-overlap-8s-v1
chb05/chb05_01.edf:65536,chb05,chb05,chb05/chb05_01.edf,validation,65536,67584,256.0,264.0,0,0,0.0,8840c7d7b32becffdc2ae35eff4c6e222bf15a23c28b0367005e9ece355daf4c,bipolar18-int16-any-overlap-8s-v1
chb05/chb05_01.edf:67584,chb05,chb05,chb05/chb05_01.edf,validation,67584,69632,264.0,272.0,0,0,0.0,8840c7d7b32becffdc2ae35eff4c6e222bf15a23c28b0367005e9ece355daf4c,bipolar18-int16-any-overlap-8s-v1
chb05/chb05_01.edf:69632,chb05,chb05,chb05/chb05_01.edf,validation,69632,71680,272.0,280.0,0,0,0.0,8840c7d7b32becffdc2ae35eff4c6e222bf15a23c28b0367005e9ece355daf4c,bipolar18-int16-any-overlap-8s-v1
chb05/chb05_01.edf:71680,chb05,chb05,chb05/chb05_01.edf,validation,71680,73728,280.0,288.0,0,0,0.0,8840c7d7b32becffdc2ae35eff4c6e222bf15a23c28b0367005e9ece355daf4c,bipolar18-int16-any-overlap-8s-v1
chb05/chb05_01.edf:73728,chb05,chb05,chb05/chb05_01.edf,validation,73728,75776,288.0,296.0,0,0,0.0,8840c7d7b32becffdc2ae35eff4c6e222bf15a23c28b0367005e9ece355daf4c,bipolar18-int16-any-overlap-8s-v1
chb05/chb05_01.edf:75776,chb05,chb05,chb05/chb05_01.edf,validation,75776,77824,296.0,304.0,0,0,0.0,8840c7d7b32becffdc2ae35eff4c6e222bf15a23c28b0367005e9ece355daf4c,bipolar18-int16-any-overlap-8s-v1
chb05/chb05_01.edf:77824,chb05,chb05,chb05/chb05_01.edf,validation,77824,79872,304.0,312.0,0,0,0.0,8840c7d7b32becffdc2ae35eff4c6e222bf15a23c28b0367005e9ece355daf4c,bipolar18-int16-any-overlap-8s-v1
chb05/chb05_01.edf:79872,chb05,chb05,chb05/chb05_01.edf,validation,79872,81920,312.0,320.0,0,0,0.0,8840c7d7b32becffdc2ae35eff4c6e222bf15a23c28b0367005e9ece355daf4c,bipolar18-int16-any-overlap-8s-v1
chb05/chb05_01.edf:81920,chb05,chb05,chb05/chb05_01.edf,validation,81920,83968,320.0,328.0,0,0,0.0,8840c7d7b32becffdc2ae35eff4c6e222bf15a23c28b0367005e9ece355daf4c,bipolar18-int16-any-overlap-8s-v1
chb05/chb05_01.edf:83968,chb05,chb05,chb05/chb05_01.edf,validation,83968,86016,328.0,336.0,0,0,0.0,8840c7d7b32becffdc2ae35eff4c6e222bf15a23c28b0367005e9ece355daf4c,bipolar18-int16-any-overlap-8s-v1
chb05/chb05_01.edf:86016,chb05,chb05,chb05/chb05_01.edf,validation,86016,88064,336.0,344.0,0,0,0.0,8840c7d7b32becffdc2ae35eff4c6e222bf15a23c28b0367005e9ece355daf4c,bipolar18-int16-any-overlap-8s-v1
chb05/chb05_01.edf:88064,chb05,chb05,chb05/chb05_01.edf,validation,88064,90112,344.0,352.0,0,0,0.0,8840c7d7b32becffdc2ae35eff4c6e222bf15a23c28b0367005e9ece355daf4c,bipolar18-int16-any-overlap-8s-v1
chb05/chb05_01.edf:90112,chb05,chb05,chb05/chb05_01.edf,validation,90112,92160,352.0,360.0,0,0,0.0,8840c7d7b32becffdc2ae35eff4c6e222bf15a23c28b0367005e9ece355daf4c,bipolar18-int16-any-overlap-8s-v1
chb05/chb05_01.edf:92160,chb05,chb05,chb05/chb05_01.edf,validation,92160,94208,360.0,368.0,0,0,0.0,8840c7d7b32becffdc2ae35eff4c6e222bf15a23c28b0367005e9ece355daf4c,bipolar18-int16-any-overlap-8s-v1
chb05/chb05_01.edf:94208,chb05,chb05,chb05/chb05_01.edf,validation,94208,96256,368.0,376.0,0,0,0.0,8840c7d7b32becffdc2ae35eff4c6e222bf15a23c28b0367005e9ece355daf4c,bipolar18-int16-any-overlap-8s-v1
chb05/chb05_01.edf:96256,chb05,chb05,chb05/chb05_01.edf,validation,96256,98304,376.0,384.0,0,0,0.0,8840c7d7b32becffdc2ae35eff4c6e222bf15a23c28b0367005e9ece355daf4c,bipolar18-int16-any-overlap-8s-v1
chb05/chb05_01.edf:98304,chb05,chb05,chb05/chb05_01.edf,validation,98304,100352,384.0,392.0,0,0,0.0,8840c7d7b32becffdc2ae35eff4c6e222bf15a23c28b0367005e9ece355daf4c,bipolar18-int16-any-overlap-8s-v1
chb05/chb05_01.edf:100352,chb05,chb05,chb05/chb05_01.edf,validation,100352,102400,392.0,400.0,0,0,0.0,8840c7d7b32becffdc2ae35eff4c6e222bf15a23c28b0367005e9ece355daf4c,bipolar18-int16-any-overlap-8s-v1
chb05/chb05_01.edf:102400,chb05,chb05,chb05/chb05_01.edf,validation,102400,104448,400.0,408.0,0,0,0.0,8840c7d7b32becffdc2ae35eff4c6e222bf15a23c28b0367005e9ece355daf4c,bipolar18-int16-any-overlap-8s-v1
chb05/chb05_01.edf:104448,chb05,chb05,chb05/chb05_01.edf,validation,104448,106496,408.0,416.0,0,0,0.0,8840c7d7b32becffdc2ae35eff4c6e222bf15a23c28b0367005e9ece355daf4c,bipolar18-int16-any-overlap-8s-v1
chb05/chb05_01.edf:106496,chb05,chb05,chb05/chb05_01.edf,validation,106496,108544,416.0,424.0,0,0,0.0,8840c7d7b32becffdc2ae35eff4c6e222bf15a23c28b0367005e9ece355daf4c,bipolar18-int16-any-overlap-8s-v1
chb05/chb05_01.edf:108544,chb05,chb05,chb05/chb05_01.edf,validation,108544,110592,424.0,432.0,0,0,0.0,8840c7d7b32becffdc2ae35eff4c6e222bf15a23c28b0367005e9ece355daf4c,bipolar18-int16-any-overlap-8s-v1
chb05/chb05_01.edf:110592,chb05,chb05,chb05/chb05_01.edf,validation,110592,112640,432.0,440.0,0,0,0.0,8840c7d7b32becffdc2ae35eff4c6e222bf15a23c28b0367005e9ece355daf4c,bipolar18-int16-any-overlap-8s-v1
chb05/chb05_01.edf:112640,chb05,chb05,chb05/chb05_01.edf,validation,112640,114688,440.0,448.0,0,0,0.0,8840c7d7b32becffdc2ae35eff4c6e222bf15a23c28b0367005e9ece355daf4c,bipolar18-int16-any-overlap-8s-v1
chb05/chb05_01.edf:114688,chb05,chb05,chb05/chb05_01.edf,validation,114688,116736,448.0,456.0,0,0,0.0,8840c7d7b32becffdc2ae35eff4c6e222bf15a23c28b0367005e9ece355daf4c,bipolar18-int16-any-overlap-8s-v1
chb05/chb05_01.edf:116736,chb05,chb05,chb05/chb05_01.edf,validation,116736,118784,456.0,464.0,0,0,0.0,8840c7d7b32becffdc2ae35eff4c6e222bf15a23c28b0367005e9ece355daf4c,bipolar18-int16-any-overlap-8s-v1
chb05/chb05_01.edf:118784,chb05,chb05,chb05/chb05_01.edf,validation,118784,120832,464.0,472.0,0,0,0.0,8840c7d7b32becffdc2ae35eff4c6e222bf15a23c28b0367005e9ece355daf4c,bipolar18-int16-any-overlap-8s-v1
chb05/chb05_01.edf:120832,chb05,chb05,chb05/chb05_01.edf,validation,120832,122880,472.0,480.0,0,0,0.0,8840c7d7b32becffdc2ae35eff4c6e222bf15a23c28b0367005e9ece355daf4c,bipolar18-int16-any-overlap-8s-v1
chb05/chb05_01.edf:122880,chb05,chb05,chb05/chb05_01.edf,validation,122880,124928,480.0,488.0,0,0,0.0,8840c7d7b32becffdc2ae35eff4c6e222bf15a23c28b0367005e9ece355daf4c,bipolar18-int16-any-overlap-8s-v1
chb05/chb05_01.edf:124928,chb05,chb05,chb05/chb05_01.edf,validation,124928,126976,488.0,496.0,0,0,0.0,8840c7d7b32becffdc2ae35eff4c6e222bf15a23c28b0367005e9ece355daf4c,bipolar18-int16-any-overlap-8s-v1
chb05/chb05_01.edf:126976,chb05,chb05,chb05/chb05_01.edf,validation,126976,129024,496.0,504.0,0,0,0.0,8840c7d7b32becffdc2ae35eff4c6e222bf15a23c28b0367005e9ece355daf4c,bipolar18-int16-any-overlap-8s-v1
chb05/chb05_01.edf:129024,chb05,chb05,chb05/chb05_01.edf,validation,129024,131072,504.0,512.0,0,0,0.0,8840c7d7b32becffdc2ae35eff4c6e222bf15a23c28b0367005e9ece355daf4c,bipolar18-int16-any-overlap-8s-v1
chb05/chb05_01.edf:131072,chb05,chb05,chb05/chb05_01.edf,validation,131072,133120,512.0,520.0,0,0,0.0,8840c7d7b32becffdc2ae35eff4c6e222bf15a23c28b0367005e9ece355daf4c,bipolar18-int16-any-overlap-8s-v1
chb05/chb05_01.edf:133120,chb05,chb05,chb05/chb05_01.edf,validation,133120,135168,520.0,528.0,0,0,0.0,8840c7d7b32becffdc2ae35eff4c6e222bf15a23c28b0367005e9ece355daf4c,bipolar18-int16-any-overlap-8s-v1
chb05/chb05_01.edf:135168,chb05,chb05,chb05/chb05_01.edf,validation,135168,137216,528.0,536.0,0,0,0.0,8840c7d7b32becffdc2ae35eff4c6e222bf15a23c28b0367005e9ece355daf4c,bipolar18-int16-any-overlap-8s-v1
chb05/chb05_01.edf:137216,chb05,chb05,chb05/chb05_01.edf,validation,137216,139264,536.0,544.0,0,0,0.0,8840c7d7b32becffdc2ae35eff4c6e222bf15a23c28b0367005e9ece355daf4c,bipolar18-int16-any-overlap-8s-v1
chb05/chb05_01.edf:139264,chb05,chb05,chb05/chb05_01.edf,validation,139264,141312,544.0,552.0,0,0,0.0,8840c7d7b32becffdc2ae35eff4c6e222bf15a23c28b0367005e9ece355daf4c,bipolar18-int16-any-overlap-8s-v1
chb05/chb05_01.edf:141312,chb05,chb05,chb05/chb05_01.edf,validation,141312,143360,552.0,560.0,0,0,0.0,8840c7d7b32becffdc2ae35eff4c6e222bf15a23c28b0367005e9ece355daf4c,bipolar18-int16-any-overlap-8s-v1
chb05/chb05_01.edf:143360,chb05,chb05,chb05/chb05_01.edf,validation,143360,145408,560.0,568.0,0,0,0.0,8840c7d7b32becffdc2ae35eff4c6e222bf15a23c28b0367005e9ece355daf4c,bipolar18-int16-any-overlap-8s-v1
chb05/chb05_01.edf:145408,chb05,chb05,chb05/chb05_01.edf,validation,145408,147456,568.0,576.0,0,0,0.0,8840c7d7b32becffdc2ae35eff4c6e222bf15a23c28b0367005e9ece355daf4c,bipolar18-int16-any-overlap-8s-v1
chb05/chb05_01.edf:147456,chb05,chb05,chb05/chb05_01.edf,validation,147456,149504,576.0,584.0,0,0,0.0,8840c7d7b32becffdc2ae35eff4c6e222bf15a23c28b0367005e9ece355daf4c,bipolar18-int16-any-overlap-8s-v1
chb05/chb05_01.edf:149504,chb05,chb05,chb05/chb05_01.edf,validation,149504,151552,584.0,592.0,0,0,0.0,8840c7d7b32becffdc2ae35eff4c6e222bf15a23c28b0367005e9ece355daf4c,bipolar18-int16-any-overlap-8s-v1
chb05/chb05_01.edf:151552,chb05,chb05,chb05/chb05_01.edf,validation,151552,153600,592.0,600.0,0,0,0.0,8840c7d7b32becffdc2ae35eff4c6e222bf15a23c28b0367005e9ece355daf4c,bipolar18-int16-any-overlap-8s-v1
chb05/chb05_01.edf:153600,chb05,chb05,chb05/chb05_01.edf,validation,153600,155648,600.0,608.0,0,0,0.0,8840c7d7b32becffdc2ae35eff4c6e222bf15a23c28b0367005e9ece355daf4c,bipolar18-int16-any-overlap-8s-v1
chb05/chb05_01.edf:155648,chb05,chb05,chb05/chb05_01.edf,validation,155648,157696,608.0,616.0,0,0,0.0,8840c7d7b32becffdc2ae35eff4c6e222bf15a23c28b0367005e9ece355daf4c,bipolar18-int16-any-overlap-8s-v1
chb05/chb05_01.edf:157696,chb05,chb05,chb05/chb05_01.edf,validation,157696,159744,616.0,624.0,0,0,0.0,8840c7d7b32becffdc2ae35eff4c6e222bf15a23c28b0367005e9ece355daf4c,bipolar18-int16-any-overlap-8s-v1
chb05/chb05_01.edf:159744,chb05,chb05,chb05/chb05_01.edf,validation,159744,161792,624.0,632.0,0,0,0.0,8840c7d7b32becffdc2ae35eff4c6e222bf15a23c28b0367005e9ece355daf4c,bipolar18-int16-any-overlap-8s-v1
chb05/chb05_01.edf:161792,chb05,chb05,chb05/chb05_01.edf,validation,161792,163840,632.0,640.0,0,0,0.0,8840c7d7b32becffdc2ae35eff4c6e222bf15a23c28b0367005e9ece355daf4c,bipolar18-int16-any-overlap-8s-v1
chb05/chb05_01.edf:163840,chb05,chb05,chb05/chb05_01.edf,validation,163840,165888,640.0,648.0,0,0,0.0,8840c7d7b32becffdc2ae35eff4c6e222bf15a23c28b0367005e9ece355daf4c,bipolar18-int16-any-overlap-8s-v1
chb05/chb05_01.edf:165888,chb05,chb05,chb05/chb05_01.edf,validation,165888,167936,648.0,656.0,0,0,0.0,8840c7d7b32becffdc2ae35eff4c6e222bf15a23c28b0367005e9ece355daf4c,bipolar18-int16-any-overlap-8s-v1
chb05/chb05_01.edf:167936,chb05,chb05,chb05/chb05_01.edf,validation,167936,169984,656.0,664.0,0,0,0.0,8840c7d7b32becffdc2ae35eff4c6e222bf15a23c28b0367005e9ece355daf4c,bipolar18-int16-any-overlap-8s-v1
chb05/chb05_01.edf:169984,chb05,chb05,chb05/chb05_01.edf,validation,169984,172032,664.0,672.0,0,0,0.0,8840c7d7b32becffdc2ae35eff4c6e222bf15a23c28b0367005e9ece355daf4c,bipolar18-int16-any-overlap-8s-v1
chb05/chb05_01.edf:172032,chb05,chb05,chb05/chb05_01.edf,validation,172032,174080,672.0,680.0,0,0,0.0,8840c7d7b32becffdc2ae35eff4c6e222bf15a23c28b0367005e9ece355daf4c,bipolar18-int16-any-overlap-8s-v1
chb05/chb05_01.edf:174080,chb05,chb05,chb05/chb05_01.edf,validation,174080,176128,680.0,688.0,0,0,0.0,8840c7d7b32becffdc2ae35eff4c6e222bf15a23c28b0367005e9ece355daf4c,bipolar18-int16-any-overlap-8s-v1
chb05/chb05_01.edf:176128,chb05,chb05,chb05/chb05_01.edf,validation,176128,178176,688.0,696.0,0,0,0.0,8840c7d7b32becffdc2ae35eff4c6e222bf15a23c28b0367005e9ece355daf4c,bipolar18-int16-any-overlap-8s-v1
chb05/chb05_01.edf:178176,chb05,chb05,chb05/chb05_01.edf,validation,178176,180224,696.0,704.0,0,0,0.0,8840c7d7b32becffdc2ae35eff4c6e222bf15a23c28b0367005e9ece355daf4c,bipolar18-int16-any-overlap-8s-v1
chb05/chb05_01.edf:180224,chb05,chb05,chb05/chb05_01.edf,validation,180224,182272,704.0,712.0,0,0,0.0,8840c7d7b32becffdc2ae35eff4c6e222bf15a23c28b0367005e9ece355daf4c,bipolar18-int16-any-overlap-8s-v1
chb05/chb05_01.edf:182272,chb05,chb05,chb05/chb05_01.edf,validation,182272,184320,712.0,720.0,0,0,0.0,8840c7d7b32becffdc2ae35eff4c6e222bf15a23c28b0367005e9ece355daf4c,bipolar18-int16-any-overlap-8s-v1
chb05/chb05_01.edf:184320,chb05,chb05,chb05/chb05_01.edf,validation,184320,186368,720.0,728.0,0,0,0.0,8840c7d7b32becffdc2ae35eff4c6e222bf15a23c28b0367005e9ece355daf4c,bipolar18-int16-any-overlap-8s-v1
chb05/chb05_01.edf:186368,chb05,chb05,chb05/chb05_01.edf,validation,186368,188416,728.0,736.0,0,0,0.0,8840c7d7b32becffdc2ae35eff4c6e222bf15a23c28b0367005e9ece355daf4c,bipolar18-int16-any-overlap-8s-v1
chb05/chb05_01.edf:188416,chb05,chb05,chb05/chb05_01.edf,validation,188416,190464,736.0,744.0,0,0,0.0,8840c7d7b32becffdc2ae35eff4c6e222bf15a23c28b0367005e9ece355daf4c,bipolar18-int16-any-overlap-8s-v1
chb05/chb05_01.edf:190464,chb05,chb05,chb05/chb05_01.edf,validation,190464,192512,744.0,752.0,0,0,0.0,8840c7d7b32becffdc2ae35eff4c6e222bf15a23c28b0367005e9ece355daf4c,bipolar18-int16-any-overlap-8s-v1
chb05/chb05_01.edf:192512,chb05,chb05,chb05/chb05_01.edf,validation,192512,194560,752.0,760.0,0,0,0.0,8840c7d7b32becffdc2ae35eff4c6e222bf15a23c28b0367005e9ece355daf4c,bipolar18-int16-any-overlap-8s-v1
chb05/chb05_01.edf:194560,chb05,chb05,chb05/chb05_01.edf,validation,194560,196608,760.0,768.0,0,0,0.0,8840c7d7b32becffdc2ae35eff4c6e222bf15a23c28b0367005e9ece355daf4c,bipolar18-int16-any-overlap-8s-v1
chb05/chb05_01.edf:196608,chb05,chb05,chb05/chb05_01.edf,validation,196608,198656,768.0,776.0,0,0,0.0,8840c7d7b32becffdc2ae35eff4c6e222bf15a23c28b0367005e9ece355daf4c,bipolar18-int16-any-overlap-8s-v1
chb05/chb05_01.edf:198656,chb05,chb05,chb05/chb05_01.edf,validation,198656,200704,776.0,784.0,0,0,0.0,8840c7d7b32becffdc2ae35eff4c6e222bf15a23c28b0367005e9ece355daf4c,bipolar18-int16-any-overlap-8s-v1
chb05/chb05_01.edf:200704,chb05,chb05,chb05/chb05_01.edf,validation,200704,202752,784.0,792.0,0,0,0.0,8840c7d7b32becffdc2ae35eff4c6e222bf15a23c28b0367005e9ece355daf4c,bipolar18-int16-any-overlap-8s-v1
chb05/chb05_01.edf:202752,chb05,chb05,chb05/chb05_01.edf,validation,202752,204800,792.0,800.0,0,0,0.0,8840c7d7b32becffdc2ae35eff4c6e222bf15a23c28b0367005e9ece355daf4c,bipolar18-int16-any-overlap-8s-v1
chb05/chb05_01.edf:204800,chb05,chb05,chb05/chb05_01.edf,validation,204800,206848,800.0,808.0,0,0,0.0,8840c7d7b32becffdc2ae35eff4c6e222bf15a23c28b0367005e9ece355daf4c,bipolar18-int16-any-overlap-8s-v1
chb05/chb05_01.edf:206848,chb05,chb05,chb05/chb05_01.edf,validation,206848,208896,808.0,816.0,0,0,0.0,8840c7d7b32becffdc2ae35eff4c6e222bf15a23c28b0367005e9ece355daf4c,bipolar18-int16-any-overlap-8s-v1
chb05/chb05_01.edf:208896,chb05,chb05,chb05/chb05_01.edf,validation,208896,210944,816.0,824.0,0,0,0.0,8840c7d7b32becffdc2ae35eff4c6e222bf15a23c28b0367005e9ece355daf4c,bipolar18-int16-any-overlap-8s-v1
chb05/chb05_01.edf:210944,chb05,chb05,chb05/chb05_01.edf,validation,210944,212992,824.0,832.0,0,0,0.0,8840c7d7b32becffdc2ae35eff4c6e222bf15a23c28b0367005e9ece355daf4c,bipolar18-int16-any-overlap-8s-v1
chb05/chb05_01.edf:212992,chb05,chb05,chb05/chb05_01.edf,validation,212992,215040,832.0,840.0,0,0,0.0,8840c7d7b32becffdc2ae35eff4c6e222bf15a23c28b0367005e9ece355daf4c,bipolar18-int16-any-overlap-8s-v1
chb05/chb05_01.edf:215040,chb05,chb05,chb05/chb05_01.edf,validation,215040,217088,840.0,848.0,0,0,0.0,8840c7d7b32becffdc2ae35eff4c6e222bf15a23c28b0367005e9ece355daf4c,bipolar18-int16-any-overlap-8s-v1
chb05/chb05_01.edf:217088,chb05,chb05,chb05/chb05_01.edf,validation,217088,219136,848.0,856.0,0,0,0.0,8840c7d7b32becffdc2ae35eff4c6e222bf15a23c28b0367005e9ece355daf4c,bipolar18-int16-any-overlap-8s-v1
chb05/chb05_01.edf:219136,chb05,chb05,chb05/chb05_01.edf,validation,219136,221184,856.0,864.0,0,0,0.0,8840c7d7b32becffdc2ae35eff4c6e222bf15a23c28b0367005e9ece355daf4c,bipolar18-int16-any-overlap-8s-v1
chb05/chb05_01.edf:221184,chb05,chb05,chb05/chb05_01.edf,validation,221184,223232,864.0,872.0,0,0,0.0,8840c7d7b32becffdc2ae35eff4c6e222bf15a23c28b0367005e9ece355daf4c,bipolar18-int16-any-overlap-8s-v1
chb05/chb05_01.edf:223232,chb05,chb05,chb05/chb05_01.edf,validation,223232,225280,872.0,880.0,0,0,0.0,8840c7d7b32becffdc2ae35eff4c6e222bf15a23c28b0367005e9ece355daf4c,bipolar18-int16-any-overlap-8s-v1
chb05/chb05_01.edf:225280,chb05,chb05,chb05/chb05_01.edf,validation,225280,227328,880.0,888.0,0,0,0.0,8840c7d7b32becffdc2ae35eff4c6e222bf15a23c28b0367005e9ece355daf4c,bipolar18-int16-any-overlap-8s-v1
chb05/chb05_01.edf:227328,chb05,chb05,chb05/chb05_01.edf,validation,227328,229376,888.0,896.0,0,0,0.0,8840c7d7b32becffdc2ae35eff4c6e222bf15a23c28b0367005e9ece355daf4c,bipolar18-int16-any-overlap-8s-v1
chb05/chb05_01.edf:229376,chb05,chb05,chb05/chb05_01.edf,validation,229376,231424,896.0,904.0,0,0,0.0,8840c7d7b32becffdc2ae35eff4c6e222bf15a23c28b0367005e9ece355daf4c,bipolar18-int16-any-overlap-8s-v1
chb05/chb05_01.edf:231424,chb05,chb05,chb05/chb05_01.edf,validation,231424,233472,904.0,912.0,0,0,0.0,8840c7d7b32becffdc2ae35eff4c6e222bf15a23c28b0367005e9ece355daf4c,bipolar18-int16-any-overlap-8s-v1
chb05/chb05_01.edf:233472,chb05,chb05,chb05/chb05_01.edf,validation,233472,235520,912.0,920.0,0,0,0.0,8840c7d7b32becffdc2ae35eff4c6e222bf15a23c28b0367005e9ece355daf4c,bipolar18-int16-any-overlap-8s-v1
chb05/chb05_01.edf:235520,chb05,chb05,chb05/chb05_01.edf,validation,235520,237568,920.0,928.0,0,0,0.0,8840c7d7b32becffdc2ae35eff4c6e222bf15a23c28b0367005e9ece355daf4c,bipolar18-int16-any-overlap-8s-v1
chb05/chb05_01.edf:237568,chb05,chb05,chb05/chb05_01.edf,validation,237568,239616,928.0,936.0,0,0,0.0,8840c7d7b32becffdc2ae35eff4c6e222bf15a23c28b0367005e9ece355daf4c,bipolar18-int16-any-overlap-8s-v1
chb05/chb05_01.edf:239616,chb05,chb05,chb05/chb05_01.edf,validation,239616,241664,936.0,944.0,0,0,0.0,8840c7d7b32becffdc2ae35eff4c6e222bf15a23c28b0367005e9ece355daf4c,bipolar18-int16-any-overlap-8s-v1
chb05/chb05_01.edf:241664,chb05,chb05,chb05/chb05_01.edf,validation,241664,243712,944.0,952.0,0,0,0.0,8840c7d7b32becffdc2ae35eff4c6e222bf15a23c28b0367005e9ece355daf4c,bipolar18-int16-any-overlap-8s-v1
chb05/chb05_01.edf:243712,chb05,chb05,chb05/chb05_01.edf,validation,243712,245760,952.0,960.0,0,0,0.0,8840c7d7b32becffdc2ae35eff4c6e222bf15a23c28b0367005e9ece355daf4c,bipolar18-int16-any-overlap-8s-v1
chb05/chb05_01.edf:245760,chb05,chb05,chb05/chb05_01.edf,validation,245760,247808,960.0,968.0,0,0,0.0,8840c7d7b32becffdc2ae35eff4c6e222bf15a23c28b0367005e9ece355daf4c,bipolar18-int16-any-overlap-8s-v1
chb05/chb05_01.edf:247808,chb05,chb05,chb05/chb05_01.edf,validation,247808,249856,968.0,976.0,0,0,0.0,8840c7d7b32becffdc2ae35eff4c6e222bf15a23c28b0367005e9ece355daf4c,bipolar18-int16-any-overlap-8s-v1
chb05/chb05_01.edf:249856,chb05,chb05,chb05/chb05_01.edf,validation,249856,251904,976.0,984.0,0,0,0.0,8840c7d7b32becffdc2ae35eff4c6e222bf15a23c28b0367005e9ece355daf4c,bipolar18-int16-any-overlap-8s-v1
chb05/chb05_01.edf:251904,chb05,chb05,chb05/chb05_01.edf,validation,251904,253952,984.0,992.0,0,0,0.0,8840c7d7b32becffdc2ae35eff4c6e222bf15a23c28b0367005e9ece355daf4c,bipolar18-int16-any-overlap-8s-v1
chb05/chb05_01.edf:253952,chb05,chb05,chb05/chb05_01.edf,validation,253952,256000,992.0,1000.0,0,0,0.0,8840c7d7b32becffdc2ae35eff4c6e222bf15a23c28b0367005e9ece355daf4c,bipolar18-int16-any-overlap-8s-v1
chb05/chb05_01.edf:256000,chb05,chb05,chb05/chb05_01.edf,validation,256000,258048,1000.0,1008.0,0,0,0.0,8840c7d7b32becffdc2ae35eff4c6e222bf15a23c28b0367005e9ece355daf4c,bipolar18-int16-any-overlap-8s-v1
chb05/chb05_01.edf:258048,chb05,chb05,chb05/chb05_01.edf,validation,258048,260096,1008.0,1016.0,0,0,0.0,8840c7d7b32becffdc2ae35eff4c6e222bf15a23c28b0367005e9ece355daf4c,bipolar18-int16-any-overlap-8s-v1
chb05/chb05_01.edf:260096,chb05,chb05,chb05/chb05_01.edf,validation,260096,262144,1016.0,1024.0,0,0,0.0,8840c7d7b32becffdc2ae35eff4c6e222bf15a23c28b0367005e9ece355daf4c,bipolar18-int16-any-overlap-8s-v1
chb05/chb05_01.edf:262144,chb05,chb05,chb05/chb05_01.edf,validation,262144,264192,1024.0,1032.0,0,0,0.0,8840c7d7b32becffdc2ae35eff4c6e222bf15a23c28b0367005e9ece355daf4c,bipolar18-int16-any-overlap-8s-v1
chb05/chb05_01.edf:264192,chb05,chb05,chb05/chb05_01.edf,validation,264192,266240,1032.0,1040.0,0,0,0.0,8840c7d7b32becffdc2ae35eff4c6e222bf15a23c28b0367005e9ece355daf4c,bipolar18-int16-any-overlap-8s-v1
chb05/chb05_01.edf:266240,chb05,chb05,chb05/chb05_01.edf,validation,266240,268288,1040.0,1048.0,0,0,0.0,8840c7d7b32becffdc2ae35eff4c6e222bf15a23c28b0367005e9ece355daf4c,bipolar18-int16-any-overlap-8s-v1
chb05/chb05_01.edf:268288,chb05,chb05,chb05/chb05_01.edf,validation,268288,270336,1048.0,1056.0,0,0,0.0,8840c7d7b32becffdc2ae35eff4c6e222bf15a23c28b0367005e9ece355daf4c,bipolar18-int16-any-overlap-8s-v1
chb05/chb05_01.edf:270336,chb05,chb05,chb05/chb05_01.edf,validation,270336,272384,1056.0,1064.0,0,0,0.0,8840c7d7b32becffdc2ae35eff4c6e222bf15a23c28b0367005e9ece355daf4c,bipolar18-int16-any-overlap-8s-v1
chb05/chb05_01.edf:272384,chb05,chb05,chb05/chb05_01.edf,validation,272384,274432,1064.0,1072.0,0,0,0.0,8840c7d7b32becffdc2ae35eff4c6e222bf15a23c28b0367005e9ece355daf4c,bipolar18-int16-any-overlap-8s-v1
chb05/chb05_01.edf:274432,chb05,chb05,chb05/chb05_01.edf,validation,274432,276480,1072.0,1080.0,0,0,0.0,8840c7d7b32becffdc2ae35eff4c6e222bf15a23c28b0367005e9ece355daf4c,bipolar18-int16-any-overlap-8s-v1
chb05/chb05_01.edf:276480,chb05,chb05,chb05/chb05_01.edf,validation,276480,278528,1080.0,1088.0,0,0,0.0,8840c7d7b32becffdc2ae35eff4c6e222bf15a23c28b0367005e9ece355daf4c,bipolar18-int16-any-overlap-8s-v1
chb05/chb05_01.edf:278528,chb05,chb05,chb05/chb05_01.edf,validation,278528,280576,1088.0,1096.0,0,0,0.0,8840c7d7b32becffdc2ae35eff4c6e222bf15a23c28b0367005e9ece355daf4c,bipolar18-int16-any-overlap-8s-v1
chb05/chb05_01.edf:280576,chb05,chb05,chb05/chb05_01.edf,validation,280576,282624,1096.0,1104.0,0,0,0.0,8840c7d7b32becffdc2ae35eff4c6e222bf15a23c28b0367005e9ece355daf4c,bipolar18-int16-any-overlap-8s-v1
chb05/chb05_01.edf:282624,chb05,chb05,chb05/chb05_01.edf,validation,282624,284672,1104.0,1112.0,0,0,0.0,8840c7d7b32becffdc2ae35eff4c6e222bf15a23c28b0367005e9ece355daf4c,bipolar18-int16-any-overlap-8s-v1
chb05/chb05_01.edf:284672,chb05,chb05,chb05/chb05_01.edf,validation,284672,286720,1112.0,1120.0,0,0,0.0,8840c7d7b32becffdc2ae35eff4c6e222bf15a23c28b0367005e9ece355daf4c,bipolar18-int16-any-overlap-8s-v1
chb05/chb05_01.edf:286720,chb05,chb05,chb05/chb05_01.edf,validation,286720,288768,1120.0,1128.0,0,0,0.0,8840c7d7b32becffdc2ae35eff4c6e222bf15a23c28b0367005e9ece355daf4c,bipolar18-int16-any-overlap-8s-v1
chb05/chb05_01.edf:288768,chb05,chb05,chb05/chb05_01.edf,validation,288768,290816,1128.0,1136.0,0,0,0.0,8840c7d7b32becffdc2ae35eff4c6e222bf15a23c28b0367005e9ece355daf4c,bipolar18-int16-any-overlap-8s-v1
chb05/chb05_01.edf:290816,chb05,chb05,chb05/chb05_01.edf,validation,290816,292864,1136.0,1144.0,0,0,0.0,8840c7d7b32becffdc2ae35eff4c6e222bf15a23c28b0367005e9ece355daf4c,bipolar18-int16-any-overlap-8s-v1
chb05/chb05_01.edf:292864,chb05,chb05,chb05/chb05_01.edf,validation,292864,294912,1144.0,1152.0,0,0,0.0,8840c7d7b32becffdc2ae35eff4c6e222bf15a23c28b0367005e9ece355daf4c,bipolar18-int16-any-overlap-8s-v1
chb05/chb05_01.edf:294912,chb05,chb05,chb05/chb05_01.edf,validation,294912,296960,1152.0,1160.0,0,0,0.0,8840c7d7b32becffdc2ae35eff4c6e222bf15a23c28b0367005e9ece355daf4c,bipolar18-int16-any-overlap-8s-v1
chb05/chb05_01.edf:296960,chb05,chb05,chb05/chb05_01.edf,validation,296960,299008,1160.0,1168.0,0,0,0.0,8840c7d7b32becffdc2ae35eff4c6e222bf15a23c28b0367005e9ece355daf4c,bipolar18-int16-any-overlap-8s-v1
chb05/chb05_01.edf:299008,chb05,chb05,chb05/chb05_01.edf,validation,299008,301056,1168.0,1176.0,0,0,0.0,8840c7d7b32becffdc2ae35eff4c6e222bf15a23c28b0367005e9ece355daf4c,bipolar18-int16-any-overlap-8s-v1
chb05/chb05_01.edf:301056,chb05,chb05,chb05/chb05_01.edf,validation,301056,303104,1176.0,1184.0,0,0,0.0,8840c7d7b32becffdc2ae35eff4c6e222bf15a23c28b0367005e9ece355daf4c,bipolar18-int16-any-overlap-8s-v1
chb05/chb05_01.edf:303104,chb05,chb05,chb05/chb05_01.edf,validation,303104,305152,1184.0,1192.0,0,0,0.0,8840c7d7b32becffdc2ae35eff4c6e222bf15a23c28b0367005e9ece355daf4c,bipolar18-int16-any-overlap-8s-v1
chb05/chb05_01.edf:305152,chb05,chb05,chb05/chb05_01.edf,validation,305152,307200,1192.0,1200.0,0,0,0.0,8840c7d7b32becffdc2ae35eff4c6e222bf15a23c28b0367005e9ece355daf4c,bipolar18-int16-any-overlap-8s-v1
chb05/chb05_01.edf:307200,chb05,chb05,chb05/chb05_01.edf,validation,307200,309248,1200.0,1208.0,0,0,0.0,8840c7d7b32becffdc2ae35eff4c6e222bf15a23c28b0367005e9ece355daf4c,bipolar18-int16-any-overlap-8s-v1
chb05/chb05_01.edf:309248,chb05,chb05,chb05/chb05_01.edf,validation,309248,311296,1208.0,1216.0,0,0,0.0,8840c7d7b32becffdc2ae35eff4c6e222bf15a23c28b0367005e9ece355daf4c,bipolar18-int16-any-overlap-8s-v1
chb05/chb05_01.edf:311296,chb05,chb05,chb05/chb05_01.edf,validation,311296,313344,1216.0,1224.0,0,0,0.0,8840c7d7b32becffdc2ae35eff4c6e222bf15a23c28b0367005e9ece355daf4c,bipolar18-int16-any-overlap-8s-v1
chb05/chb05_01.edf:313344,chb05,chb05,chb05/chb05_01.edf,validation,313344,315392,1224.0,1232.0,0,0,0.0,8840c7d7b32becffdc2ae35eff4c6e222bf15a23c28b0367005e9ece355daf4c,bipolar18-int16-any-overlap-8s-v1
chb05/chb05_01.edf:315392,chb05,chb05,chb05/chb05_01.edf,validation,315392,317440,1232.0,1240.0,0,0,0.0,8840c7d7b32becffdc2ae35eff4c6e222bf15a23c28b0367005e9ece355daf4c,bipolar18-int16-any-overlap-8s-v1
chb05/chb05_01.edf:317440,chb05,chb05,chb05/chb05_01.edf,validation,317440,319488,1240.0,1248.0,0,0,0.0,8840c7d7b32becffdc2ae35eff4c6e222bf15a23c28b0367005e9ece355daf4c,bipolar18-int16-any-overlap-8s-v1
chb05/chb05_01.edf:319488,chb05,chb05,chb05/chb05_01.edf,validation,319488,321536,1248.0,1256.0,0,0,0.0,8840c7d7b32becffdc2ae35eff4c6e222bf15a23c28b0367005e9ece355daf4c,bipolar18-int16-any-overlap-8s-v1
chb05/chb05_01.edf:321536,chb05,chb05,chb05/chb05_01.edf,validation,321536,323584,1256.0,1264.0,0,0,0.0,8840c7d7b32becffdc2ae35eff4c6e222bf15a23c28b0367005e9ece355daf4c,bipolar18-int16-any-overlap-8s-v1
chb05/chb05_01.edf:323584,chb05,chb05,chb05/chb05_01.edf,validation,323584,325632,1264.0,1272.0,0,0,0.0,8840c7d7b32becffdc2ae35eff4c6e222bf15a23c28b0367005e9ece355daf4c,bipolar18-int16-any-overlap-8s-v1
chb05/chb05_01.edf:325632,chb05,chb05,chb05/chb05_01.edf,validation,325632,327680,1272.0,1280.0,0,0,0.0,8840c7d7b32becffdc2ae35eff4c6e222bf15a23c28b0367005e9ece355daf4c,bipolar18-int16-any-overlap-8s-v1
chb05/chb05_01.edf:327680,chb05,chb05,chb05/chb05_01.edf,validation,327680,329728,1280.0,1288.0,0,0,0.0,8840c7d7b32becffdc2ae35eff4c6e222bf15a23c28b0367005e9ece355daf4c,bipolar18-int16-any-overlap-8s-v1
chb05/chb05_01.edf:329728,chb05,chb05,chb05/chb05_01.edf,validation,329728,331776,1288.0,1296.0,0,0,0.0,8840c7d7b32becffdc2ae35eff4c6e222bf15a23c28b0367005e9ece355daf4c,bipolar18-int16-any-overlap-8s-v1
chb05/chb05_01.edf:331776,chb05,chb05,chb05/chb05_01.edf,validation,331776,333824,1296.0,1304.0,0,0,0.0,8840c7d7b32becffdc2ae35eff4c6e222bf15a23c28b0367005e9ece355daf4c,bipolar18-int16-any-overlap-8s-v1
chb05/chb05_01.edf:333824,chb05,chb05,chb05/chb05_01.edf,validation,333824,335872,1304.0,1312.0,0,0,0.0,8840c7d7b32becffdc2ae35eff4c6e222bf15a23c28b0367005e9ece355daf4c,bipolar18-int16-any-overlap-8s-v1
chb05/chb05_01.edf:335872,chb05,chb05,chb05/chb05_01.edf,validation,335872,337920,1312.0,1320.0,0,0,0.0,8840c7d7b32becffdc2ae35eff4c6e222bf15a23c28b0367005e9ece355daf4c,bipolar18-int16-any-overlap-8s-v1
chb05/chb05_01.edf:337920,chb05,chb05,chb05/chb05_01.edf,validation,337920,339968,1320.0,1328.0,0,0,0.0,8840c7d7b32becffdc2ae35eff4c6e222bf15a23c28b0367005e9ece355daf4c,bipolar18-int16-any-overlap-8s-v1
chb05/chb05_01.edf:339968,chb05,chb05,chb05/chb05_01.edf,validation,339968,342016,1328.0,1336.0,0,0,0.0,8840c7d7b32becffdc2ae35eff4c6e222bf15a23c28b0367005e9ece355daf4c,bipolar18-int16-any-overlap-8s-v1
chb05/chb05_01.edf:342016,chb05,chb05,chb05/chb05_01.edf,validation,342016,344064,1336.0,1344.0,0,0,0.0,8840c7d7b32becffdc2ae35eff4c6e222bf15a23c28b0367005e9ece355daf4c,bipolar18-int16-any-overlap-8s-v1
chb05/chb05_01.edf:344064,chb05,chb05,chb05/chb05_01.edf,validation,344064,346112,1344.0,1352.0,0,0,0.0,8840c7d7b32becffdc2ae35eff4c6e222bf15a23c28b0367005e9ece355daf4c,bipolar18-int16-any-overlap-8s-v1
chb05/chb05_01.edf:346112,chb05,chb05,chb05/chb05_01.edf,validation,346112,348160,1352.0,1360.0,0,0,0.0,8840c7d7b32becffdc2ae35eff4c6e222bf15a23c28b0367005e9ece355daf4c,bipolar18-int16-any-overlap-8s-v1
chb05/chb05_01.edf:348160,chb05,chb05,chb05/chb05_01.edf,validation,348160,350208,1360.0,1368.0,0,0,0.0,8840c7d7b32becffdc2ae35eff4c6e222bf15a23c28b0367005e9ece355daf4c,bipolar18-int16-any-overlap-8s-v1
chb05/chb05_01.edf:350208,chb05,chb05,chb05/chb05_01.edf,validation,350208,352256,1368.0,1376.0,0,0,0.0,8840c7d7b32becffdc2ae35eff4c6e222bf15a23c28b0367005e9ece355daf4c,bipolar18-int16-any-overlap-8s-v1
chb05/chb05_01.edf:352256,chb05,chb05,chb05/chb05_01.edf,validation,352256,354304,1376.0,1384.0,0,0,0.0,8840c7d7b32becffdc2ae35eff4c6e222bf15a23c28b0367005e9ece355daf4c,bipolar18-int16-any-overlap-8s-v1
chb05/chb05_01.edf:354304,chb05,chb05,chb05/chb05_01.edf,validation,354304,356352,1384.0,1392.0,0,0,0.0,8840c7d7b32becffdc2ae35eff4c6e222bf15a23c28b0367005e9ece355daf4c,bipolar18-int16-any-overlap-8s-v1
chb05/chb05_01.edf:356352,chb05,chb05,chb05/chb05_01.edf,validation,356352,358400,1392.0,1400.0,0,0,0.0,8840c7d7b32becffdc2ae35eff4c6e222bf15a23c28b0367005e9ece355daf4c,bipolar18-int16-any-overlap-8s-v1
chb05/chb05_01.edf:358400,chb05,chb05,chb05/chb05_01.edf,validation,358400,360448,1400.0,1408.0,0,0,0.0,8840c7d7b32becffdc2ae35eff4c6e222bf15a23c28b0367005e9ece355daf4c,bipolar18-int16-any-overlap-8s-v1
chb05/chb05_01.edf:360448,chb05,chb05,chb05/chb05_01.edf,validation,360448,362496,1408.0,1416.0,0,0,0.0,8840c7d7b32becffdc2ae35eff4c6e222bf15a23c28b0367005e9ece355daf4c,bipolar18-int16-any-overlap-8s-v1
chb05/chb05_01.edf:362496,chb05,chb05,chb05/chb05_01.edf,validation,362496,364544,1416.0,1424.0,0,0,0.0,8840c7d7b32becffdc2ae35eff4c6e222bf15a23c28b0367005e9ece355daf4c,bipolar18-int16-any-overlap-8s-v1
chb05/chb05_01.edf:364544,chb05,chb05,chb05/chb05_01.edf,validation,364544,366592,1424.0,1432.0,0,0,0.0,8840c7d7b32becffdc2ae35eff4c6e222bf15a23c28b0367005e9ece355daf4c,bipolar18-int16-any-overlap-8s-v1
chb05/chb05_01.edf:366592,chb05,chb05,chb05/chb05_01.edf,validation,366592,368640,1432.0,1440.0,0,0,0.0,8840c7d7b32becffdc2ae35eff4c6e222bf15a23c28b0367005e9ece355daf4c,bipolar18-int16-any-overlap-8s-v1
chb05/chb05_01.edf:368640,chb05,chb05,chb05/chb05_01.edf,validation,368640,370688,1440.0,1448.0,0,0,0.0,8840c7d7b32becffdc2ae35eff4c6e222bf15a23c28b0367005e9ece355daf4c,bipolar18-int16-any-overlap-8s-v1
chb05/chb05_01.edf:370688,chb05,chb05,chb05/chb05_01.edf,validation,370688,372736,1448.0,1456.0,0,0,0.0,8840c7d7b32becffdc2ae35eff4c6e222bf15a23c28b0367005e9ece355daf4c,bipolar18-int16-any-overlap-8s-v1
chb05/chb05_01.edf:372736,chb05,chb05,chb05/chb05_01.edf,validation,372736,374784,1456.0,1464.0,0,0,0.0,8840c7d7b32becffdc2ae35eff4c6e222bf15a23c28b0367005e9ece355daf4c,bipolar18-int16-any-overlap-8s-v1
chb05/chb05_01.edf:374784,chb05,chb05,chb05/chb05_01.edf,validation,374784,376832,1464.0,1472.0,0,0,0.0,8840c7d7b32becffdc2ae35eff4c6e222bf15a23c28b0367005e9ece355daf4c,bipolar18-int16-any-overlap-8s-v1
chb05/chb05_01.edf:376832,chb05,chb05,chb05/chb05_01.edf,validation,376832,378880,1472.0,1480.0,0,0,0.0,8840c7d7b32becffdc2ae35eff4c6e222bf15a23c28b0367005e9ece355daf4c,bipolar18-int16-any-overlap-8s-v1
chb05/chb05_01.edf:378880,chb05,chb05,chb05/chb05_01.edf,validation,378880,380928,1480.0,1488.0,0,0,0.0,8840c7d7b32becffdc2ae35eff4c6e222bf15a23c28b0367005e9ece355daf4c,bipolar18-int16-any-overlap-8s-v1
chb05/chb05_01.edf:380928,chb05,chb05,chb05/chb05_01.edf,validation,380928,382976,1488.0,1496.0,0,0,0.0,8840c7d7b32becffdc2ae35eff4c6e222bf15a23c28b0367005e9ece355daf4c,bipolar18-int16-any-overlap-8s-v1
chb05/chb05_01.edf:382976,chb05,chb05,chb05/chb05_01.edf,validation,382976,385024,1496.0,1504.0,0,0,0.0,8840c7d7b32becffdc2ae35eff4c6e222bf15a23c28b0367005e9ece355daf4c,bipolar18-int16-any-overlap-8s-v1
chb05/chb05_01.edf:385024,chb05,chb05,chb05/chb05_01.edf,validation,385024,387072,1504.0,1512.0,0,0,0.0,8840c7d7b32becffdc2ae35eff4c6e222bf15a23c28b0367005e9ece355daf4c,bipolar18-int16-any-overlap-8s-v1
chb05/chb05_01.edf:387072,chb05,chb05,chb05/chb05_01.edf,validation,387072,389120,1512.0,1520.0,0,0,0.0,8840c7d7b32becffdc2ae35eff4c6e222bf15a23c28b0367005e9ece355daf4c,bipolar18-int16-any-overlap-8s-v1
chb05/chb05_01.edf:389120,chb05,chb05,chb05/chb05_01.edf,validation,389120,391168,1520.0,1528.0,0,0,0.0,8840c7d7b32becffdc2ae35eff4c6e222bf15a23c28b0367005e9ece355daf4c,bipolar18-int16-any-overlap-8s-v1
chb05/chb05_01.edf:391168,chb05,chb05,chb05/chb05_01.edf,validation,391168,393216,1528.0,1536.0,0,0,0.0,8840c7d7b32becffdc2ae35eff4c6e222bf15a23c28b0367005e9ece355daf4c,bipolar18-int16-any-overlap-8s-v1
chb05/chb05_01.edf:393216,chb05,chb05,chb05/chb05_01.edf,validation,393216,395264,1536.0,1544.0,0,0,0.0,8840c7d7b32becffdc2ae35eff4c6e222bf15a23c28b0367005e9ece355daf4c,bipolar18-int16-any-overlap-8s-v1
chb05/chb05_01.edf:395264,chb05,chb05,chb05/chb05_01.edf,validation,395264,397312,1544.0,1552.0,0,0,0.0,8840c7d7b32becffdc2ae35eff4c6e222bf15a23c28b0367005e9ece355daf4c,bipolar18-int16-any-overlap-8s-v1
chb05/chb05_01.edf:397312,chb05,chb05,chb05/chb05_01.edf,validation,397312,399360,1552.0,1560.0,0,0,0.0,8840c7d7b32becffdc2ae35eff4c6e222bf15a23c28b0367005e9ece355daf4c,bipolar18-int16-any-overlap-8s-v1
chb05/chb05_01.edf:399360,chb05,chb05,chb05/chb05_01.edf,validation,399360,401408,1560.0,1568.0,0,0,0.0,8840c7d7b32becffdc2ae35eff4c6e222bf15a23c28b0367005e9ece355daf4c,bipolar18-int16-any-overlap-8s-v1
chb05/chb05_01.edf:401408,chb05,chb05,chb05/chb05_01.edf,validation,401408,403456,1568.0,1576.0,0,0,0.0,8840c7d7b32becffdc2ae35eff4c6e222bf15a23c28b0367005e9ece355daf4c,bipolar18-int16-any-overlap-8s-v1
chb05/chb05_01.edf:403456,chb05,chb05,chb05/chb05_01.edf,validation,403456,405504,1576.0,1584.0,0,0,0.0,8840c7d7b32becffdc2ae35eff4c6e222bf15a23c28b0367005e9ece355daf4c,bipolar18-int16-any-overlap-8s-v1
chb05/chb05_01.edf:405504,chb05,chb05,chb05/chb05_01.edf,validation,405504,407552,1584.0,1592.0,0,0,0.0,8840c7d7b32becffdc2ae35eff4c6e222bf15a23c28b0367005e9ece355daf4c,bipolar18-int16-any-overlap-8s-v1
chb05/chb05_01.edf:407552,chb05,chb05,chb05/chb05_01.edf,validation,407552,409600,1592.0,1600.0,0,0,0.0,8840c7d7b32becffdc2ae35eff4c6e222bf15a23c28b0367005e9ece355daf4c,bipolar18-int16-any-overlap-8s-v1
chb05/chb05_01.edf:409600,chb05,chb05,chb05/chb05_01.edf,validation,409600,411648,1600.0,1608.0,0,0,0.0,8840c7d7b32becffdc2ae35eff4c6e222bf15a23c28b0367005e9ece355daf4c,bipolar18-int16-any-overlap-8s-v1
chb05/chb05_01.edf:411648,chb05,chb05,chb05/chb05_01.edf,validation,411648,413696,1608.0,1616.0,0,0,0.0,8840c7d7b32becffdc2ae35eff4c6e222bf15a23c28b0367005e9ece355daf4c,bipolar18-int16-any-overlap-8s-v1
chb05/chb05_01.edf:413696,chb05,chb05,chb05/chb05_01.edf,validation,413696,415744,1616.0,1624.0,0,0,0.0,8840c7d7b32becffdc2ae35eff4c6e222bf15a23c28b0367005e9ece355daf4c,bipolar18-int16-any-overlap-8s-v1
chb05/chb05_01.edf:415744,chb05,chb05,chb05/chb05_01.edf,validation,415744,417792,1624.0,1632.0,0,0,0.0,8840c7d7b32becffdc2ae35eff4c6e222bf15a23c28b0367005e9ece355daf4c,bipolar18-int16-any-overlap-8s-v1
chb05/chb05_01.edf:417792,chb05,chb05,chb05/chb05_01.edf,validation,417792,419840,1632.0,1640.0,0,0,0.0,8840c7d7b32becffdc2ae35eff4c6e222bf15a23c28b0367005e9ece355daf4c,bipolar18-int16-any-overlap-8s-v1
chb05/chb05_01.edf:419840,chb05,chb05,chb05/chb05_01.edf,validation,419840,421888,1640.0,1648.0,0,0,0.0,8840c7d7b32becffdc2ae35eff4c6e222bf15a23c28b0367005e9ece355daf4c,bipolar18-int16-any-overlap-8s-v1
chb05/chb05_01.edf:421888,chb05,chb05,chb05/chb05_01.edf,validation,421888,423936,1648.0,1656.0,0,0,0.0,8840c7d7b32becffdc2ae35eff4c6e222bf15a23c28b0367005e9ece355daf4c,bipolar18-int16-any-overlap-8s-v1
chb05/chb05_01.edf:423936,chb05,chb05,chb05/chb05_01.edf,validation,423936,425984,1656.0,1664.0,0,0,0.0,8840c7d7b32becffdc2ae35eff4c6e222bf15a23c28b0367005e9ece355daf4c,bipolar18-int16-any-overlap-8s-v1
chb05/chb05_01.edf:425984,chb05,chb05,chb05/chb05_01.edf,validation,425984,428032,1664.0,1672.0,0,0,0.0,8840c7d7b32becffdc2ae35eff4c6e222bf15a23c28b0367005e9ece355daf4c,bipolar18-int16-any-overlap-8s-v1
chb05/chb05_01.edf:428032,chb05,chb05,chb05/chb05_01.edf,validation,428032,430080,1672.0,1680.0,0,0,0.0,8840c7d7b32becffdc2ae35eff4c6e222bf15a23c28b0367005e9ece355daf4c,bipolar18-int16-any-overlap-8s-v1
chb05/chb05_01.edf:430080,chb05,chb05,chb05/chb05_01.edf,validation,430080,432128,1680.0,1688.0,0,0,0.0,8840c7d7b32becffdc2ae35eff4c6e222bf15a23c28b0367005e9ece355daf4c,bipolar18-int16-any-overlap-8s-v1
chb05/chb05_01.edf:432128,chb05,chb05,chb05/chb05_01.edf,validation,432128,434176,1688.0,1696.0,0,0,0.0,8840c7d7b32becffdc2ae35eff4c6e222bf15a23c28b0367005e9ece355daf4c,bipolar18-int16-any-overlap-8s-v1
chb05/chb05_01.edf:434176,chb05,chb05,chb05/chb05_01.edf,validation,434176,436224,1696.0,1704.0,0,0,0.0,8840c7d7b32becffdc2ae35eff4c6e222bf15a23c28b0367005e9ece355daf4c,bipolar18-int16-any-overlap-8s-v1
chb05/chb05_01.edf:436224,chb05,chb05,chb05/chb05_01.edf,validation,436224,438272,1704.0,1712.0,0,0,0.0,8840c7d7b32becffdc2ae35eff4c6e222bf15a23c28b0367005e9ece355daf4c,bipolar18-int16-any-overlap-8s-v1
chb05/chb05_01.edf:438272,chb05,chb05,chb05/chb05_01.edf,validation,438272,440320,1712.0,1720.0,0,0,0.0,8840c7d7b32becffdc2ae35eff4c6e222bf15a23c28b0367005e9ece355daf4c,bipolar18-int16-any-overlap-8s-v1
chb05/chb05_01.edf:440320,chb05,chb05,chb05/chb05_01.edf,validation,440320,442368,1720.0,1728.0,0,0,0.0,8840c7d7b32becffdc2ae35eff4c6e222bf15a23c28b0367005e9ece355daf4c,bipolar18-int16-any-overlap-8s-v1
chb05/chb05_01.edf:442368,chb05,chb05,chb05/chb05_01.edf,validation,442368,444416,1728.0,1736.0,0,0,0.0,8840c7d7b32becffdc2ae35eff4c6e222bf15a23c28b0367005e9ece355daf4c,bipolar18-int16-any-overlap-8s-v1
chb05/chb05_01.edf:444416,chb05,chb05,chb05/chb05_01.edf,validation,444416,446464,1736.0,1744.0,0,0,0.0,8840c7d7b32becffdc2ae35eff4c6e222bf15a23c28b0367005e9ece355daf4c,bipolar18-int16-any-overlap-8s-v1
chb05/chb05_01.edf:446464,chb05,chb05,chb05/chb05_01.edf,validation,446464,448512,1744.0,1752.0,0,0,0.0,8840c7d7b32becffdc2ae35eff4c6e222bf15a23c28b0367005e9ece355daf4c,bipolar18-int16-any-overlap-8s-v1
chb05/chb05_01.edf:448512,chb05,chb05,chb05/chb05_01.edf,validation,448512,450560,1752.0,1760.0,0,0,0.0,8840c7d7b32becffdc2ae35eff4c6e222bf15a23c28b0367005e9ece355daf4c,bipolar18-int16-any-overlap-8s-v1
chb05/chb05_01.edf:450560,chb05,chb05,chb05/chb05_01.edf,validation,450560,452608,1760.0,1768.0,0,0,0.0,8840c7d7b32becffdc2ae35eff4c6e222bf15a23c28b0367005e9ece355daf4c,bipolar18-int16-any-overlap-8s-v1
chb05/chb05_01.edf:452608,chb05,chb05,chb05/chb05_01.edf,validation,452608,454656,1768.0,1776.0,0,0,0.0,8840c7d7b32becffdc2ae35eff4c6e222bf15a23c28b0367005e9ece355daf4c,bipolar18-int16-any-overlap-8s-v1
chb05/chb05_01.edf:454656,chb05,chb05,chb05/chb05_01.edf,validation,454656,456704,1776.0,1784.0,0,0,0.0,8840c7d7b32becffdc2ae35eff4c6e222bf15a23c28b0367005e9ece355daf4c,bipolar18-int16-any-overlap-8s-v1
chb05/chb05_01.edf:456704,chb05,chb05,chb05/chb05_01.edf,validation,456704,458752,1784.0,1792.0,0,0,0.0,8840c7d7b32becffdc2ae35eff4c6e222bf15a23c28b0367005e9ece355daf4c,bipolar18-int16-any-overlap-8s-v1
chb05/chb05_01.edf:458752,chb05,chb05,chb05/chb05_01.edf,validation,458752,460800,1792.0,1800.0,0,0,0.0,8840c7d7b32becffdc2ae35eff4c6e222bf15a23c28b0367005e9ece355daf4c,bipolar18-int16-any-overlap-8s-v1
chb05/chb05_01.edf:460800,chb05,chb05,chb05/chb05_01.edf,validation,460800,462848,1800.0,1808.0,0,0,0.0,8840c7d7b32becffdc2ae35eff4c6e222bf15a23c28b0367005e9ece355daf4c,bipolar18-int16-any-overlap-8s-v1
chb05/chb05_01.edf:462848,chb05,chb05,chb05/chb05_01.edf,validation,462848,464896,1808.0,1816.0,0,0,0.0,8840c7d7b32becffdc2ae35eff4c6e222bf15a23c28b0367005e9ece355daf4c,bipolar18-int16-any-overlap-8s-v1
chb05/chb05_01.edf:464896,chb05,chb05,chb05/chb05_01.edf,validation,464896,466944,1816.0,1824.0,0,0,0.0,8840c7d7b32becffdc2ae35eff4c6e222bf15a23c28b0367005e9ece355daf4c,bipolar18-int16-any-overlap-8s-v1
chb05/chb05_01.edf:466944,chb05,chb05,chb05/chb05_01.edf,validation,466944,468992,1824.0,1832.0,0,0,0.0,8840c7d7b32becffdc2ae35eff4c6e222bf15a23c28b0367005e9ece355daf4c,bipolar18-int16-any-overlap-8s-v1
chb05/chb05_01.edf:468992,chb05,chb05,chb05/chb05_01.edf,validation,468992,471040,1832.0,1840.0,0,0,0.0,8840c7d7b32becffdc2ae35eff4c6e222bf15a23c28b0367005e9ece355daf4c,bipolar18-int16-any-overlap-8s-v1
chb05/chb05_01.edf:471040,chb05,chb05,chb05/chb05_01.edf,validation,471040,473088,1840.0,1848.0,0,0,0.0,8840c7d7b32becffdc2ae35eff4c6e222bf15a23c28b0367005e9ece355daf4c,bipolar18-int16-any-overlap-8s-v1
chb05/chb05_01.edf:473088,chb05,chb05,chb05/chb05_01.edf,validation,473088,475136,1848.0,1856.0,0,0,0.0,8840c7d7b32becffdc2ae35eff4c6e222bf15a23c28b0367005e9ece355daf4c,bipolar18-int16-any-overlap-8s-v1
chb05/chb05_01.edf:475136,chb05,chb05,chb05/chb05_01.edf,validation,475136,477184,1856.0,1864.0,0,0,0.0,8840c7d7b32becffdc2ae35eff4c6e222bf15a23c28b0367005e9ece355daf4c,bipolar18-int16-any-overlap-8s-v1
chb05/chb05_01.edf:477184,chb05,chb05,chb05/chb05_01.edf,validation,477184,479232,1864.0,1872.0,0,0,0.0,8840c7d7b32becffdc2ae35eff4c6e222bf15a23c28b0367005e9ece355daf4c,bipolar18-int16-any-overlap-8s-v1
chb05/chb05_01.edf:479232,chb05,chb05,chb05/chb05_01.edf,validation,479232,481280,1872.0,1880.0,0,0,0.0,8840c7d7b32becffdc2ae35eff4c6e222bf15a23c28b0367005e9ece355daf4c,bipolar18-int16-any-overlap-8s-v1
chb05/chb05_01.edf:481280,chb05,chb05,chb05/chb05_01.edf,validation,481280,483328,1880.0,1888.0,0,0,0.0,8840c7d7b32becffdc2ae35eff4c6e222bf15a23c28b0367005e9ece355daf4c,bipolar18-int16-any-overlap-8s-v1
chb05/chb05_01.edf:483328,chb05,chb05,chb05/chb05_01.edf,validation,483328,485376,1888.0,1896.0,0,0,0.0,8840c7d7b32becffdc2ae35eff4c6e222bf15a23c28b0367005e9ece355daf4c,bipolar18-int16-any-overlap-8s-v1
chb05/chb05_01.edf:485376,chb05,chb05,chb05/chb05_01.edf,validation,485376,487424,1896.0,1904.0,0,0,0.0,8840c7d7b32becffdc2ae35eff4c6e222bf15a23c28b0367005e9ece355daf4c,bipolar18-int16-any-overlap-8s-v1
chb05/chb05_01.edf:487424,chb05,chb05,chb05/chb05_01.edf,validation,487424,489472,1904.0,1912.0,0,0,0.0,8840c7d7b32becffdc2ae35eff4c6e222bf15a23c28b0367005e9ece355daf4c,bipolar18-int16-any-overlap-8s-v1
chb05/chb05_01.edf:489472,chb05,chb05,chb05/chb05_01.edf,validation,489472,491520,1912.0,1920.0,0,0,0.0,8840c7d7b32becffdc2ae35eff4c6e222bf15a23c28b0367005e9ece355daf4c,bipolar18-int16-any-overlap-8s-v1
chb05/chb05_01.edf:491520,chb05,chb05,chb05/chb05_01.edf,validation,491520,493568,1920.0,1928.0,0,0,0.0,8840c7d7b32becffdc2ae35eff4c6e222bf15a23c28b0367005e9ece355daf4c,bipolar18-int16-any-overlap-8s-v1
chb05/chb05_01.edf:493568,chb05,chb05,chb05/chb05_01.edf,validation,493568,495616,1928.0,1936.0,0,0,0.0,8840c7d7b32becffdc2ae35eff4c6e222bf15a23c28b0367005e9ece355daf4c,bipolar18-int16-any-overlap-8s-v1
chb05/chb05_01.edf:495616,chb05,chb05,chb05/chb05_01.edf,validation,495616,497664,1936.0,1944.0,0,0,0.0,8840c7d7b32becffdc2ae35eff4c6e222bf15a23c28b0367005e9ece355daf4c,bipolar18-int16-any-overlap-8s-v1
chb05/chb05_01.edf:497664,chb05,chb05,chb05/chb05_01.edf,validation,497664,499712,1944.0,1952.0,0,0,0.0,8840c7d7b32becffdc2ae35eff4c6e222bf15a23c28b0367005e9ece355daf4c,bipolar18-int16-any-overlap-8s-v1
chb05/chb05_01.edf:499712,chb05,chb05,chb05/chb05_01.edf,validation,499712,501760,1952.0,1960.0,0,0,0.0,8840c7d7b32becffdc2ae35eff4c6e222bf15a23c28b0367005e9ece355daf4c,bipolar18-int16-any-overlap-8s-v1
chb05/chb05_01.edf:501760,chb05,chb05,chb05/chb05_01.edf,validation,501760,503808,1960.0,1968.0,0,0,0.0,8840c7d7b32becffdc2ae35eff4c6e222bf15a23c28b0367005e9ece355daf4c,bipolar18-int16-any-overlap-8s-v1
chb05/chb05_01.edf:503808,chb05,chb05,chb05/chb05_01.edf,validation,503808,505856,1968.0,1976.0,0,0,0.0,8840c7d7b32becffdc2ae35eff4c6e222bf15a23c28b0367005e9ece355daf4c,bipolar18-int16-any-overlap-8s-v1
chb05/chb05_01.edf:505856,chb05,chb05,chb05/chb05_01.edf,validation,505856,507904,1976.0,1984.0,0,0,0.0,8840c7d7b32becffdc2ae35eff4c6e222bf15a23c28b0367005e9ece355daf4c,bipolar18-int16-any-overlap-8s-v1
chb05/chb05_01.edf:507904,chb05,chb05,chb05/chb05_01.edf,validation,507904,509952,1984.0,1992.0,0,0,0.0,8840c7d7b32becffdc2ae35eff4c6e222bf15a23c28b0367005e9ece355daf4c,bipolar18-int16-any-overlap-8s-v1
chb05/chb05_01.edf:509952,chb05,chb05,chb05/chb05_01.edf,validation,509952,512000,1992.0,2000.0,0,0,0.0,8840c7d7b32becffdc2ae35eff4c6e222bf15a23c28b0367005e9ece355daf4c,bipolar18-int16-any-overlap-8s-v1
chb05/chb05_01.edf:512000,chb05,chb05,chb05/chb05_01.edf,validation,512000,514048,2000.0,2008.0,0,0,0.0,8840c7d7b32becffdc2ae35eff4c6e222bf15a23c28b0367005e9ece355daf4c,bipolar18-int16-any-overlap-8s-v1
chb05/chb05_01.edf:514048,chb05,chb05,chb05/chb05_01.edf,validation,514048,516096,2008.0,2016.0,0,0,0.0,8840c7d7b32becffdc2ae35eff4c6e222bf15a23c28b0367005e9ece355daf4c,bipolar18-int16-any-overlap-8s-v1
chb05/chb05_01.edf:516096,chb05,chb05,chb05/chb05_01.edf,validation,516096,518144,2016.0,2024.0,0,0,0.0,8840c7d7b32becffdc2ae35eff4c6e222bf15a23c28b0367005e9ece355daf4c,bipolar18-int16-any-overlap-8s-v1
chb05/chb05_01.edf:518144,chb05,chb05,chb05/chb05_01.edf,validation,518144,520192,2024.0,2032.0,0,0,0.0,8840c7d7b32becffdc2ae35eff4c6e222bf15a23c28b0367005e9ece355daf4c,bipolar18-int16-any-overlap-8s-v1
chb05/chb05_01.edf:520192,chb05,chb05,chb05/chb05_01.edf,validation,520192,522240,2032.0,2040.0,0,0,0.0,8840c7d7b32becffdc2ae35eff4c6e222bf15a23c28b0367005e9ece355daf4c,bipolar18-int16-any-overlap-8s-v1
chb05/chb05_01.edf:522240,chb05,chb05,chb05/chb05_01.edf,validation,522240,524288,2040.0,2048.0,0,0,0.0,8840c7d7b32becffdc2ae35eff4c6e222bf15a23c28b0367005e9ece355daf4c,bipolar18-int16-any-overlap-8s-v1
chb05/chb05_01.edf:524288,chb05,chb05,chb05/chb05_01.edf,validation,524288,526336,2048.0,2056.0,0,0,0.0,8840c7d7b32becffdc2ae35eff4c6e222bf15a23c28b0367005e9ece355daf4c,bipolar18-int16-any-overlap-8s-v1
chb05/chb05_01.edf:526336,chb05,chb05,chb05/chb05_01.edf,validation,526336,528384,2056.0,2064.0,0,0,0.0,8840c7d7b32becffdc2ae35eff4c6e222bf15a23c28b0367005e9ece355daf4c,bipolar18-int16-any-overlap-8s-v1
chb05/chb05_01.edf:528384,chb05,chb05,chb05/chb05_01.edf,validation,528384,530432,2064.0,2072.0,0,0,0.0,8840c7d7b32becffdc2ae35eff4c6e222bf15a23c28b0367005e9ece355daf4c,bipolar18-int16-any-overlap-8s-v1
chb05/chb05_01.edf:530432,chb05,chb05,chb05/chb05_01.edf,validation,530432,532480,2072.0,2080.0,0,0,0.0,8840c7d7b32becffdc2ae35eff4c6e222bf15a23c28b0367005e9ece355daf4c,bipolar18-int16-any-overlap-8s-v1
chb05/chb05_01.edf:532480,chb05,chb05,chb05/chb05_01.edf,validation,532480,534528,2080.0,2088.0,0,0,0.0,8840c7d7b32becffdc2ae35eff4c6e222bf15a23c28b0367005e9ece355daf4c,bipolar18-int16-any-overlap-8s-v1
chb05/chb05_01.edf:534528,chb05,chb05,chb05/chb05_01.edf,validation,534528,536576,2088.0,2096.0,0,0,0.0,8840c7d7b32becffdc2ae35eff4c6e222bf15a23c28b0367005e9ece355daf4c,bipolar18-int16-any-overlap-8s-v1
chb05/chb05_01.edf:536576,chb05,chb05,chb05/chb05_01.edf,validation,536576,538624,2096.0,2104.0,0,0,0.0,8840c7d7b32becffdc2ae35eff4c6e222bf15a23c28b0367005e9ece355daf4c,bipolar18-int16-any-overlap-8s-v1
chb05/chb05_01.edf:538624,chb05,chb05,chb05/chb05_01.edf,validation,538624,540672,2104.0,2112.0,0,0,0.0,8840c7d7b32becffdc2ae35eff4c6e222bf15a23c28b0367005e9ece355daf4c,bipolar18-int16-any-overlap-8s-v1
chb05/chb05_01.edf:540672,chb05,chb05,chb05/chb05_01.edf,validation,540672,542720,2112.0,2120.0,0,0,0.0,8840c7d7b32becffdc2ae35eff4c6e222bf15a23c28b0367005e9ece355daf4c,bipolar18-int16-any-overlap-8s-v1
chb05/chb05_01.edf:542720,chb05,chb05,chb05/chb05_01.edf,validation,542720,544768,2120.0,2128.0,0,0,0.0,8840c7d7b32becffdc2ae35eff4c6e222bf15a23c28b0367005e9ece355daf4c,bipolar18-int16-any-overlap-8s-v1
chb05/chb05_01.edf:544768,chb05,chb05,chb05/chb05_01.edf,validation,544768,546816,2128.0,2136.0,0,0,0.0,8840c7d7b32becffdc2ae35eff4c6e222bf15a23c28b0367005e9ece355daf4c,bipolar18-int16-any-overlap-8s-v1
chb05/chb05_01.edf:546816,chb05,chb05,chb05/chb05_01.edf,validation,546816,548864,2136.0,2144.0,0,0,0.0,8840c7d7b32becffdc2ae35eff4c6e222bf15a23c28b0367005e9ece355daf4c,bipolar18-int16-any-overlap-8s-v1
chb05/chb05_01.edf:548864,chb05,chb05,chb05/chb05_01.edf,validation,548864,550912,2144.0,2152.0,0,0,0.0,8840c7d7b32becffdc2ae35eff4c6e222bf15a23c28b0367005e9ece355daf4c,bipolar18-int16-any-overlap-8s-v1
chb05/chb05_01.edf:550912,chb05,chb05,chb05/chb05_01.edf,validation,550912,552960,2152.0,2160.0,0,0,0.0,8840c7d7b32becffdc2ae35eff4c6e222bf15a23c28b0367005e9ece355daf4c,bipolar18-int16-any-overlap-8s-v1
chb05/chb05_01.edf:552960,chb05,chb05,chb05/chb05_01.edf,validation,552960,555008,2160.0,2168.0,0,0,0.0,8840c7d7b32becffdc2ae35eff4c6e222bf15a23c28b0367005e9ece355daf4c,bipolar18-int16-any-overlap-8s-v1
chb05/chb05_01.edf:555008,chb05,chb05,chb05/chb05_01.edf,validation,555008,557056,2168.0,2176.0,0,0,0.0,8840c7d7b32becffdc2ae35eff4c6e222bf15a23c28b0367005e9ece355daf4c,bipolar18-int16-any-overlap-8s-v1
chb05/chb05_01.edf:557056,chb05,chb05,chb05/chb05_01.edf,validation,557056,559104,2176.0,2184.0,0,0,0.0,8840c7d7b32becffdc2ae35eff4c6e222bf15a23c28b0367005e9ece355daf4c,bipolar18-int16-any-overlap-8s-v1
chb05/chb05_01.edf:559104,chb05,chb05,chb05/chb05_01.edf,validation,559104,561152,2184.0,2192.0,0,0,0.0,8840c7d7b32becffdc2ae35eff4c6e222bf15a23c28b0367005e9ece355daf4c,bipolar18-int16-any-overlap-8s-v1
chb05/chb05_01.edf:561152,chb05,chb05,chb05/chb05_01.edf,validation,561152,563200,2192.0,2200.0,0,0,0.0,8840c7d7b32becffdc2ae35eff4c6e222bf15a23c28b0367005e9ece355daf4c,bipolar18-int16-any-overlap-8s-v1
chb05/chb05_01.edf:563200,chb05,chb05,chb05/chb05_01.edf,validation,563200,565248,2200.0,2208.0,0,0,0.0,8840c7d7b32becffdc2ae35eff4c6e222bf15a23c28b0367005e9ece355daf4c,bipolar18-int16-any-overlap-8s-v1
chb05/chb05_01.edf:565248,chb05,chb05,chb05/chb05_01.edf,validation,565248,567296,2208.0,2216.0,0,0,0.0,8840c7d7b32becffdc2ae35eff4c6e222bf15a23c28b0367005e9ece355daf4c,bipolar18-int16-any-overlap-8s-v1
chb05/chb05_01.edf:567296,chb05,chb05,chb05/chb05_01.edf,validation,567296,569344,2216.0,2224.0,0,0,0.0,8840c7d7b32becffdc2ae35eff4c6e222bf15a23c28b0367005e9ece355daf4c,bipolar18-int16-any-overlap-8s-v1
chb05/chb05_01.edf:569344,chb05,chb05,chb05/chb05_01.edf,validation,569344,571392,2224.0,2232.0,0,0,0.0,8840c7d7b32becffdc2ae35eff4c6e222bf15a23c28b0367005e9ece355daf4c,bipolar18-int16-any-overlap-8s-v1
chb05/chb05_01.edf:571392,chb05,chb05,chb05/chb05_01.edf,validation,571392,573440,2232.0,2240.0,0,0,0.0,8840c7d7b32becffdc2ae35eff4c6e222bf15a23c28b0367005e9ece355daf4c,bipolar18-int16-any-overlap-8s-v1
chb05/chb05_01.edf:573440,chb05,chb05,chb05/chb05_01.edf,validation,573440,575488,2240.0,2248.0,0,0,0.0,8840c7d7b32becffdc2ae35eff4c6e222bf15a23c28b0367005e9ece355daf4c,bipolar18-int16-any-overlap-8s-v1
chb05/chb05_01.edf:575488,chb05,chb05,chb05/chb05_01.edf,validation,575488,577536,2248.0,2256.0,0,0,0.0,8840c7d7b32becffdc2ae35eff4c6e222bf15a23c28b0367005e9ece355daf4c,bipolar18-int16-any-overlap-8s-v1
chb05/chb05_01.edf:577536,chb05,chb05,chb05/chb05_01.edf,validation,577536,579584,2256.0,2264.0,0,0,0.0,8840c7d7b32becffdc2ae35eff4c6e222bf15a23c28b0367005e9ece355daf4c,bipolar18-int16-any-overlap-8s-v1
chb05/chb05_01.edf:579584,chb05,chb05,chb05/chb05_01.edf,validation,579584,581632,2264.0,2272.0,0,0,0.0,8840c7d7b32becffdc2ae35eff4c6e222bf15a23c28b0367005e9ece355daf4c,bipolar18-int16-any-overlap-8s-v1
chb05/chb05_01.edf:581632,chb05,chb05,chb05/chb05_01.edf,validation,581632,583680,2272.0,2280.0,0,0,0.0,8840c7d7b32becffdc2ae35eff4c6e222bf15a23c28b0367005e9ece355daf4c,bipolar18-int16-any-overlap-8s-v1
chb05/chb05_01.edf:583680,chb05,chb05,chb05/chb05_01.edf,validation,583680,585728,2280.0,2288.0,0,0,0.0,8840c7d7b32becffdc2ae35eff4c6e222bf15a23c28b0367005e9ece355daf4c,bipolar18-int16-any-overlap-8s-v1
chb05/chb05_01.edf:585728,chb05,chb05,chb05/chb05_01.edf,validation,585728,587776,2288.0,2296.0,0,0,0.0,8840c7d7b32becffdc2ae35eff4c6e222bf15a23c28b0367005e9ece355daf4c,bipolar18-int16-any-overlap-8s-v1
chb05/chb05_01.edf:587776,chb05,chb05,chb05/chb05_01.edf,validation,587776,589824,2296.0,2304.0,0,0,0.0,8840c7d7b32becffdc2ae35eff4c6e222bf15a23c28b0367005e9ece355daf4c,bipolar18-int16-any-overlap-8s-v1
chb05/chb05_01.edf:589824,chb05,chb05,chb05/chb05_01.edf,validation,589824,591872,2304.0,2312.0,0,0,0.0,8840c7d7b32becffdc2ae35eff4c6e222bf15a23c28b0367005e9ece355daf4c,bipolar18-int16-any-overlap-8s-v1
chb05/chb05_01.edf:591872,chb05,chb05,chb05/chb05_01.edf,validation,591872,593920,2312.0,2320.0,0,0,0.0,8840c7d7b32becffdc2ae35eff4c6e222bf15a23c28b0367005e9ece355daf4c,bipolar18-int16-any-overlap-8s-v1
chb05/chb05_01.edf:593920,chb05,chb05,chb05/chb05_01.edf,validation,593920,595968,2320.0,2328.0,0,0,0.0,8840c7d7b32becffdc2ae35eff4c6e222bf15a23c28b0367005e9ece355daf4c,bipolar18-int16-any-overlap-8s-v1
chb05/chb05_01.edf:595968,chb05,chb05,chb05/chb05_01.edf,validation,595968,598016,2328.0,2336.0,0,0,0.0,8840c7d7b32becffdc2ae35eff4c6e222bf15a23c28b0367005e9ece355daf4c,bipolar18-int16-any-overlap-8s-v1
chb05/chb05_01.edf:598016,chb05,chb05,chb05/chb05_01.edf,validation,598016,600064,2336.0,2344.0,0,0,0.0,8840c7d7b32becffdc2ae35eff4c6e222bf15a23c28b0367005e9ece355daf4c,bipolar18-int16-any-overlap-8s-v1
chb05/chb05_01.edf:600064,chb05,chb05,chb05/chb05_01.edf,validation,600064,602112,2344.0,2352.0,0,0,0.0,8840c7d7b32becffdc2ae35eff4c6e222bf15a23c28b0367005e9ece355daf4c,bipolar18-int16-any-overlap-8s-v1
chb05/chb05_01.edf:602112,chb05,chb05,chb05/chb05_01.edf,validation,602112,604160,2352.0,2360.0,0,0,0.0,8840c7d7b32becffdc2ae35eff4c6e222bf15a23c28b0367005e9ece355daf4c,bipolar18-int16-any-overlap-8s-v1
chb05/chb05_01.edf:604160,chb05,chb05,chb05/chb05_01.edf,validation,604160,606208,2360.0,2368.0,0,0,0.0,8840c7d7b32becffdc2ae35eff4c6e222bf15a23c28b0367005e9ece355daf4c,bipolar18-int16-any-overlap-8s-v1
chb05/chb05_01.edf:606208,chb05,chb05,chb05/chb05_01.edf,validation,606208,608256,2368.0,2376.0,0,0,0.0,8840c7d7b32becffdc2ae35eff4c6e222bf15a23c28b0367005e9ece355daf4c,bipolar18-int16-any-overlap-8s-v1
chb05/chb05_01.edf:608256,chb05,chb05,chb05/chb05_01.edf,validation,608256,610304,2376.0,2384.0,0,0,0.0,8840c7d7b32becffdc2ae35eff4c6e222bf15a23c28b0367005e9ece355daf4c,bipolar18-int16-any-overlap-8s-v1
chb05/chb05_01.edf:610304,chb05,chb05,chb05/chb05_01.edf,validation,610304,612352,2384.0,2392.0,0,0,0.0,8840c7d7b32becffdc2ae35eff4c6e222bf15a23c28b0367005e9ece355daf4c,bipolar18-int16-any-overlap-8s-v1
chb05/chb05_01.edf:612352,chb05,chb05,chb05/chb05_01.edf,validation,612352,614400,2392.0,2400.0,0,0,0.0,8840c7d7b32becffdc2ae35eff4c6e222bf15a23c28b0367005e9ece355daf4c,bipolar18-int16-any-overlap-8s-v1
chb05/chb05_01.edf:614400,chb05,chb05,chb05/chb05_01.edf,validation,614400,616448,2400.0,2408.0,0,0,0.0,8840c7d7b32becffdc2ae35eff4c6e222bf15a23c28b0367005e9ece355daf4c,bipolar18-int16-any-overlap-8s-v1
chb05/chb05_01.edf:616448,chb05,chb05,chb05/chb05_01.edf,validation,616448,618496,2408.0,2416.0,0,0,0.0,8840c7d7b32becffdc2ae35eff4c6e222bf15a23c28b0367005e9ece355daf4c,bipolar18-int16-any-overlap-8s-v1
chb05/chb05_01.edf:618496,chb05,chb05,chb05/chb05_01.edf,validation,618496,620544,2416.0,2424.0,0,0,0.0,8840c7d7b32becffdc2ae35eff4c6e222bf15a23c28b0367005e9ece355daf4c,bipolar18-int16-any-overlap-8s-v1
chb05/chb05_01.edf:620544,chb05,chb05,chb05/chb05_01.edf,validation,620544,622592,2424.0,2432.0,0,0,0.0,8840c7d7b32becffdc2ae35eff4c6e222bf15a23c28b0367005e9ece355daf4c,bipolar18-int16-any-overlap-8s-v1
chb05/chb05_01.edf:622592,chb05,chb05,chb05/chb05_01.edf,validation,622592,624640,2432.0,2440.0,0,0,0.0,8840c7d7b32becffdc2ae35eff4c6e222bf15a23c28b0367005e9ece355daf4c,bipolar18-int16-any-overlap-8s-v1
chb05/chb05_01.edf:624640,chb05,chb05,chb05/chb05_01.edf,validation,624640,626688,2440.0,2448.0,0,0,0.0,8840c7d7b32becffdc2ae35eff4c6e222bf15a23c28b0367005e9ece355daf4c,bipolar18-int16-any-overlap-8s-v1
chb05/chb05_01.edf:626688,chb05,chb05,chb05/chb05_01.edf,validation,626688,628736,2448.0,2456.0,0,0,0.0,8840c7d7b32becffdc2ae35eff4c6e222bf15a23c28b0367005e9ece355daf4c,bipolar18-int16-any-overlap-8s-v1
chb05/chb05_01.edf:628736,chb05,chb05,chb05/chb05_01.edf,validation,628736,630784,2456.0,2464.0,0,0,0.0,8840c7d7b32becffdc2ae35eff4c6e222bf15a23c28b0367005e9ece355daf4c,bipolar18-int16-any-overlap-8s-v1
chb05/chb05_01.edf:630784,chb05,chb05,chb05/chb05_01.edf,validation,630784,632832,2464.0,2472.0,0,0,0.0,8840c7d7b32becffdc2ae35eff4c6e222bf15a23c28b0367005e9ece355daf4c,bipolar18-int16-any-overlap-8s-v1
chb05/chb05_01.edf:632832,chb05,chb05,chb05/chb05_01.edf,validation,632832,634880,2472.0,2480.0,0,0,0.0,8840c7d7b32becffdc2ae35eff4c6e222bf15a23c28b0367005e9ece355daf4c,bipolar18-int16-any-overlap-8s-v1
chb05/chb05_01.edf:634880,chb05,chb05,chb05/chb05_01.edf,validation,634880,636928,2480.0,2488.0,0,0,0.0,8840c7d7b32becffdc2ae35eff4c6e222bf15a23c28b0367005e9ece355daf4c,bipolar18-int16-any-overlap-8s-v1
chb05/chb05_01.edf:636928,chb05,chb05,chb05/chb05_01.edf,validation,636928,638976,2488.0,2496.0,0,0,0.0,8840c7d7b32becffdc2ae35eff4c6e222bf15a23c28b0367005e9ece355daf4c,bipolar18-int16-any-overlap-8s-v1
chb05/chb05_01.edf:638976,chb05,chb05,chb05/chb05_01.edf,validation,638976,641024,2496.0,2504.0,0,0,0.0,8840c7d7b32becffdc2ae35eff4c6e222bf15a23c28b0367005e9ece355daf4c,bipolar18-int16-any-overlap-8s-v1
chb05/chb05_01.edf:641024,chb05,chb05,chb05/chb05_01.edf,validation,641024,643072,2504.0,2512.0,0,0,0.0,8840c7d7b32becffdc2ae35eff4c6e222bf15a23c28b0367005e9ece355daf4c,bipolar18-int16-any-overlap-8s-v1
chb05/chb05_01.edf:643072,chb05,chb05,chb05/chb05_01.edf,validation,643072,645120,2512.0,2520.0,0,0,0.0,8840c7d7b32becffdc2ae35eff4c6e222bf15a23c28b0367005e9ece355daf4c,bipolar18-int16-any-overlap-8s-v1
chb05/chb05_01.edf:645120,chb05,chb05,chb05/chb05_01.edf,validation,645120,647168,2520.0,2528.0,0,0,0.0,8840c7d7b32becffdc2ae35eff4c6e222bf15a23c28b0367005e9ece355daf4c,bipolar18-int16-any-overlap-8s-v1
chb05/chb05_01.edf:647168,chb05,chb05,chb05/chb05_01.edf,validation,647168,649216,2528.0,2536.0,0,0,0.0,8840c7d7b32becffdc2ae35eff4c6e222bf15a23c28b0367005e9ece355daf4c,bipolar18-int16-any-overlap-8s-v1
chb05/chb05_01.edf:649216,chb05,chb05,chb05/chb05_01.edf,validation,649216,651264,2536.0,2544.0,0,0,0.0,8840c7d7b32becffdc2ae35eff4c6e222bf15a23c28b0367005e9ece355daf4c,bipolar18-int16-any-overlap-8s-v1
chb05/chb05_01.edf:651264,chb05,chb05,chb05/chb05_01.edf,validation,651264,653312,2544.0,2552.0,0,0,0.0,8840c7d7b32becffdc2ae35eff4c6e222bf15a23c28b0367005e9ece355daf4c,bipolar18-int16-any-overlap-8s-v1
chb05/chb05_01.edf:653312,chb05,chb05,chb05/chb05_01.edf,validation,653312,655360,2552.0,2560.0,0,0,0.0,8840c7d7b32becffdc2ae35eff4c6e222bf15a23c28b0367005e9ece355daf4c,bipolar18-int16-any-overlap-8s-v1
chb05/chb05_01.edf:655360,chb05,chb05,chb05/chb05_01.edf,validation,655360,657408,2560.0,2568.0,0,0,0.0,8840c7d7b32becffdc2ae35eff4c6e222bf15a23c28b0367005e9ece355daf4c,bipolar18-int16-any-overlap-8s-v1
chb05/chb05_01.edf:657408,chb05,chb05,chb05/chb05_01.edf,validation,657408,659456,2568.0,2576.0,0,0,0.0,8840c7d7b32becffdc2ae35eff4c6e222bf15a23c28b0367005e9ece355daf4c,bipolar18-int16-any-overlap-8s-v1
chb05/chb05_01.edf:659456,chb05,chb05,chb05/chb05_01.edf,validation,659456,661504,2576.0,2584.0,0,0,0.0,8840c7d7b32becffdc2ae35eff4c6e222bf15a23c28b0367005e9ece355daf4c,bipolar18-int16-any-overlap-8s-v1
chb05/chb05_01.edf:661504,chb05,chb05,chb05/chb05_01.edf,validation,661504,663552,2584.0,2592.0,0,0,0.0,8840c7d7b32becffdc2ae35eff4c6e222bf15a23c28b0367005e9ece355daf4c,bipolar18-int16-any-overlap-8s-v1
chb05/chb05_01.edf:663552,chb05,chb05,chb05/chb05_01.edf,validation,663552,665600,2592.0,2600.0,0,0,0.0,8840c7d7b32becffdc2ae35eff4c6e222bf15a23c28b0367005e9ece355daf4c,bipolar18-int16-any-overlap-8s-v1
chb05/chb05_01.edf:665600,chb05,chb05,chb05/chb05_01.edf,validation,665600,667648,2600.0,2608.0,0,0,0.0,8840c7d7b32becffdc2ae35eff4c6e222bf15a23c28b0367005e9ece355daf4c,bipolar18-int16-any-overlap-8s-v1
chb05/chb05_01.edf:667648,chb05,chb05,chb05/chb05_01.edf,validation,667648,669696,2608.0,2616.0,0,0,0.0,8840c7d7b32becffdc2ae35eff4c6e222bf15a23c28b0367005e9ece355daf4c,bipolar18-int16-any-overlap-8s-v1
chb05/chb05_01.edf:669696,chb05,chb05,chb05/chb05_01.edf,validation,669696,671744,2616.0,2624.0,0,0,0.0,8840c7d7b32becffdc2ae35eff4c6e222bf15a23c28b0367005e9ece355daf4c,bipolar18-int16-any-overlap-8s-v1
chb05/chb05_01.edf:671744,chb05,chb05,chb05/chb05_01.edf,validation,671744,673792,2624.0,2632.0,0,0,0.0,8840c7d7b32becffdc2ae35eff4c6e222bf15a23c28b0367005e9ece355daf4c,bipolar18-int16-any-overlap-8s-v1
chb05/chb05_01.edf:673792,chb05,chb05,chb05/chb05_01.edf,validation,673792,675840,2632.0,2640.0,0,0,0.0,8840c7d7b32becffdc2ae35eff4c6e222bf15a23c28b0367005e9ece355daf4c,bipolar18-int16-any-overlap-8s-v1
chb05/chb05_01.edf:675840,chb05,chb05,chb05/chb05_01.edf,validation,675840,677888,2640.0,2648.0,0,0,0.0,8840c7d7b32becffdc2ae35eff4c6e222bf15a23c28b0367005e9ece355daf4c,bipolar18-int16-any-overlap-8s-v1
chb05/chb05_01.edf:677888,chb05,chb05,chb05/chb05_01.edf,validation,677888,679936,2648.0,2656.0,0,0,0.0,8840c7d7b32becffdc2ae35eff4c6e222bf15a23c28b0367005e9ece355daf4c,bipolar18-int16-any-overlap-8s-v1
chb05/chb05_01.edf:679936,chb05,chb05,chb05/chb05_01.edf,validation,679936,681984,2656.0,2664.0,0,0,0.0,8840c7d7b32becffdc2ae35eff4c6e222bf15a23c28b0367005e9ece355daf4c,bipolar18-int16-any-overlap-8s-v1
chb05/chb05_01.edf:681984,chb05,chb05,chb05/chb05_01.edf,validation,681984,684032,2664.0,2672.0,0,0,0.0,8840c7d7b32becffdc2ae35eff4c6e222bf15a23c28b0367005e9ece355daf4c,bipolar18-int16-any-overlap-8s-v1
chb05/chb05_01.edf:684032,chb05,chb05,chb05/chb05_01.edf,validation,684032,686080,2672.0,2680.0,0,0,0.0,8840c7d7b32becffdc2ae35eff4c6e222bf15a23c28b0367005e9ece355daf4c,bipolar18-int16-any-overlap-8s-v1
chb05/chb05_01.edf:686080,chb05,chb05,chb05/chb05_01.edf,validation,686080,688128,2680.0,2688.0,0,0,0.0,8840c7d7b32becffdc2ae35eff4c6e222bf15a23c28b0367005e9ece355daf4c,bipolar18-int16-any-overlap-8s-v1
chb05/chb05_01.edf:688128,chb05,chb05,chb05/chb05_01.edf,validation,688128,690176,2688.0,2696.0,0,0,0.0,8840c7d7b32becffdc2ae35eff4c6e222bf15a23c28b0367005e9ece355daf4c,bipolar18-int16-any-overlap-8s-v1
chb05/chb05_01.edf:690176,chb05,chb05,chb05/chb05_01.edf,validation,690176,692224,2696.0,2704.0,0,0,0.0,8840c7d7b32becffdc2ae35eff4c6e222bf15a23c28b0367005e9ece355daf4c,bipolar18-int16-any-overlap-8s-v1
chb05/chb05_01.edf:692224,chb05,chb05,chb05/chb05_01.edf,validation,692224,694272,2704.0,2712.0,0,0,0.0,8840c7d7b32becffdc2ae35eff4c6e222bf15a23c28b0367005e9ece355daf4c,bipolar18-int16-any-overlap-8s-v1
chb05/chb05_01.edf:694272,chb05,chb05,chb05/chb05_01.edf,validation,694272,696320,2712.0,2720.0,0,0,0.0,8840c7d7b32becffdc2ae35eff4c6e222bf15a23c28b0367005e9ece355daf4c,bipolar18-int16-any-overlap-8s-v1
chb05/chb05_01.edf:696320,chb05,chb05,chb05/chb05_01.edf,validation,696320,698368,2720.0,2728.0,0,0,0.0,8840c7d7b32becffdc2ae35eff4c6e222bf15a23c28b0367005e9ece355daf4c,bipolar18-int16-any-overlap-8s-v1
chb05/chb05_01.edf:698368,chb05,chb05,chb05/chb05_01.edf,validation,698368,700416,2728.0,2736.0,0,0,0.0,8840c7d7b32becffdc2ae35eff4c6e222bf15a23c28b0367005e9ece355daf4c,bipolar18-int16-any-overlap-8s-v1
chb05/chb05_01.edf:700416,chb05,chb05,chb05/chb05_01.edf,validation,700416,702464,2736.0,2744.0,0,0,0.0,8840c7d7b32becffdc2ae35eff4c6e222bf15a23c28b0367005e9ece355daf4c,bipolar18-int16-any-overlap-8s-v1
chb05/chb05_01.edf:702464,chb05,chb05,chb05/chb05_01.edf,validation,702464,704512,2744.0,2752.0,0,0,0.0,8840c7d7b32becffdc2ae35eff4c6e222bf15a23c28b0367005e9ece355daf4c,bipolar18-int16-any-overlap-8s-v1
chb05/chb05_01.edf:704512,chb05,chb05,chb05/chb05_01.edf,validation,704512,706560,2752.0,2760.0,0,0,0.0,8840c7d7b32becffdc2ae35eff4c6e222bf15a23c28b0367005e9ece355daf4c,bipolar18-int16-any-overlap-8s-v1
chb05/chb05_01.edf:706560,chb05,chb05,chb05/chb05_01.edf,validation,706560,708608,2760.0,2768.0,0,0,0.0,8840c7d7b32becffdc2ae35eff4c6e222bf15a23c28b0367005e9ece355daf4c,bipolar18-int16-any-overlap-8s-v1
chb05/chb05_01.edf:708608,chb05,chb05,chb05/chb05_01.edf,validation,708608,710656,2768.0,2776.0,0,0,0.0,8840c7d7b32becffdc2ae35eff4c6e222bf15a23c28b0367005e9ece355daf4c,bipolar18-int16-any-overlap-8s-v1
chb05/chb05_01.edf:710656,chb05,chb05,chb05/chb05_01.edf,validation,710656,712704,2776.0,2784.0,0,0,0.0,8840c7d7b32becffdc2ae35eff4c6e222bf15a23c28b0367005e9ece355daf4c,bipolar18-int16-any-overlap-8s-v1
chb05/chb05_01.edf:712704,chb05,chb05,chb05/chb05_01.edf,validation,712704,714752,2784.0,2792.0,0,0,0.0,8840c7d7b32becffdc2ae35eff4c6e222bf15a23c28b0367005e9ece355daf4c,bipolar18-int16-any-overlap-8s-v1
chb05/chb05_01.edf:714752,chb05,chb05,chb05/chb05_01.edf,validation,714752,716800,2792.0,2800.0,0,0,0.0,8840c7d7b32becffdc2ae35eff4c6e222bf15a23c28b0367005e9ece355daf4c,bipolar18-int16-any-overlap-8s-v1
chb05/chb05_01.edf:716800,chb05,chb05,chb05/chb05_01.edf,validation,716800,718848,2800.0,2808.0,0,0,0.0,8840c7d7b32becffdc2ae35eff4c6e222bf15a23c28b0367005e9ece355daf4c,bipolar18-int16-any-overlap-8s-v1
chb05/chb05_01.edf:718848,chb05,chb05,chb05/chb05_01.edf,validation,718848,720896,2808.0,2816.0,0,0,0.0,8840c7d7b32becffdc2ae35eff4c6e222bf15a23c28b0367005e9ece355daf4c,bipolar18-int16-any-overlap-8s-v1
chb05/chb05_01.edf:720896,chb05,chb05,chb05/chb05_01.edf,validation,720896,722944,2816.0,2824.0,0,0,0.0,8840c7d7b32becffdc2ae35eff4c6e222bf15a23c28b0367005e9ece355daf4c,bipolar18-int16-any-overlap-8s-v1
chb05/chb05_01.edf:722944,chb05,chb05,chb05/chb05_01.edf,validation,722944,724992,2824.0,2832.0,0,0,0.0,8840c7d7b32becffdc2ae35eff4c6e222bf15a23c28b0367005e9ece355daf4c,bipolar18-int16-any-overlap-8s-v1
chb05/chb05_01.edf:724992,chb05,chb05,chb05/chb05_01.edf,validation,724992,727040,2832.0,2840.0,0,0,0.0,8840c7d7b32becffdc2ae35eff4c6e222bf15a23c28b0367005e9ece355daf4c,bipolar18-int16-any-overlap-8s-v1
chb05/chb05_01.edf:727040,chb05,chb05,chb05/chb05_01.edf,validation,727040,729088,2840.0,2848.0,0,0,0.0,8840c7d7b32becffdc2ae35eff4c6e222bf15a23c28b0367005e9ece355daf4c,bipolar18-int16-any-overlap-8s-v1
chb05/chb05_01.edf:729088,chb05,chb05,chb05/chb05_01.edf,validation,729088,731136,2848.0,2856.0,0,0,0.0,8840c7d7b32becffdc2ae35eff4c6e222bf15a23c28b0367005e9ece355daf4c,bipolar18-int16-any-overlap-8s-v1
chb05/chb05_01.edf:731136,chb05,chb05,chb05/chb05_01.edf,validation,731136,733184,2856.0,2864.0,0,0,0.0,8840c7d7b32becffdc2ae35eff4c6e222bf15a23c28b0367005e9ece355daf4c,bipolar18-int16-any-overlap-8s-v1
chb05/chb05_01.edf:733184,chb05,chb05,chb05/chb05_01.edf,validation,733184,735232,2864.0,2872.0,0,0,0.0,8840c7d7b32becffdc2ae35eff4c6e222bf15a23c28b0367005e9ece355daf4c,bipolar18-int16-any-overlap-8s-v1
chb05/chb05_01.edf:735232,chb05,chb05,chb05/chb05_01.edf,validation,735232,737280,2872.0,2880.0,0,0,0.0,8840c7d7b32becffdc2ae35eff4c6e222bf15a23c28b0367005e9ece355daf4c,bipolar18-int16-any-overlap-8s-v1
chb05/chb05_01.edf:737280,chb05,chb05,chb05/chb05_01.edf,validation,737280,739328,2880.0,2888.0,0,0,0.0,8840c7d7b32becffdc2ae35eff4c6e222bf15a23c28b0367005e9ece355daf4c,bipolar18-int16-any-overlap-8s-v1
chb05/chb05_01.edf:739328,chb05,chb05,chb05/chb05_01.edf,validation,739328,741376,2888.0,2896.0,0,0,0.0,8840c7d7b32becffdc2ae35eff4c6e222bf15a23c28b0367005e9ece355daf4c,bipolar18-int16-any-overlap-8s-v1
chb05/chb05_01.edf:741376,chb05,chb05,chb05/chb05_01.edf,validation,741376,743424,2896.0,2904.0,0,0,0.0,8840c7d7b32becffdc2ae35eff4c6e222bf15a23c28b0367005e9ece355daf4c,bipolar18-int16-any-overlap-8s-v1
chb05/chb05_01.edf:743424,chb05,chb05,chb05/chb05_01.edf,validation,743424,745472,2904.0,2912.0,0,0,0.0,8840c7d7b32becffdc2ae35eff4c6e222bf15a23c28b0367005e9ece355daf4c,bipolar18-int16-any-overlap-8s-v1
chb05/chb05_01.edf:745472,chb05,chb05,chb05/chb05_01.edf,validation,745472,747520,2912.0,2920.0,0,0,0.0,8840c7d7b32becffdc2ae35eff4c6e222bf15a23c28b0367005e9ece355daf4c,bipolar18-int16-any-overlap-8s-v1
chb05/chb05_01.edf:747520,chb05,chb05,chb05/chb05_01.edf,validation,747520,749568,2920.0,2928.0,0,0,0.0,8840c7d7b32becffdc2ae35eff4c6e222bf15a23c28b0367005e9ece355daf4c,bipolar18-int16-any-overlap-8s-v1
chb05/chb05_01.edf:749568,chb05,chb05,chb05/chb05_01.edf,validation,749568,751616,2928.0,2936.0,0,0,0.0,8840c7d7b32becffdc2ae35eff4c6e222bf15a23c28b0367005e9ece355daf4c,bipolar18-int16-any-overlap-8s-v1
chb05/chb05_01.edf:751616,chb05,chb05,chb05/chb05_01.edf,validation,751616,753664,2936.0,2944.0,0,0,0.0,8840c7d7b32becffdc2ae35eff4c6e222bf15a23c28b0367005e9ece355daf4c,bipolar18-int16-any-overlap-8s-v1
chb05/chb05_01.edf:753664,chb05,chb05,chb05/chb05_01.edf,validation,753664,755712,2944.0,2952.0,0,0,0.0,8840c7d7b32becffdc2ae35eff4c6e222bf15a23c28b0367005e9ece355daf4c,bipolar18-int16-any-overlap-8s-v1
chb05/chb05_01.edf:755712,chb05,chb05,chb05/chb05_01.edf,validation,755712,757760,2952.0,2960.0,0,0,0.0,8840c7d7b32becffdc2ae35eff4c6e222bf15a23c28b0367005e9ece355daf4c,bipolar18-int16-any-overlap-8s-v1
chb05/chb05_01.edf:757760,chb05,chb05,chb05/chb05_01.edf,validation,757760,759808,2960.0,2968.0,0,0,0.0,8840c7d7b32becffdc2ae35eff4c6e222bf15a23c28b0367005e9ece355daf4c,bipolar18-int16-any-overlap-8s-v1
chb05/chb05_01.edf:759808,chb05,chb05,chb05/chb05_01.edf,validation,759808,761856,2968.0,2976.0,0,0,0.0,8840c7d7b32becffdc2ae35eff4c6e222bf15a23c28b0367005e9ece355daf4c,bipolar18-int16-any-overlap-8s-v1
chb05/chb05_01.edf:761856,chb05,chb05,chb05/chb05_01.edf,validation,761856,763904,2976.0,2984.0,0,0,0.0,8840c7d7b32becffdc2ae35eff4c6e222bf15a23c28b0367005e9ece355daf4c,bipolar18-int16-any-overlap-8s-v1
chb05/chb05_01.edf:763904,chb05,chb05,chb05/chb05_01.edf,validation,763904,765952,2984.0,2992.0,0,0,0.0,8840c7d7b32becffdc2ae35eff4c6e222bf15a23c28b0367005e9ece355daf4c,bipolar18-int16-any-overlap-8s-v1
chb05/chb05_01.edf:765952,chb05,chb05,chb05/chb05_01.edf,validation,765952,768000,2992.0,3000.0,0,0,0.0,8840c7d7b32becffdc2ae35eff4c6e222bf15a23c28b0367005e9ece355daf4c,bipolar18-int16-any-overlap-8s-v1
chb05/chb05_01.edf:768000,chb05,chb05,chb05/chb05_01.edf,validation,768000,770048,3000.0,3008.0,0,0,0.0,8840c7d7b32becffdc2ae35eff4c6e222bf15a23c28b0367005e9ece355daf4c,bipolar18-int16-any-overlap-8s-v1
chb05/chb05_01.edf:770048,chb05,chb05,chb05/chb05_01.edf,validation,770048,772096,3008.0,3016.0,0,0,0.0,8840c7d7b32becffdc2ae35eff4c6e222bf15a23c28b0367005e9ece355daf4c,bipolar18-int16-any-overlap-8s-v1
chb05/chb05_01.edf:772096,chb05,chb05,chb05/chb05_01.edf,validation,772096,774144,3016.0,3024.0,0,0,0.0,8840c7d7b32becffdc2ae35eff4c6e222bf15a23c28b0367005e9ece355daf4c,bipolar18-int16-any-overlap-8s-v1
chb05/chb05_01.edf:774144,chb05,chb05,chb05/chb05_01.edf,validation,774144,776192,3024.0,3032.0,0,0,0.0,8840c7d7b32becffdc2ae35eff4c6e222bf15a23c28b0367005e9ece355daf4c,bipolar18-int16-any-overlap-8s-v1
chb05/chb05_01.edf:776192,chb05,chb05,chb05/chb05_01.edf,validation,776192,778240,3032.0,3040.0,0,0,0.0,8840c7d7b32becffdc2ae35eff4c6e222bf15a23c28b0367005e9ece355daf4c,bipolar18-int16-any-overlap-8s-v1
chb05/chb05_01.edf:778240,chb05,chb05,chb05/chb05_01.edf,validation,778240,780288,3040.0,3048.0,0,0,0.0,8840c7d7b32becffdc2ae35eff4c6e222bf15a23c28b0367005e9ece355daf4c,bipolar18-int16-any-overlap-8s-v1
chb05/chb05_01.edf:780288,chb05,chb05,chb05/chb05_01.edf,validation,780288,782336,3048.0,3056.0,0,0,0.0,8840c7d7b32becffdc2ae35eff4c6e222bf15a23c28b0367005e9ece355daf4c,bipolar18-int16-any-overlap-8s-v1
chb05/chb05_01.edf:782336,chb05,chb05,chb05/chb05_01.edf,validation,782336,784384,3056.0,3064.0,0,0,0.0,8840c7d7b32becffdc2ae35eff4c6e222bf15a23c28b0367005e9ece355daf4c,bipolar18-int16-any-overlap-8s-v1
chb05/chb05_01.edf:784384,chb05,chb05,chb05/chb05_01.edf,validation,784384,786432,3064.0,3072.0,0,0,0.0,8840c7d7b32becffdc2ae35eff4c6e222bf15a23c28b0367005e9ece355daf4c,bipolar18-int16-any-overlap-8s-v1
chb05/chb05_01.edf:786432,chb05,chb05,chb05/chb05_01.edf,validation,786432,788480,3072.0,3080.0,0,0,0.0,8840c7d7b32becffdc2ae35eff4c6e222bf15a23c28b0367005e9ece355daf4c,bipolar18-int16-any-overlap-8s-v1
chb05/chb05_01.edf:788480,chb05,chb05,chb05/chb05_01.edf,validation,788480,790528,3080.0,3088.0,0,0,0.0,8840c7d7b32becffdc2ae35eff4c6e222bf15a23c28b0367005e9ece355daf4c,bipolar18-int16-any-overlap-8s-v1
chb05/chb05_01.edf:790528,chb05,chb05,chb05/chb05_01.edf,validation,790528,792576,3088.0,3096.0,0,0,0.0,8840c7d7b32becffdc2ae35eff4c6e222bf15a23c28b0367005e9ece355daf4c,bipolar18-int16-any-overlap-8s-v1
chb05/chb05_01.edf:792576,chb05,chb05,chb05/chb05_01.edf,validation,792576,794624,3096.0,3104.0,0,0,0.0,8840c7d7b32becffdc2ae35eff4c6e222bf15a23c28b0367005e9ece355daf4c,bipolar18-int16-any-overlap-8s-v1
chb05/chb05_01.edf:794624,chb05,chb05,chb05/chb05_01.edf,validation,794624,796672,3104.0,3112.0,0,0,0.0,8840c7d7b32becffdc2ae35eff4c6e222bf15a23c28b0367005e9ece355daf4c,bipolar18-int16-any-overlap-8s-v1
chb05/chb05_01.edf:796672,chb05,chb05,chb05/chb05_01.edf,validation,796672,798720,3112.0,3120.0,0,0,0.0,8840c7d7b32becffdc2ae35eff4c6e222bf15a23c28b0367005e9ece355daf4c,bipolar18-int16-any-overlap-8s-v1
chb05/chb05_01.edf:798720,chb05,chb05,chb05/chb05_01.edf,validation,798720,800768,3120.0,3128.0,0,0,0.0,8840c7d7b32becffdc2ae35eff4c6e222bf15a23c28b0367005e9ece355daf4c,bipolar18-int16-any-overlap-8s-v1
chb05/chb05_01.edf:800768,chb05,chb05,chb05/chb05_01.edf,validation,800768,802816,3128.0,3136.0,0,0,0.0,8840c7d7b32becffdc2ae35eff4c6e222bf15a23c28b0367005e9ece355daf4c,bipolar18-int16-any-overlap-8s-v1
chb05/chb05_01.edf:802816,chb05,chb05,chb05/chb05_01.edf,validation,802816,804864,3136.0,3144.0,0,0,0.0,8840c7d7b32becffdc2ae35eff4c6e222bf15a23c28b0367005e9ece355daf4c,bipolar18-int16-any-overlap-8s-v1
chb05/chb05_01.edf:804864,chb05,chb05,chb05/chb05_01.edf,validation,804864,806912,3144.0,3152.0,0,0,0.0,8840c7d7b32becffdc2ae35eff4c6e222bf15a23c28b0367005e9ece355daf4c,bipolar18-int16-any-overlap-8s-v1
chb05/chb05_01.edf:806912,chb05,chb05,chb05/chb05_01.edf,validation,806912,808960,3152.0,3160.0,0,0,0.0,8840c7d7b32becffdc2ae35eff4c6e222bf15a23c28b0367005e9ece355daf4c,bipolar18-int16-any-overlap-8s-v1
chb05/chb05_01.edf:808960,chb05,chb05,chb05/chb05_01.edf,validation,808960,811008,3160.0,3168.0,0,0,0.0,8840c7d7b32becffdc2ae35eff4c6e222bf15a23c28b0367005e9ece355daf4c,bipolar18-int16-any-overlap-8s-v1
chb05/chb05_01.edf:811008,chb05,chb05,chb05/chb05_01.edf,validation,811008,813056,3168.0,3176.0,0,0,0.0,8840c7d7b32becffdc2ae35eff4c6e222bf15a23c28b0367005e9ece355daf4c,bipolar18-int16-any-overlap-8s-v1
chb05/chb05_01.edf:813056,chb05,chb05,chb05/chb05_01.edf,validation,813056,815104,3176.0,3184.0,0,0,0.0,8840c7d7b32becffdc2ae35eff4c6e222bf15a23c28b0367005e9ece355daf4c,bipolar18-int16-any-overlap-8s-v1
chb05/chb05_01.edf:815104,chb05,chb05,chb05/chb05_01.edf,validation,815104,817152,3184.0,3192.0,0,0,0.0,8840c7d7b32becffdc2ae35eff4c6e222bf15a23c28b0367005e9ece355daf4c,bipolar18-int16-any-overlap-8s-v1
chb05/chb05_01.edf:817152,chb05,chb05,chb05/chb05_01.edf,validation,817152,819200,3192.0,3200.0,0,0,0.0,8840c7d7b32becffdc2ae35eff4c6e222bf15a23c28b0367005e9ece355daf4c,bipolar18-int16-any-overlap-8s-v1
chb05/chb05_01.edf:819200,chb05,chb05,chb05/chb05_01.edf,validation,819200,821248,3200.0,3208.0,0,0,0.0,8840c7d7b32becffdc2ae35eff4c6e222bf15a23c28b0367005e9ece355daf4c,bipolar18-int16-any-overlap-8s-v1
chb05/chb05_01.edf:821248,chb05,chb05,chb05/chb05_01.edf,validation,821248,823296,3208.0,3216.0,0,0,0.0,8840c7d7b32becffdc2ae35eff4c6e222bf15a23c28b0367005e9ece355daf4c,bipolar18-int16-any-overlap-8s-v1
chb05/chb05_01.edf:823296,chb05,chb05,chb05/chb05_01.edf,validation,823296,825344,3216.0,3224.0,0,0,0.0,8840c7d7b32becffdc2ae35eff4c6e222bf15a23c28b0367005e9ece355daf4c,bipolar18-int16-any-overlap-8s-v1
chb05/chb05_01.edf:825344,chb05,chb05,chb05/chb05_01.edf,validation,825344,827392,3224.0,3232.0,0,0,0.0,8840c7d7b32becffdc2ae35eff4c6e222bf15a23c28b0367005e9ece355daf4c,bipolar18-int16-any-overlap-8s-v1
chb05/chb05_01.edf:827392,chb05,chb05,chb05/chb05_01.edf,validation,827392,829440,3232.0,3240.0,0,0,0.0,8840c7d7b32becffdc2ae35eff4c6e222bf15a23c28b0367005e9ece355daf4c,bipolar18-int16-any-overlap-8s-v1
chb05/chb05_01.edf:829440,chb05,chb05,chb05/chb05_01.edf,validation,829440,831488,3240.0,3248.0,0,0,0.0,8840c7d7b32becffdc2ae35eff4c6e222bf15a23c28b0367005e9ece355daf4c,bipolar18-int16-any-overlap-8s-v1
chb05/chb05_01.edf:831488,chb05,chb05,chb05/chb05_01.edf,validation,831488,833536,3248.0,3256.0,0,0,0.0,8840c7d7b32becffdc2ae35eff4c6e222bf15a23c28b0367005e9ece355daf4c,bipolar18-int16-any-overlap-8s-v1
chb05/chb05_01.edf:833536,chb05,chb05,chb05/chb05_01.edf,validation,833536,835584,3256.0,3264.0,0,0,0.0,8840c7d7b32becffdc2ae35eff4c6e222bf15a23c28b0367005e9ece355daf4c,bipolar18-int16-any-overlap-8s-v1
chb05/chb05_01.edf:835584,chb05,chb05,chb05/chb05_01.edf,validation,835584,837632,3264.0,3272.0,0,0,0.0,8840c7d7b32becffdc2ae35eff4c6e222bf15a23c28b0367005e9ece355daf4c,bipolar18-int16-any-overlap-8s-v1
chb05/chb05_01.edf:837632,chb05,chb05,chb05/chb05_01.edf,validation,837632,839680,3272.0,3280.0,0,0,0.0,8840c7d7b32becffdc2ae35eff4c6e222bf15a23c28b0367005e9ece355daf4c,bipolar18-int16-any-overlap-8s-v1
chb05/chb05_01.edf:839680,chb05,chb05,chb05/chb05_01.edf,validation,839680,841728,3280.0,3288.0,0,0,0.0,8840c7d7b32becffdc2ae35eff4c6e222bf15a23c28b0367005e9ece355daf4c,bipolar18-int16-any-overlap-8s-v1
chb05/chb05_01.edf:841728,chb05,chb05,chb05/chb05_01.edf,validation,841728,843776,3288.0,3296.0,0,0,0.0,8840c7d7b32becffdc2ae35eff4c6e222bf15a23c28b0367005e9ece355daf4c,bipolar18-int16-any-overlap-8s-v1
chb05/chb05_01.edf:843776,chb05,chb05,chb05/chb05_01.edf,validation,843776,845824,3296.0,3304.0,0,0,0.0,8840c7d7b32becffdc2ae35eff4c6e222bf15a23c28b0367005e9ece355daf4c,bipolar18-int16-any-overlap-8s-v1
chb05/chb05_01.edf:845824,chb05,chb05,chb05/chb05_01.edf,validation,845824,847872,3304.0,3312.0,0,0,0.0,8840c7d7b32becffdc2ae35eff4c6e222bf15a23c28b0367005e9ece355daf4c,bipolar18-int16-any-overlap-8s-v1
chb05/chb05_01.edf:847872,chb05,chb05,chb05/chb05_01.edf,validation,847872,849920,3312.0,3320.0,0,0,0.0,8840c7d7b32becffdc2ae35eff4c6e222bf15a23c28b0367005e9ece355daf4c,bipolar18-int16-any-overlap-8s-v1
chb05/chb05_01.edf:849920,chb05,chb05,chb05/chb05_01.edf,validation,849920,851968,3320.0,3328.0,0,0,0.0,8840c7d7b32becffdc2ae35eff4c6e222bf15a23c28b0367005e9ece355daf4c,bipolar18-int16-any-overlap-8s-v1
chb05/chb05_01.edf:851968,chb05,chb05,chb05/chb05_01.edf,validation,851968,854016,3328.0,3336.0,0,0,0.0,8840c7d7b32becffdc2ae35eff4c6e222bf15a23c28b0367005e9ece355daf4c,bipolar18-int16-any-overlap-8s-v1
chb05/chb05_01.edf:854016,chb05,chb05,chb05/chb05_01.edf,validation,854016,856064,3336.0,3344.0,0,0,0.0,8840c7d7b32becffdc2ae35eff4c6e222bf15a23c28b0367005e9ece355daf4c,bipolar18-int16-any-overlap-8s-v1
chb05/chb05_01.edf:856064,chb05,chb05,chb05/chb05_01.edf,validation,856064,858112,3344.0,3352.0,0,0,0.0,8840c7d7b32becffdc2ae35eff4c6e222bf15a23c28b0367005e9ece355daf4c,bipolar18-int16-any-overlap-8s-v1
chb05/chb05_01.edf:858112,chb05,chb05,chb05/chb05_01.edf,validation,858112,860160,3352.0,3360.0,0,0,0.0,8840c7d7b32becffdc2ae35eff4c6e222bf15a23c28b0367005e9ece355daf4c,bipolar18-int16-any-overlap-8s-v1
chb05/chb05_01.edf:860160,chb05,chb05,chb05/chb05_01.edf,validation,860160,862208,3360.0,3368.0,0,0,0.0,8840c7d7b32becffdc2ae35eff4c6e222bf15a23c28b0367005e9ece355daf4c,bipolar18-int16-any-overlap-8s-v1
chb05/chb05_01.edf:862208,chb05,chb05,chb05/chb05_01.edf,validation,862208,864256,3368.0,3376.0,0,0,0.0,8840c7d7b32becffdc2ae35eff4c6e222bf15a23c28b0367005e9ece355daf4c,bipolar18-int16-any-overlap-8s-v1
chb05/chb05_01.edf:864256,chb05,chb05,chb05/chb05_01.edf,validation,864256,866304,3376.0,3384.0,0,0,0.0,8840c7d7b32becffdc2ae35eff4c6e222bf15a23c28b0367005e9ece355daf4c,bipolar18-int16-any-overlap-8s-v1
chb05/chb05_01.edf:866304,chb05,chb05,chb05/chb05_01.edf,validation,866304,868352,3384.0,3392.0,0,0,0.0,8840c7d7b32becffdc2ae35eff4c6e222bf15a23c28b0367005e9ece355daf4c,bipolar18-int16-any-overlap-8s-v1
chb05/chb05_01.edf:868352,chb05,chb05,chb05/chb05_01.edf,validation,868352,870400,3392.0,3400.0,0,0,0.0,8840c7d7b32becffdc2ae35eff4c6e222bf15a23c28b0367005e9ece355daf4c,bipolar18-int16-any-overlap-8s-v1
chb05/chb05_01.edf:870400,chb05,chb05,chb05/chb05_01.edf,validation,870400,872448,3400.0,3408.0,0,0,0.0,8840c7d7b32becffdc2ae35eff4c6e222bf15a23c28b0367005e9ece355daf4c,bipolar18-int16-any-overlap-8s-v1
chb05/chb05_01.edf:872448,chb05,chb05,chb05/chb05_01.edf,validation,872448,874496,3408.0,3416.0,0,0,0.0,8840c7d7b32becffdc2ae35eff4c6e222bf15a23c28b0367005e9ece355daf4c,bipolar18-int16-any-overlap-8s-v1
chb05/chb05_01.edf:874496,chb05,chb05,chb05/chb05_01.edf,validation,874496,876544,3416.0,3424.0,0,0,0.0,8840c7d7b32becffdc2ae35eff4c6e222bf15a23c28b0367005e9ece355daf4c,bipolar18-int16-any-overlap-8s-v1
chb05/chb05_01.edf:876544,chb05,chb05,chb05/chb05_01.edf,validation,876544,878592,3424.0,3432.0,0,0,0.0,8840c7d7b32becffdc2ae35eff4c6e222bf15a23c28b0367005e9ece355daf4c,bipolar18-int16-any-overlap-8s-v1
chb05/chb05_01.edf:878592,chb05,chb05,chb05/chb05_01.edf,validation,878592,880640,3432.0,3440.0,0,0,0.0,8840c7d7b32becffdc2ae35eff4c6e222bf15a23c28b0367005e9ece355daf4c,bipolar18-int16-any-overlap-8s-v1
chb05/chb05_01.edf:880640,chb05,chb05,chb05/chb05_01.edf,validation,880640,882688,3440.0,3448.0,0,0,0.0,8840c7d7b32becffdc2ae35eff4c6e222bf15a23c28b0367005e9ece355daf4c,bipolar18-int16-any-overlap-8s-v1
chb05/chb05_01.edf:882688,chb05,chb05,chb05/chb05_01.edf,validation,882688,884736,3448.0,3456.0,0,0,0.0,8840c7d7b32becffdc2ae35eff4c6e222bf15a23c28b0367005e9ece355daf4c,bipolar18-int16-any-overlap-8s-v1
chb05/chb05_01.edf:884736,chb05,chb05,chb05/chb05_01.edf,validation,884736,886784,3456.0,3464.0,0,0,0.0,8840c7d7b32becffdc2ae35eff4c6e222bf15a23c28b0367005e9ece355daf4c,bipolar18-int16-any-overlap-8s-v1
chb05/chb05_01.edf:886784,chb05,chb05,chb05/chb05_01.edf,validation,886784,888832,3464.0,3472.0,0,0,0.0,8840c7d7b32becffdc2ae35eff4c6e222bf15a23c28b0367005e9ece355daf4c,bipolar18-int16-any-overlap-8s-v1
chb05/chb05_01.edf:888832,chb05,chb05,chb05/chb05_01.edf,validation,888832,890880,3472.0,3480.0,0,0,0.0,8840c7d7b32becffdc2ae35eff4c6e222bf15a23c28b0367005e9ece355daf4c,bipolar18-int16-any-overlap-8s-v1
chb05/chb05_01.edf:890880,chb05,chb05,chb05/chb05_01.edf,validation,890880,892928,3480.0,3488.0,0,0,0.0,8840c7d7b32becffdc2ae35eff4c6e222bf15a23c28b0367005e9ece355daf4c,bipolar18-int16-any-overlap-8s-v1
chb05/chb05_01.edf:892928,chb05,chb05,chb05/chb05_01.edf,validation,892928,894976,3488.0,3496.0,0,0,0.0,8840c7d7b32becffdc2ae35eff4c6e222bf15a23c28b0367005e9ece355daf4c,bipolar18-int16-any-overlap-8s-v1
chb05/chb05_01.edf:894976,chb05,chb05,chb05/chb05_01.edf,validation,894976,897024,3496.0,3504.0,0,0,0.0,8840c7d7b32becffdc2ae35eff4c6e222bf15a23c28b0367005e9ece355daf4c,bipolar18-int16-any-overlap-8s-v1
chb05/chb05_01.edf:897024,chb05,chb05,chb05/chb05_01.edf,validation,897024,899072,3504.0,3512.0,0,0,0.0,8840c7d7b32becffdc2ae35eff4c6e222bf15a23c28b0367005e9ece355daf4c,bipolar18-int16-any-overlap-8s-v1
chb05/chb05_01.edf:899072,chb05,chb05,chb05/chb05_01.edf,validation,899072,901120,3512.0,3520.0,0,0,0.0,8840c7d7b32becffdc2ae35eff4c6e222bf15a23c28b0367005e9ece355daf4c,bipolar18-int16-any-overlap-8s-v1
chb05/chb05_01.edf:901120,chb05,chb05,chb05/chb05_01.edf,validation,901120,903168,3520.0,3528.0,0,0,0.0,8840c7d7b32becffdc2ae35eff4c6e222bf15a23c28b0367005e9ece355daf4c,bipolar18-int16-any-overlap-8s-v1
chb05/chb05_01.edf:903168,chb05,chb05,chb05/chb05_01.edf,validation,903168,905216,3528.0,3536.0,0,0,0.0,8840c7d7b32becffdc2ae35eff4c6e222bf15a23c28b0367005e9ece355daf4c,bipolar18-int16-any-overlap-8s-v1
chb05/chb05_01.edf:905216,chb05,chb05,chb05/chb05_01.edf,validation,905216,907264,3536.0,3544.0,0,0,0.0,8840c7d7b32becffdc2ae35eff4c6e222bf15a23c28b0367005e9ece355daf4c,bipolar18-int16-any-overlap-8s-v1
chb05/chb05_01.edf:907264,chb05,chb05,chb05/chb05_01.edf,validation,907264,909312,3544.0,3552.0,0,0,0.0,8840c7d7b32becffdc2ae35eff4c6e222bf15a23c28b0367005e9ece355daf4c,bipolar18-int16-any-overlap-8s-v1
chb05/chb05_01.edf:909312,chb05,chb05,chb05/chb05_01.edf,validation,909312,911360,3552.0,3560.0,0,0,0.0,8840c7d7b32becffdc2ae35eff4c6e222bf15a23c28b0367005e9ece355daf4c,bipolar18-int16-any-overlap-8s-v1
chb05/chb05_01.edf:911360,chb05,chb05,chb05/chb05_01.edf,validation,911360,913408,3560.0,3568.0,0,0,0.0,8840c7d7b32becffdc2ae35eff4c6e222bf15a23c28b0367005e9ece355daf4c,bipolar18-int16-any-overlap-8s-v1
chb05/chb05_01.edf:913408,chb05,chb05,chb05/chb05_01.edf,validation,913408,915456,3568.0,3576.0,0,0,0.0,8840c7d7b32becffdc2ae35eff4c6e222bf15a23c28b0367005e9ece355daf4c,bipolar18-int16-any-overlap-8s-v1
chb05/chb05_01.edf:915456,chb05,chb05,chb05/chb05_01.edf,validation,915456,917504,3576.0,3584.0,0,0,0.0,8840c7d7b32becffdc2ae35eff4c6e222bf15a23c28b0367005e9ece355daf4c,bipolar18-int16-any-overlap-8s-v1
chb05/chb05_01.edf:917504,chb05,chb05,chb05/chb05_01.edf,validation,917504,919552,3584.0,3592.0,0,0,0.0,8840c7d7b32becffdc2ae35eff4c6e222bf15a23c28b0367005e9ece355daf4c,bipolar18-int16-any-overlap-8s-v1
chb05/chb05_01.edf:919552,chb05,chb05,chb05/chb05_01.edf,validation,919552,921600,3592.0,3600.0,0,0,0.0,8840c7d7b32becffdc2ae35eff4c6e222bf15a23c28b0367005e9ece355daf4c,bipolar18-int16-any-overlap-8s-v1
chb05/chb05_01.edf:921600,chb05,chb05,chb05/chb05_01.edf,validation,921600,923648,3600.0,3608.0,0,0,0.0,8840c7d7b32becffdc2ae35eff4c6e222bf15a23c28b0367005e9ece355daf4c,bipolar18-int16-any-overlap-8s-v1
chb05/chb05_06.edf:0,chb05,chb05,chb05/chb05_06.edf,validation,0,2048,0.0,8.0,0,0,0.0,8a15d8871289ff5947136c2bbd4482af9a9ac30d402efd3357993b064e86a2fd,bipolar18-int16-any-overlap-8s-v1
chb05/chb05_06.edf:2048,chb05,chb05,chb05/chb05_06.edf,validation,2048,4096,8.0,16.0,0,0,0.0,8a15d8871289ff5947136c2bbd4482af9a9ac30d402efd3357993b064e86a2fd,bipolar18-int16-any-overlap-8s-v1
chb05/chb05_06.edf:4096,chb05,chb05,chb05/chb05_06.edf,validation,4096,6144,16.0,24.0,0,0,0.0,8a15d8871289ff5947136c2bbd4482af9a9ac30d402efd3357993b064e86a2fd,bipolar18-int16-any-overlap-8s-v1
chb05/chb05_06.edf:6144,chb05,chb05,chb05/chb05_06.edf,validation,6144,8192,24.0,32.0,0,0,0.0,8a15d8871289ff5947136c2bbd4482af9a9ac30d402efd3357993b064e86a2fd,bipolar18-int16-any-overlap-8s-v1
chb05/chb05_06.edf:8192,chb05,chb05,chb05/chb05_06.edf,validation,8192,10240,32.0,40.0,0,0,0.0,8a15d8871289ff5947136c2bbd4482af9a9ac30d402efd3357993b064e86a2fd,bipolar18-int16-any-overlap-8s-v1
chb05/chb05_06.edf:10240,chb05,chb05,chb05/chb05_06.edf,validation,10240,12288,40.0,48.0,0,0,0.0,8a15d8871289ff5947136c2bbd4482af9a9ac30d402efd3357993b064e86a2fd,bipolar18-int16-any-overlap-8s-v1
chb05/chb05_06.edf:12288,chb05,chb05,chb05/chb05_06.edf,validation,12288,14336,48.0,56.0,0,0,0.0,8a15d8871289ff5947136c2bbd4482af9a9ac30d402efd3357993b064e86a2fd,bipolar18-int16-any-overlap-8s-v1
chb05/chb05_06.edf:14336,chb05,chb05,chb05/chb05_06.edf,validation,14336,16384,56.0,64.0,0,0,0.0,8a15d8871289ff5947136c2bbd4482af9a9ac30d402efd3357993b064e86a2fd,bipolar18-int16-any-overlap-8s-v1
chb05/chb05_06.edf:16384,chb05,chb05,chb05/chb05_06.edf,validation,16384,18432,64.0,72.0,0,0,0.0,8a15d8871289ff5947136c2bbd4482af9a9ac30d402efd3357993b064e86a2fd,bipolar18-int16-any-overlap-8s-v1
chb05/chb05_06.edf:18432,chb05,chb05,chb05/chb05_06.edf,validation,18432,20480,72.0,80.0,0,0,0.0,8a15d8871289ff5947136c2bbd4482af9a9ac30d402efd3357993b064e86a2fd,bipolar18-int16-any-overlap-8s-v1
chb05/chb05_06.edf:20480,chb05,chb05,chb05/chb05_06.edf,validation,20480,22528,80.0,88.0,0,0,0.0,8a15d8871289ff5947136c2bbd4482af9a9ac30d402efd3357993b064e86a2fd,bipolar18-int16-any-overlap-8s-v1
chb05/chb05_06.edf:22528,chb05,chb05,chb05/chb05_06.edf,validation,22528,24576,88.0,96.0,0,0,0.0,8a15d8871289ff5947136c2bbd4482af9a9ac30d402efd3357993b064e86a2fd,bipolar18-int16-any-overlap-8s-v1
chb05/chb05_06.edf:24576,chb05,chb05,chb05/chb05_06.edf,validation,24576,26624,96.0,104.0,0,0,0.0,8a15d8871289ff5947136c2bbd4482af9a9ac30d402efd3357993b064e86a2fd,bipolar18-int16-any-overlap-8s-v1
chb05/chb05_06.edf:26624,chb05,chb05,chb05/chb05_06.edf,validation,26624,28672,104.0,112.0,0,0,0.0,8a15d8871289ff5947136c2bbd4482af9a9ac30d402efd3357993b064e86a2fd,bipolar18-int16-any-overlap-8s-v1
chb05/chb05_06.edf:28672,chb05,chb05,chb05/chb05_06.edf,validation,28672,30720,112.0,120.0,0,0,0.0,8a15d8871289ff5947136c2bbd4482af9a9ac30d402efd3357993b064e86a2fd,bipolar18-int16-any-overlap-8s-v1
chb05/chb05_06.edf:30720,chb05,chb05,chb05/chb05_06.edf,validation,30720,32768,120.0,128.0,0,0,0.0,8a15d8871289ff5947136c2bbd4482af9a9ac30d402efd3357993b064e86a2fd,bipolar18-int16-any-overlap-8s-v1
chb05/chb05_06.edf:32768,chb05,chb05,chb05/chb05_06.edf,validation,32768,34816,128.0,136.0,0,0,0.0,8a15d8871289ff5947136c2bbd4482af9a9ac30d402efd3357993b064e86a2fd,bipolar18-int16-any-overlap-8s-v1
chb05/chb05_06.edf:34816,chb05,chb05,chb05/chb05_06.edf,validation,34816,36864,136.0,144.0,0,0,0.0,8a15d8871289ff5947136c2bbd4482af9a9ac30d402efd3357993b064e86a2fd,bipolar18-int16-any-overlap-8s-v1
chb05/chb05_06.edf:36864,chb05,chb05,chb05/chb05_06.edf,validation,36864,38912,144.0,152.0,0,0,0.0,8a15d8871289ff5947136c2bbd4482af9a9ac30d402efd3357993b064e86a2fd,bipolar18-int16-any-overlap-8s-v1
chb05/chb05_06.edf:38912,chb05,chb05,chb05/chb05_06.edf,validation,38912,40960,152.0,160.0,0,0,0.0,8a15d8871289ff5947136c2bbd4482af9a9ac30d402efd3357993b064e86a2fd,bipolar18-int16-any-overlap-8s-v1
chb05/chb05_06.edf:40960,chb05,chb05,chb05/chb05_06.edf,validation,40960,43008,160.0,168.0,0,0,0.0,8a15d8871289ff5947136c2bbd4482af9a9ac30d402efd3357993b064e86a2fd,bipolar18-int16-any-overlap-8s-v1
chb05/chb05_06.edf:43008,chb05,chb05,chb05/chb05_06.edf,validation,43008,45056,168.0,176.0,0,0,0.0,8a15d8871289ff5947136c2bbd4482af9a9ac30d402efd3357993b064e86a2fd,bipolar18-int16-any-overlap-8s-v1
chb05/chb05_06.edf:45056,chb05,chb05,chb05/chb05_06.edf,validation,45056,47104,176.0,184.0,0,0,0.0,8a15d8871289ff5947136c2bbd4482af9a9ac30d402efd3357993b064e86a2fd,bipolar18-int16-any-overlap-8s-v1
chb05/chb05_06.edf:47104,chb05,chb05,chb05/chb05_06.edf,validation,47104,49152,184.0,192.0,0,0,0.0,8a15d8871289ff5947136c2bbd4482af9a9ac30d402efd3357993b064e86a2fd,bipolar18-int16-any-overlap-8s-v1
chb05/chb05_06.edf:49152,chb05,chb05,chb05/chb05_06.edf,validation,49152,51200,192.0,200.0,0,0,0.0,8a15d8871289ff5947136c2bbd4482af9a9ac30d402efd3357993b064e86a2fd,bipolar18-int16-any-overlap-8s-v1
chb05/chb05_06.edf:51200,chb05,chb05,chb05/chb05_06.edf,validation,51200,53248,200.0,208.0,0,0,0.0,8a15d8871289ff5947136c2bbd4482af9a9ac30d402efd3357993b064e86a2fd,bipolar18-int16-any-overlap-8s-v1
chb05/chb05_06.edf:53248,chb05,chb05,chb05/chb05_06.edf,validation,53248,55296,208.0,216.0,0,0,0.0,8a15d8871289ff5947136c2bbd4482af9a9ac30d402efd3357993b064e86a2fd,bipolar18-int16-any-overlap-8s-v1
chb05/chb05_06.edf:55296,chb05,chb05,chb05/chb05_06.edf,validation,55296,57344,216.0,224.0,0,0,0.0,8a15d8871289ff5947136c2bbd4482af9a9ac30d402efd3357993b064e86a2fd,bipolar18-int16-any-overlap-8s-v1
chb05/chb05_06.edf:57344,chb05,chb05,chb05/chb05_06.edf,validation,57344,59392,224.0,232.0,0,0,0.0,8a15d8871289ff5947136c2bbd4482af9a9ac30d402efd3357993b064e86a2fd,bipolar18-int16-any-overlap-8s-v1
chb05/chb05_06.edf:59392,chb05,chb05,chb05/chb05_06.edf,validation,59392,61440,232.0,240.0,0,0,0.0,8a15d8871289ff5947136c2bbd4482af9a9ac30d402efd3357993b064e86a2fd,bipolar18-int16-any-overlap-8s-v1
chb05/chb05_06.edf:61440,chb05,chb05,chb05/chb05_06.edf,validation,61440,63488,240.0,248.0,0,0,0.0,8a15d8871289ff5947136c2bbd4482af9a9ac30d402efd3357993b064e86a2fd,bipolar18-int16-any-overlap-8s-v1
chb05/chb05_06.edf:63488,chb05,chb05,chb05/chb05_06.edf,validation,63488,65536,248.0,256.0,0,0,0.0,8a15d8871289ff5947136c2bbd4482af9a9ac30d402efd3357993b064e86a2fd,bipolar18-int16-any-overlap-8s-v1
chb05/chb05_06.edf:65536,chb05,chb05,chb05/chb05_06.edf,validation,65536,67584,256.0,264.0,0,0,0.0,8a15d8871289ff5947136c2bbd4482af9a9ac30d402efd3357993b064e86a2fd,bipolar18-int16-any-overlap-8s-v1
chb05/chb05_06.edf:67584,chb05,chb05,chb05/chb05_06.edf,validation,67584,69632,264.0,272.0,0,0,0.0,8a15d8871289ff5947136c2bbd4482af9a9ac30d402efd3357993b064e86a2fd,bipolar18-int16-any-overlap-8s-v1
chb05/chb05_06.edf:69632,chb05,chb05,chb05/chb05_06.edf,validation,69632,71680,272.0,280.0,0,0,0.0,8a15d8871289ff5947136c2bbd4482af9a9ac30d402efd3357993b064e86a2fd,bipolar18-int16-any-overlap-8s-v1
chb05/chb05_06.edf:71680,chb05,chb05,chb05/chb05_06.edf,validation,71680,73728,280.0,288.0,0,0,0.0,8a15d8871289ff5947136c2bbd4482af9a9ac30d402efd3357993b064e86a2fd,bipolar18-int16-any-overlap-8s-v1
chb05/chb05_06.edf:73728,chb05,chb05,chb05/chb05_06.edf,validation,73728,75776,288.0,296.0,0,0,0.0,8a15d8871289ff5947136c2bbd4482af9a9ac30d402efd3357993b064e86a2fd,bipolar18-int16-any-overlap-8s-v1
chb05/chb05_06.edf:75776,chb05,chb05,chb05/chb05_06.edf,validation,75776,77824,296.0,304.0,0,0,0.0,8a15d8871289ff5947136c2bbd4482af9a9ac30d402efd3357993b064e86a2fd,bipolar18-int16-any-overlap-8s-v1
chb05/chb05_06.edf:77824,chb05,chb05,chb05/chb05_06.edf,validation,77824,79872,304.0,312.0,0,0,0.0,8a15d8871289ff5947136c2bbd4482af9a9ac30d402efd3357993b064e86a2fd,bipolar18-int16-any-overlap-8s-v1
chb05/chb05_06.edf:79872,chb05,chb05,chb05/chb05_06.edf,validation,79872,81920,312.0,320.0,0,0,0.0,8a15d8871289ff5947136c2bbd4482af9a9ac30d402efd3357993b064e86a2fd,bipolar18-int16-any-overlap-8s-v1
chb05/chb05_06.edf:81920,chb05,chb05,chb05/chb05_06.edf,validation,81920,83968,320.0,328.0,0,0,0.0,8a15d8871289ff5947136c2bbd4482af9a9ac30d402efd3357993b064e86a2fd,bipolar18-int16-any-overlap-8s-v1
chb05/chb05_06.edf:83968,chb05,chb05,chb05/chb05_06.edf,validation,83968,86016,328.0,336.0,0,0,0.0,8a15d8871289ff5947136c2bbd4482af9a9ac30d402efd3357993b064e86a2fd,bipolar18-int16-any-overlap-8s-v1
chb05/chb05_06.edf:86016,chb05,chb05,chb05/chb05_06.edf,validation,86016,88064,336.0,344.0,0,0,0.0,8a15d8871289ff5947136c2bbd4482af9a9ac30d402efd3357993b064e86a2fd,bipolar18-int16-any-overlap-8s-v1
chb05/chb05_06.edf:88064,chb05,chb05,chb05/chb05_06.edf,validation,88064,90112,344.0,352.0,0,0,0.0,8a15d8871289ff5947136c2bbd4482af9a9ac30d402efd3357993b064e86a2fd,bipolar18-int16-any-overlap-8s-v1
chb05/chb05_06.edf:90112,chb05,chb05,chb05/chb05_06.edf,validation,90112,92160,352.0,360.0,0,0,0.0,8a15d8871289ff5947136c2bbd4482af9a9ac30d402efd3357993b064e86a2fd,bipolar18-int16-any-overlap-8s-v1
chb05/chb05_06.edf:92160,chb05,chb05,chb05/chb05_06.edf,validation,92160,94208,360.0,368.0,0,0,0.0,8a15d8871289ff5947136c2bbd4482af9a9ac30d402efd3357993b064e86a2fd,bipolar18-int16-any-overlap-8s-v1
chb05/chb05_06.edf:94208,chb05,chb05,chb05/chb05_06.edf,validation,94208,96256,368.0,376.0,0,0,0.0,8a15d8871289ff5947136c2bbd4482af9a9ac30d402efd3357993b064e86a2fd,bipolar18-int16-any-overlap-8s-v1
chb05/chb05_06.edf:96256,chb05,chb05,chb05/chb05_06.edf,validation,96256,98304,376.0,384.0,0,0,0.0,8a15d8871289ff5947136c2bbd4482af9a9ac30d402efd3357993b064e86a2fd,bipolar18-int16-any-overlap-8s-v1
chb05/chb05_06.edf:98304,chb05,chb05,chb05/chb05_06.edf,validation,98304,100352,384.0,392.0,0,0,0.0,8a15d8871289ff5947136c2bbd4482af9a9ac30d402efd3357993b064e86a2fd,bipolar18-int16-any-overlap-8s-v1
chb05/chb05_06.edf:100352,chb05,chb05,chb05/chb05_06.edf,validation,100352,102400,392.0,400.0,0,0,0.0,8a15d8871289ff5947136c2bbd4482af9a9ac30d402efd3357993b064e86a2fd,bipolar18-int16-any-overlap-8s-v1
chb05/chb05_06.edf:102400,chb05,chb05,chb05/chb05_06.edf,validation,102400,104448,400.0,408.0,0,0,0.0,8a15d8871289ff5947136c2bbd4482af9a9ac30d402efd3357993b064e86a2fd,bipolar18-int16-any-overlap-8s-v1
chb05/chb05_06.edf:104448,chb05,chb05,chb05/chb05_06.edf,validation,104448,106496,408.0,416.0,0,0,0.0,8a15d8871289ff5947136c2bbd4482af9a9ac30d402efd3357993b064e86a2fd,bipolar18-int16-any-overlap-8s-v1
chb05/chb05_06.edf:106496,chb05,chb05,chb05/chb05_06.edf,validation,106496,108544,416.0,424.0,1,1792,7.0,8a15d8871289ff5947136c2bbd4482af9a9ac30d402efd3357993b064e86a2fd,bipolar18-int16-any-overlap-8s-v1
chb05/chb05_06.edf:108544,chb05,chb05,chb05/chb05_06.edf,validation,108544,110592,424.0,432.0,1,2048,8.0,8a15d8871289ff5947136c2bbd4482af9a9ac30d402efd3357993b064e86a2fd,bipolar18-int16-any-overlap-8s-v1
chb05/chb05_06.edf:110592,chb05,chb05,chb05/chb05_06.edf,validation,110592,112640,432.0,440.0,1,2048,8.0,8a15d8871289ff5947136c2bbd4482af9a9ac30d402efd3357993b064e86a2fd,bipolar18-int16-any-overlap-8s-v1
chb05/chb05_06.edf:112640,chb05,chb05,chb05/chb05_06.edf,validation,112640,114688,440.0,448.0,1,2048,8.0,8a15d8871289ff5947136c2bbd4482af9a9ac30d402efd3357993b064e86a2fd,bipolar18-int16-any-overlap-8s-v1
chb05/chb05_06.edf:114688,chb05,chb05,chb05/chb05_06.edf,validation,114688,116736,448.0,456.0,1,2048,8.0,8a15d8871289ff5947136c2bbd4482af9a9ac30d402efd3357993b064e86a2fd,bipolar18-int16-any-overlap-8s-v1
chb05/chb05_06.edf:116736,chb05,chb05,chb05/chb05_06.edf,validation,116736,118784,456.0,464.0,1,2048,8.0,8a15d8871289ff5947136c2bbd4482af9a9ac30d402efd3357993b064e86a2fd,bipolar18-int16-any-overlap-8s-v1
chb05/chb05_06.edf:118784,chb05,chb05,chb05/chb05_06.edf,validation,118784,120832,464.0,472.0,1,2048,8.0,8a15d8871289ff5947136c2bbd4482af9a9ac30d402efd3357993b064e86a2fd,bipolar18-int16-any-overlap-8s-v1
chb05/chb05_06.edf:120832,chb05,chb05,chb05/chb05_06.edf,validation,120832,122880,472.0,480.0,1,2048,8.0,8a15d8871289ff5947136c2bbd4482af9a9ac30d402efd3357993b064e86a2fd,bipolar18-int16-any-overlap-8s-v1
chb05/chb05_06.edf:122880,chb05,chb05,chb05/chb05_06.edf,validation,122880,124928,480.0,488.0,1,2048,8.0,8a15d8871289ff5947136c2bbd4482af9a9ac30d402efd3357993b064e86a2fd,bipolar18-int16-any-overlap-8s-v1
chb05/chb05_06.edf:124928,chb05,chb05,chb05/chb05_06.edf,validation,124928,126976,488.0,496.0,1,2048,8.0,8a15d8871289ff5947136c2bbd4482af9a9ac30d402efd3357993b064e86a2fd,bipolar18-int16-any-overlap-8s-v1
chb05/chb05_06.edf:126976,chb05,chb05,chb05/chb05_06.edf,validation,126976,129024,496.0,504.0,1,2048,8.0,8a15d8871289ff5947136c2bbd4482af9a9ac30d402efd3357993b064e86a2fd,bipolar18-int16-any-overlap-8s-v1
chb05/chb05_06.edf:129024,chb05,chb05,chb05/chb05_06.edf,validation,129024,131072,504.0,512.0,1,2048,8.0,8a15d8871289ff5947136c2bbd4482af9a9ac30d402efd3357993b064e86a2fd,bipolar18-int16-any-overlap-8s-v1
chb05/chb05_06.edf:131072,chb05,chb05,chb05/chb05_06.edf,validation,131072,133120,512.0,520.0,1,2048,8.0,8a15d8871289ff5947136c2bbd4482af9a9ac30d402efd3357993b064e86a2fd,bipolar18-int16-any-overlap-8s-v1
chb05/chb05_06.edf:133120,chb05,chb05,chb05/chb05_06.edf,validation,133120,135168,520.0,528.0,1,2048,8.0,8a15d8871289ff5947136c2bbd4482af9a9ac30d402efd3357993b064e86a2fd,bipolar18-int16-any-overlap-8s-v1
chb05/chb05_06.edf:135168,chb05,chb05,chb05/chb05_06.edf,validation,135168,137216,528.0,536.0,1,1024,4.0,8a15d8871289ff5947136c2bbd4482af9a9ac30d402efd3357993b064e86a2fd,bipolar18-int16-any-overlap-8s-v1
chb05/chb05_06.edf:137216,chb05,chb05,chb05/chb05_06.edf,validation,137216,139264,536.0,544.0,0,0,0.0,8a15d8871289ff5947136c2bbd4482af9a9ac30d402efd3357993b064e86a2fd,bipolar18-int16-any-overlap-8s-v1
chb05/chb05_06.edf:139264,chb05,chb05,chb05/chb05_06.edf,validation,139264,141312,544.0,552.0,0,0,0.0,8a15d8871289ff5947136c2bbd4482af9a9ac30d402efd3357993b064e86a2fd,bipolar18-int16-any-overlap-8s-v1
chb05/chb05_06.edf:141312,chb05,chb05,chb05/chb05_06.edf,validation,141312,143360,552.0,560.0,0,0,0.0,8a15d8871289ff5947136c2bbd4482af9a9ac30d402efd3357993b064e86a2fd,bipolar18-int16-any-overlap-8s-v1
chb05/chb05_06.edf:143360,chb05,chb05,chb05/chb05_06.edf,validation,143360,145408,560.0,568.0,0,0,0.0,8a15d8871289ff5947136c2bbd4482af9a9ac30d402efd3357993b064e86a2fd,bipolar18-int16-any-overlap-8s-v1
chb05/chb05_06.edf:145408,chb05,chb05,chb05/chb05_06.edf,validation,145408,147456,568.0,576.0,0,0,0.0,8a15d8871289ff5947136c2bbd4482af9a9ac30d402efd3357993b064e86a2fd,bipolar18-int16-any-overlap-8s-v1
chb05/chb05_06.edf:147456,chb05,chb05,chb05/chb05_06.edf,validation,147456,149504,576.0,584.0,0,0,0.0,8a15d8871289ff5947136c2bbd4482af9a9ac30d402efd3357993b064e86a2fd,bipolar18-int16-any-overlap-8s-v1
chb05/chb05_06.edf:149504,chb05,chb05,chb05/chb05_06.edf,validation,149504,151552,584.0,592.0,0,0,0.0,8a15d8871289ff5947136c2bbd4482af9a9ac30d402efd3357993b064e86a2fd,bipolar18-int16-any-overlap-8s-v1
chb05/chb05_06.edf:151552,chb05,chb05,chb05/chb05_06.edf,validation,151552,153600,592.0,600.0,0,0,0.0,8a15d8871289ff5947136c2bbd4482af9a9ac30d402efd3357993b064e86a2fd,bipolar18-int16-any-overlap-8s-v1
chb05/chb05_06.edf:153600,chb05,chb05,chb05/chb05_06.edf,validation,153600,155648,600.0,608.0,0,0,0.0,8a15d8871289ff5947136c2bbd4482af9a9ac30d402efd3357993b064e86a2fd,bipolar18-int16-any-overlap-8s-v1
chb05/chb05_06.edf:155648,chb05,chb05,chb05/chb05_06.edf,validation,155648,157696,608.0,616.0,0,0,0.0,8a15d8871289ff5947136c2bbd4482af9a9ac30d402efd3357993b064e86a2fd,bipolar18-int16-any-overlap-8s-v1
chb05/chb05_06.edf:157696,chb05,chb05,chb05/chb05_06.edf,validation,157696,159744,616.0,624.0,0,0,0.0,8a15d8871289ff5947136c2bbd4482af9a9ac30d402efd3357993b064e86a2fd,bipolar18-int16-any-overlap-8s-v1
chb05/chb05_06.edf:159744,chb05,chb05,chb05/chb05_06.edf,validation,159744,161792,624.0,632.0,0,0,0.0,8a15d8871289ff5947136c2bbd4482af9a9ac30d402efd3357993b064e86a2fd,bipolar18-int16-any-overlap-8s-v1
chb05/chb05_06.edf:161792,chb05,chb05,chb05/chb05_06.edf,validation,161792,163840,632.0,640.0,0,0,0.0,8a15d8871289ff5947136c2bbd4482af9a9ac30d402efd3357993b064e86a2fd,bipolar18-int16-any-overlap-8s-v1
chb05/chb05_06.edf:163840,chb05,chb05,chb05/chb05_06.edf,validation,163840,165888,640.0,648.0,0,0,0.0,8a15d8871289ff5947136c2bbd4482af9a9ac30d402efd3357993b064e86a2fd,bipolar18-int16-any-overlap-8s-v1
chb05/chb05_06.edf:165888,chb05,chb05,chb05/chb05_06.edf,validation,165888,167936,648.0,656.0,0,0,0.0,8a15d8871289ff5947136c2bbd4482af9a9ac30d402efd3357993b064e86a2fd,bipolar18-int16-any-overlap-8s-v1
chb05/chb05_06.edf:167936,chb05,chb05,chb05/chb05_06.edf,validation,167936,169984,656.0,664.0,0,0,0.0,8a15d8871289ff5947136c2bbd4482af9a9ac30d402efd3357993b064e86a2fd,bipolar18-int16-any-overlap-8s-v1
chb05/chb05_06.edf:169984,chb05,chb05,chb05/chb05_06.edf,validation,169984,172032,664.0,672.0,0,0,0.0,8a15d8871289ff5947136c2bbd4482af9a9ac30d402efd3357993b064e86a2fd,bipolar18-int16-any-overlap-8s-v1
chb05/chb05_06.edf:172032,chb05,chb05,chb05/chb05_06.edf,validation,172032,174080,672.0,680.0,0,0,0.0,8a15d8871289ff5947136c2bbd4482af9a9ac30d402efd3357993b064e86a2fd,bipolar18-int16-any-overlap-8s-v1
chb05/chb05_06.edf:174080,chb05,chb05,chb05/chb05_06.edf,validation,174080,176128,680.0,688.0,0,0,0.0,8a15d8871289ff5947136c2bbd4482af9a9ac30d402efd3357993b064e86a2fd,bipolar18-int16-any-overlap-8s-v1
chb05/chb05_06.edf:176128,chb05,chb05,chb05/chb05_06.edf,validation,176128,178176,688.0,696.0,0,0,0.0,8a15d8871289ff5947136c2bbd4482af9a9ac30d402efd3357993b064e86a2fd,bipolar18-int16-any-overlap-8s-v1
chb05/chb05_06.edf:178176,chb05,chb05,chb05/chb05_06.edf,validation,178176,180224,696.0,704.0,0,0,0.0,8a15d8871289ff5947136c2bbd4482af9a9ac30d402efd3357993b064e86a2fd,bipolar18-int16-any-overlap-8s-v1
chb05/chb05_06.edf:180224,chb05,chb05,chb05/chb05_06.edf,validation,180224,182272,704.0,712.0,0,0,0.0,8a15d8871289ff5947136c2bbd4482af9a9ac30d402efd3357993b064e86a2fd,bipolar18-int16-any-overlap-8s-v1
chb05/chb05_06.edf:182272,chb05,chb05,chb05/chb05_06.edf,validation,182272,184320,712.0,720.0,0,0,0.0,8a15d8871289ff5947136c2bbd4482af9a9ac30d402efd3357993b064e86a2fd,bipolar18-int16-any-overlap-8s-v1
chb05/chb05_06.edf:184320,chb05,chb05,chb05/chb05_06.edf,validation,184320,186368,720.0,728.0,0,0,0.0,8a15d8871289ff5947136c2bbd4482af9a9ac30d402efd3357993b064e86a2fd,bipolar18-int16-any-overlap-8s-v1
chb05/chb05_06.edf:186368,chb05,chb05,chb05/chb05_06.edf,validation,186368,188416,728.0,736.0,0,0,0.0,8a15d8871289ff5947136c2bbd4482af9a9ac30d402efd3357993b064e86a2fd,bipolar18-int16-any-overlap-8s-v1
chb05/chb05_06.edf:188416,chb05,chb05,chb05/chb05_06.edf,validation,188416,190464,736.0,744.0,0,0,0.0,8a15d8871289ff5947136c2bbd4482af9a9ac30d402efd3357993b064e86a2fd,bipolar18-int16-any-overlap-8s-v1
chb05/chb05_06.edf:190464,chb05,chb05,chb05/chb05_06.edf,validation,190464,192512,744.0,752.0,0,0,0.0,8a15d8871289ff5947136c2bbd4482af9a9ac30d402efd3357993b064e86a2fd,bipolar18-int16-any-overlap-8s-v1
chb05/chb05_06.edf:192512,chb05,chb05,chb05/chb05_06.edf,validation,192512,194560,752.0,760.0,0,0,0.0,8a15d8871289ff5947136c2bbd4482af9a9ac30d402efd3357993b064e86a2fd,bipolar18-int16-any-overlap-8s-v1
chb05/chb05_06.edf:194560,chb05,chb05,chb05/chb05_06.edf,validation,194560,196608,760.0,768.0,0,0,0.0,8a15d8871289ff5947136c2bbd4482af9a9ac30d402efd3357993b064e86a2fd,bipolar18-int16-any-overlap-8s-v1
chb05/chb05_06.edf:196608,chb05,chb05,chb05/chb05_06.edf,validation,196608,198656,768.0,776.0,0,0,0.0,8a15d8871289ff5947136c2bbd4482af9a9ac30d402efd3357993b064e86a2fd,bipolar18-int16-any-overlap-8s-v1
chb05/chb05_06.edf:198656,chb05,chb05,chb05/chb05_06.edf,validation,198656,200704,776.0,784.0,0,0,0.0,8a15d8871289ff5947136c2bbd4482af9a9ac30d402efd3357993b064e86a2fd,bipolar18-int16-any-overlap-8s-v1
chb05/chb05_06.edf:200704,chb05,chb05,chb05/chb05_06.edf,validation,200704,202752,784.0,792.0,0,0,0.0,8a15d8871289ff5947136c2bbd4482af9a9ac30d402efd3357993b064e86a2fd,bipolar18-int16-any-overlap-8s-v1
chb05/chb05_06.edf:202752,chb05,chb05,chb05/chb05_06.edf,validation,202752,204800,792.0,800.0,0,0,0.0,8a15d8871289ff5947136c2bbd4482af9a9ac30d402efd3357993b064e86a2fd,bipolar18-int16-any-overlap-8s-v1
chb05/chb05_06.edf:204800,chb05,chb05,chb05/chb05_06.edf,validation,204800,206848,800.0,808.0,0,0,0.0,8a15d8871289ff5947136c2bbd4482af9a9ac30d402efd3357993b064e86a2fd,bipolar18-int16-any-overlap-8s-v1
chb05/chb05_06.edf:206848,chb05,chb05,chb05/chb05_06.edf,validation,206848,208896,808.0,816.0,0,0,0.0,8a15d8871289ff5947136c2bbd4482af9a9ac30d402efd3357993b064e86a2fd,bipolar18-int16-any-overlap-8s-v1
chb05/chb05_06.edf:208896,chb05,chb05,chb05/chb05_06.edf,validation,208896,210944,816.0,824.0,0,0,0.0,8a15d8871289ff5947136c2bbd4482af9a9ac30d402efd3357993b064e86a2fd,bipolar18-int16-any-overlap-8s-v1
chb05/chb05_06.edf:210944,chb05,chb05,chb05/chb05_06.edf,validation,210944,212992,824.0,832.0,0,0,0.0,8a15d8871289ff5947136c2bbd4482af9a9ac30d402efd3357993b064e86a2fd,bipolar18-int16-any-overlap-8s-v1
chb05/chb05_06.edf:212992,chb05,chb05,chb05/chb05_06.edf,validation,212992,215040,832.0,840.0,0,0,0.0,8a15d8871289ff5947136c2bbd4482af9a9ac30d402efd3357993b064e86a2fd,bipolar18-int16-any-overlap-8s-v1
chb05/chb05_06.edf:215040,chb05,chb05,chb05/chb05_06.edf,validation,215040,217088,840.0,848.0,0,0,0.0,8a15d8871289ff5947136c2bbd4482af9a9ac30d402efd3357993b064e86a2fd,bipolar18-int16-any-overlap-8s-v1
chb05/chb05_06.edf:217088,chb05,chb05,chb05/chb05_06.edf,validation,217088,219136,848.0,856.0,0,0,0.0,8a15d8871289ff5947136c2bbd4482af9a9ac30d402efd3357993b064e86a2fd,bipolar18-int16-any-overlap-8s-v1
chb05/chb05_06.edf:219136,chb05,chb05,chb05/chb05_06.edf,validation,219136,221184,856.0,864.0,0,0,0.0,8a15d8871289ff5947136c2bbd4482af9a9ac30d402efd3357993b064e86a2fd,bipolar18-int16-any-overlap-8s-v1
chb05/chb05_06.edf:221184,chb05,chb05,chb05/chb05_06.edf,validation,221184,223232,864.0,872.0,0,0,0.0,8a15d8871289ff5947136c2bbd4482af9a9ac30d402efd3357993b064e86a2fd,bipolar18-int16-any-overlap-8s-v1
chb05/chb05_06.edf:223232,chb05,chb05,chb05/chb05_06.edf,validation,223232,225280,872.0,880.0,0,0,0.0,8a15d8871289ff5947136c2bbd4482af9a9ac30d402efd3357993b064e86a2fd,bipolar18-int16-any-overlap-8s-v1
chb05/chb05_06.edf:225280,chb05,chb05,chb05/chb05_06.edf,validation,225280,227328,880.0,888.0,0,0,0.0,8a15d8871289ff5947136c2bbd4482af9a9ac30d402efd3357993b064e86a2fd,bipolar18-int16-any-overlap-8s-v1
chb05/chb05_06.edf:227328,chb05,chb05,chb05/chb05_06.edf,validation,227328,229376,888.0,896.0,0,0,0.0,8a15d8871289ff5947136c2bbd4482af9a9ac30d402efd3357993b064e86a2fd,bipolar18-int16-any-overlap-8s-v1
chb05/chb05_06.edf:229376,chb05,chb05,chb05/chb05_06.edf,validation,229376,231424,896.0,904.0,0,0,0.0,8a15d8871289ff5947136c2bbd4482af9a9ac30d402efd3357993b064e86a2fd,bipolar18-int16-any-overlap-8s-v1
chb05/chb05_06.edf:231424,chb05,chb05,chb05/chb05_06.edf,validation,231424,233472,904.0,912.0,0,0,0.0,8a15d8871289ff5947136c2bbd4482af9a9ac30d402efd3357993b064e86a2fd,bipolar18-int16-any-overlap-8s-v1
chb05/chb05_06.edf:233472,chb05,chb05,chb05/chb05_06.edf,validation,233472,235520,912.0,920.0,0,0,0.0,8a15d8871289ff5947136c2bbd4482af9a9ac30d402efd3357993b064e86a2fd,bipolar18-int16-any-overlap-8s-v1
chb05/chb05_06.edf:235520,chb05,chb05,chb05/chb05_06.edf,validation,235520,237568,920.0,928.0,0,0,0.0,8a15d8871289ff5947136c2bbd4482af9a9ac30d402efd3357993b064e86a2fd,bipolar18-int16-any-overlap-8s-v1
chb05/chb05_06.edf:237568,chb05,chb05,chb05/chb05_06.edf,validation,237568,239616,928.0,936.0,0,0,0.0,8a15d8871289ff5947136c2bbd4482af9a9ac30d402efd3357993b064e86a2fd,bipolar18-int16-any-overlap-8s-v1
chb05/chb05_06.edf:239616,chb05,chb05,chb05/chb05_06.edf,validation,239616,241664,936.0,944.0,0,0,0.0,8a15d8871289ff5947136c2bbd4482af9a9ac30d402efd3357993b064e86a2fd,bipolar18-int16-any-overlap-8s-v1
chb05/chb05_06.edf:241664,chb05,chb05,chb05/chb05_06.edf,validation,241664,243712,944.0,952.0,0,0,0.0,8a15d8871289ff5947136c2bbd4482af9a9ac30d402efd3357993b064e86a2fd,bipolar18-int16-any-overlap-8s-v1
chb05/chb05_06.edf:243712,chb05,chb05,chb05/chb05_06.edf,validation,243712,245760,952.0,960.0,0,0,0.0,8a15d8871289ff5947136c2bbd4482af9a9ac30d402efd3357993b064e86a2fd,bipolar18-int16-any-overlap-8s-v1
chb05/chb05_06.edf:245760,chb05,chb05,chb05/chb05_06.edf,validation,245760,247808,960.0,968.0,0,0,0.0,8a15d8871289ff5947136c2bbd4482af9a9ac30d402efd3357993b064e86a2fd,bipolar18-int16-any-overlap-8s-v1
chb05/chb05_06.edf:247808,chb05,chb05,chb05/chb05_06.edf,validation,247808,249856,968.0,976.0,0,0,0.0,8a15d8871289ff5947136c2bbd4482af9a9ac30d402efd3357993b064e86a2fd,bipolar18-int16-any-overlap-8s-v1
chb05/chb05_06.edf:249856,chb05,chb05,chb05/chb05_06.edf,validation,249856,251904,976.0,984.0,0,0,0.0,8a15d8871289ff5947136c2bbd4482af9a9ac30d402efd3357993b064e86a2fd,bipolar18-int16-any-overlap-8s-v1
chb05/chb05_06.edf:251904,chb05,chb05,chb05/chb05_06.edf,validation,251904,253952,984.0,992.0,0,0,0.0,8a15d8871289ff5947136c2bbd4482af9a9ac30d402efd3357993b064e86a2fd,bipolar18-int16-any-overlap-8s-v1
chb05/chb05_06.edf:253952,chb05,chb05,chb05/chb05_06.edf,validation,253952,256000,992.0,1000.0,0,0,0.0,8a15d8871289ff5947136c2bbd4482af9a9ac30d402efd3357993b064e86a2fd,bipolar18-int16-any-overlap-8s-v1
chb05/chb05_06.edf:256000,chb05,chb05,chb05/chb05_06.edf,validation,256000,258048,1000.0,1008.0,0,0,0.0,8a15d8871289ff5947136c2bbd4482af9a9ac30d402efd3357993b064e86a2fd,bipolar18-int16-any-overlap-8s-v1
chb05/chb05_06.edf:258048,chb05,chb05,chb05/chb05_06.edf,validation,258048,260096,1008.0,1016.0,0,0,0.0,8a15d8871289ff5947136c2bbd4482af9a9ac30d402efd3357993b064e86a2fd,bipolar18-int16-any-overlap-8s-v1
chb05/chb05_06.edf:260096,chb05,chb05,chb05/chb05_06.edf,validation,260096,262144,1016.0,1024.0,0,0,0.0,8a15d8871289ff5947136c2bbd4482af9a9ac30d402efd3357993b064e86a2fd,bipolar18-int16-any-overlap-8s-v1
chb05/chb05_06.edf:262144,chb05,chb05,chb05/chb05_06.edf,validation,262144,264192,1024.0,1032.0,0,0,0.0,8a15d8871289ff5947136c2bbd4482af9a9ac30d402efd3357993b064e86a2fd,bipolar18-int16-any-overlap-8s-v1
chb05/chb05_06.edf:264192,chb05,chb05,chb05/chb05_06.edf,validation,264192,266240,1032.0,1040.0,0,0,0.0,8a15d8871289ff5947136c2bbd4482af9a9ac30d402efd3357993b064e86a2fd,bipolar18-int16-any-overlap-8s-v1
chb05/chb05_06.edf:266240,chb05,chb05,chb05/chb05_06.edf,validation,266240,268288,1040.0,1048.0,0,0,0.0,8a15d8871289ff5947136c2bbd4482af9a9ac30d402efd3357993b064e86a2fd,bipolar18-int16-any-overlap-8s-v1
chb05/chb05_06.edf:268288,chb05,chb05,chb05/chb05_06.edf,validation,268288,270336,1048.0,1056.0,0,0,0.0,8a15d8871289ff5947136c2bbd4482af9a9ac30d402efd3357993b064e86a2fd,bipolar18-int16-any-overlap-8s-v1
chb05/chb05_06.edf:270336,chb05,chb05,chb05/chb05_06.edf,validation,270336,272384,1056.0,1064.0,0,0,0.0,8a15d8871289ff5947136c2bbd4482af9a9ac30d402efd3357993b064e86a2fd,bipolar18-int16-any-overlap-8s-v1
chb05/chb05_06.edf:272384,chb05,chb05,chb05/chb05_06.edf,validation,272384,274432,1064.0,1072.0,0,0,0.0,8a15d8871289ff5947136c2bbd4482af9a9ac30d402efd3357993b064e86a2fd,bipolar18-int16-any-overlap-8s-v1
chb05/chb05_06.edf:274432,chb05,chb05,chb05/chb05_06.edf,validation,274432,276480,1072.0,1080.0,0,0,0.0,8a15d8871289ff5947136c2bbd4482af9a9ac30d402efd3357993b064e86a2fd,bipolar18-int16-any-overlap-8s-v1
chb05/chb05_06.edf:276480,chb05,chb05,chb05/chb05_06.edf,validation,276480,278528,1080.0,1088.0,0,0,0.0,8a15d8871289ff5947136c2bbd4482af9a9ac30d402efd3357993b064e86a2fd,bipolar18-int16-any-overlap-8s-v1
chb05/chb05_06.edf:278528,chb05,chb05,chb05/chb05_06.edf,validation,278528,280576,1088.0,1096.0,0,0,0.0,8a15d8871289ff5947136c2bbd4482af9a9ac30d402efd3357993b064e86a2fd,bipolar18-int16-any-overlap-8s-v1
chb05/chb05_06.edf:280576,chb05,chb05,chb05/chb05_06.edf,validation,280576,282624,1096.0,1104.0,0,0,0.0,8a15d8871289ff5947136c2bbd4482af9a9ac30d402efd3357993b064e86a2fd,bipolar18-int16-any-overlap-8s-v1
chb05/chb05_06.edf:282624,chb05,chb05,chb05/chb05_06.edf,validation,282624,284672,1104.0,1112.0,0,0,0.0,8a15d8871289ff5947136c2bbd4482af9a9ac30d402efd3357993b064e86a2fd,bipolar18-int16-any-overlap-8s-v1
chb05/chb05_06.edf:284672,chb05,chb05,chb05/chb05_06.edf,validation,284672,286720,1112.0,1120.0,0,0,0.0,8a15d8871289ff5947136c2bbd4482af9a9ac30d402efd3357993b064e86a2fd,bipolar18-int16-any-overlap-8s-v1
chb05/chb05_06.edf:286720,chb05,chb05,chb05/chb05_06.edf,validation,286720,288768,1120.0,1128.0,0,0,0.0,8a15d8871289ff5947136c2bbd4482af9a9ac30d402efd3357993b064e86a2fd,bipolar18-int16-any-overlap-8s-v1
chb05/chb05_06.edf:288768,chb05,chb05,chb05/chb05_06.edf,validation,288768,290816,1128.0,1136.0,0,0,0.0,8a15d8871289ff5947136c2bbd4482af9a9ac30d402efd3357993b064e86a2fd,bipolar18-int16-any-overlap-8s-v1
chb05/chb05_06.edf:290816,chb05,chb05,chb05/chb05_06.edf,validation,290816,292864,1136.0,1144.0,0,0,0.0,8a15d8871289ff5947136c2bbd4482af9a9ac30d402efd3357993b064e86a2fd,bipolar18-int16-any-overlap-8s-v1
chb05/chb05_06.edf:292864,chb05,chb05,chb05/chb05_06.edf,validation,292864,294912,1144.0,1152.0,0,0,0.0,8a15d8871289ff5947136c2bbd4482af9a9ac30d402efd3357993b064e86a2fd,bipolar18-int16-any-overlap-8s-v1
chb05/chb05_06.edf:294912,chb05,chb05,chb05/chb05_06.edf,validation,294912,296960,1152.0,1160.0,0,0,0.0,8a15d8871289ff5947136c2bbd4482af9a9ac30d402efd3357993b064e86a2fd,bipolar18-int16-any-overlap-8s-v1
chb05/chb05_06.edf:296960,chb05,chb05,chb05/chb05_06.edf,validation,296960,299008,1160.0,1168.0,0,0,0.0,8a15d8871289ff5947136c2bbd4482af9a9ac30d402efd3357993b064e86a2fd,bipolar18-int16-any-overlap-8s-v1
chb05/chb05_06.edf:299008,chb05,chb05,chb05/chb05_06.edf,validation,299008,301056,1168.0,1176.0,0,0,0.0,8a15d8871289ff5947136c2bbd4482af9a9ac30d402efd3357993b064e86a2fd,bipolar18-int16-any-overlap-8s-v1
chb05/chb05_06.edf:301056,chb05,chb05,chb05/chb05_06.edf,validation,301056,303104,1176.0,1184.0,0,0,0.0,8a15d8871289ff5947136c2bbd4482af9a9ac30d402efd3357993b064e86a2fd,bipolar18-int16-any-overlap-8s-v1
chb05/chb05_06.edf:303104,chb05,chb05,chb05/chb05_06.edf,validation,303104,305152,1184.0,1192.0,0,0,0.0,8a15d8871289ff5947136c2bbd4482af9a9ac30d402efd3357993b064e86a2fd,bipolar18-int16-any-overlap-8s-v1
chb05/chb05_06.edf:305152,chb05,chb05,chb05/chb05_06.edf,validation,305152,307200,1192.0,1200.0,0,0,0.0,8a15d8871289ff5947136c2bbd4482af9a9ac30d402efd3357993b064e86a2fd,bipolar18-int16-any-overlap-8s-v1
chb05/chb05_06.edf:307200,chb05,chb05,chb05/chb05_06.edf,validation,307200,309248,1200.0,1208.0,0,0,0.0,8a15d8871289ff5947136c2bbd4482af9a9ac30d402efd3357993b064e86a2fd,bipolar18-int16-any-overlap-8s-v1
chb05/chb05_06.edf:309248,chb05,chb05,chb05/chb05_06.edf,validation,309248,311296,1208.0,1216.0,0,0,0.0,8a15d8871289ff5947136c2bbd4482af9a9ac30d402efd3357993b064e86a2fd,bipolar18-int16-any-overlap-8s-v1
chb05/chb05_06.edf:311296,chb05,chb05,chb05/chb05_06.edf,validation,311296,313344,1216.0,1224.0,0,0,0.0,8a15d8871289ff5947136c2bbd4482af9a9ac30d402efd3357993b064e86a2fd,bipolar18-int16-any-overlap-8s-v1
chb05/chb05_06.edf:313344,chb05,chb05,chb05/chb05_06.edf,validation,313344,315392,1224.0,1232.0,0,0,0.0,8a15d8871289ff5947136c2bbd4482af9a9ac30d402efd3357993b064e86a2fd,bipolar18-int16-any-overlap-8s-v1
chb05/chb05_06.edf:315392,chb05,chb05,chb05/chb05_06.edf,validation,315392,317440,1232.0,1240.0,0,0,0.0,8a15d8871289ff5947136c2bbd4482af9a9ac30d402efd3357993b064e86a2fd,bipolar18-int16-any-overlap-8s-v1
chb05/chb05_06.edf:317440,chb05,chb05,chb05/chb05_06.edf,validation,317440,319488,1240.0,1248.0,0,0,0.0,8a15d8871289ff5947136c2bbd4482af9a9ac30d402efd3357993b064e86a2fd,bipolar18-int16-any-overlap-8s-v1
chb05/chb05_06.edf:319488,chb05,chb05,chb05/chb05_06.edf,validation,319488,321536,1248.0,1256.0,0,0,0.0,8a15d8871289ff5947136c2bbd4482af9a9ac30d402efd3357993b064e86a2fd,bipolar18-int16-any-overlap-8s-v1
chb05/chb05_06.edf:321536,chb05,chb05,chb05/chb05_06.edf,validation,321536,323584,1256.0,1264.0,0,0,0.0,8a15d8871289ff5947136c2bbd4482af9a9ac30d402efd3357993b064e86a2fd,bipolar18-int16-any-overlap-8s-v1
chb05/chb05_06.edf:323584,chb05,chb05,chb05/chb05_06.edf,validation,323584,325632,1264.0,1272.0,0,0,0.0,8a15d8871289ff5947136c2bbd4482af9a9ac30d402efd3357993b064e86a2fd,bipolar18-int16-any-overlap-8s-v1
chb05/chb05_06.edf:325632,chb05,chb05,chb05/chb05_06.edf,validation,325632,327680,1272.0,1280.0,0,0,0.0,8a15d8871289ff5947136c2bbd4482af9a9ac30d402efd3357993b064e86a2fd,bipolar18-int16-any-overlap-8s-v1
chb05/chb05_06.edf:327680,chb05,chb05,chb05/chb05_06.edf,validation,327680,329728,1280.0,1288.0,0,0,0.0,8a15d8871289ff5947136c2bbd4482af9a9ac30d402efd3357993b064e86a2fd,bipolar18-int16-any-overlap-8s-v1
chb05/chb05_06.edf:329728,chb05,chb05,chb05/chb05_06.edf,validation,329728,331776,1288.0,1296.0,0,0,0.0,8a15d8871289ff5947136c2bbd4482af9a9ac30d402efd3357993b064e86a2fd,bipolar18-int16-any-overlap-8s-v1
chb05/chb05_06.edf:331776,chb05,chb05,chb05/chb05_06.edf,validation,331776,333824,1296.0,1304.0,0,0,0.0,8a15d8871289ff5947136c2bbd4482af9a9ac30d402efd3357993b064e86a2fd,bipolar18-int16-any-overlap-8s-v1
chb05/chb05_06.edf:333824,chb05,chb05,chb05/chb05_06.edf,validation,333824,335872,1304.0,1312.0,0,0,0.0,8a15d8871289ff5947136c2bbd4482af9a9ac30d402efd3357993b064e86a2fd,bipolar18-int16-any-overlap-8s-v1
chb05/chb05_06.edf:335872,chb05,chb05,chb05/chb05_06.edf,validation,335872,337920,1312.0,1320.0,0,0,0.0,8a15d8871289ff5947136c2bbd4482af9a9ac30d402efd3357993b064e86a2fd,bipolar18-int16-any-overlap-8s-v1
chb05/chb05_06.edf:337920,chb05,chb05,chb05/chb05_06.edf,validation,337920,339968,1320.0,1328.0,0,0,0.0,8a15d8871289ff5947136c2bbd4482af9a9ac30d402efd3357993b064e86a2fd,bipolar18-int16-any-overlap-8s-v1
chb05/chb05_06.edf:339968,chb05,chb05,chb05/chb05_06.edf,validation,339968,342016,1328.0,1336.0,0,0,0.0,8a15d8871289ff5947136c2bbd4482af9a9ac30d402efd3357993b064e86a2fd,bipolar18-int16-any-overlap-8s-v1
chb05/chb05_06.edf:342016,chb05,chb05,chb05/chb05_06.edf,validation,342016,344064,1336.0,1344.0,0,0,0.0,8a15d8871289ff5947136c2bbd4482af9a9ac30d402efd3357993b064e86a2fd,bipolar18-int16-any-overlap-8s-v1
chb05/chb05_06.edf:344064,chb05,chb05,chb05/chb05_06.edf,validation,344064,346112,1344.0,1352.0,0,0,0.0,8a15d8871289ff5947136c2bbd4482af9a9ac30d402efd3357993b064e86a2fd,bipolar18-int16-any-overlap-8s-v1
chb05/chb05_06.edf:346112,chb05,chb05,chb05/chb05_06.edf,validation,346112,348160,1352.0,1360.0,0,0,0.0,8a15d8871289ff5947136c2bbd4482af9a9ac30d402efd3357993b064e86a2fd,bipolar18-int16-any-overlap-8s-v1
chb05/chb05_06.edf:348160,chb05,chb05,chb05/chb05_06.edf,validation,348160,350208,1360.0,1368.0,0,0,0.0,8a15d8871289ff5947136c2bbd4482af9a9ac30d402efd3357993b064e86a2fd,bipolar18-int16-any-overlap-8s-v1
chb05/chb05_06.edf:350208,chb05,chb05,chb05/chb05_06.edf,validation,350208,352256,1368.0,1376.0,0,0,0.0,8a15d8871289ff5947136c2bbd4482af9a9ac30d402efd3357993b064e86a2fd,bipolar18-int16-any-overlap-8s-v1
chb05/chb05_06.edf:352256,chb05,chb05,chb05/chb05_06.edf,validation,352256,354304,1376.0,1384.0,0,0,0.0,8a15d8871289ff5947136c2bbd4482af9a9ac30d402efd3357993b064e86a2fd,bipolar18-int16-any-overlap-8s-v1
chb05/chb05_06.edf:354304,chb05,chb05,chb05/chb05_06.edf,validation,354304,356352,1384.0,1392.0,0,0,0.0,8a15d8871289ff5947136c2bbd4482af9a9ac30d402efd3357993b064e86a2fd,bipolar18-int16-any-overlap-8s-v1
chb05/chb05_06.edf:356352,chb05,chb05,chb05/chb05_06.edf,validation,356352,358400,1392.0,1400.0,0,0,0.0,8a15d8871289ff5947136c2bbd4482af9a9ac30d402efd3357993b064e86a2fd,bipolar18-int16-any-overlap-8s-v1
chb05/chb05_06.edf:358400,chb05,chb05,chb05/chb05_06.edf,validation,358400,360448,1400.0,1408.0,0,0,0.0,8a15d8871289ff5947136c2bbd4482af9a9ac30d402efd3357993b064e86a2fd,bipolar18-int16-any-overlap-8s-v1
chb05/chb05_06.edf:360448,chb05,chb05,chb05/chb05_06.edf,validation,360448,362496,1408.0,1416.0,0,0,0.0,8a15d8871289ff5947136c2bbd4482af9a9ac30d402efd3357993b064e86a2fd,bipolar18-int16-any-overlap-8s-v1
chb05/chb05_06.edf:362496,chb05,chb05,chb05/chb05_06.edf,validation,362496,364544,1416.0,1424.0,0,0,0.0,8a15d8871289ff5947136c2bbd4482af9a9ac30d402efd3357993b064e86a2fd,bipolar18-int16-any-overlap-8s-v1
chb05/chb05_06.edf:364544,chb05,chb05,chb05/chb05_06.edf,validation,364544,366592,1424.0,1432.0,0,0,0.0,8a15d8871289ff5947136c2bbd4482af9a9ac30d402efd3357993b064e86a2fd,bipolar18-int16-any-overlap-8s-v1
chb05/chb05_06.edf:366592,chb05,chb05,chb05/chb05_06.edf,validation,366592,368640,1432.0,1440.0,0,0,0.0,8a15d8871289ff5947136c2bbd4482af9a9ac30d402efd3357993b064e86a2fd,bipolar18-int16-any-overlap-8s-v1
chb05/chb05_06.edf:368640,chb05,chb05,chb05/chb05_06.edf,validation,368640,370688,1440.0,1448.0,0,0,0.0,8a15d8871289ff5947136c2bbd4482af9a9ac30d402efd3357993b064e86a2fd,bipolar18-int16-any-overlap-8s-v1
chb05/chb05_06.edf:370688,chb05,chb05,chb05/chb05_06.edf,validation,370688,372736,1448.0,1456.0,0,0,0.0,8a15d8871289ff5947136c2bbd4482af9a9ac30d402efd3357993b064e86a2fd,bipolar18-int16-any-overlap-8s-v1
chb05/chb05_06.edf:372736,chb05,chb05,chb05/chb05_06.edf,validation,372736,374784,1456.0,1464.0,0,0,0.0,8a15d8871289ff5947136c2bbd4482af9a9ac30d402efd3357993b064e86a2fd,bipolar18-int16-any-overlap-8s-v1
chb05/chb05_06.edf:374784,chb05,chb05,chb05/chb05_06.edf,validation,374784,376832,1464.0,1472.0,0,0,0.0,8a15d8871289ff5947136c2bbd4482af9a9ac30d402efd3357993b064e86a2fd,bipolar18-int16-any-overlap-8s-v1
chb05/chb05_06.edf:376832,chb05,chb05,chb05/chb05_06.edf,validation,376832,378880,1472.0,1480.0,0,0,0.0,8a15d8871289ff5947136c2bbd4482af9a9ac30d402efd3357993b064e86a2fd,bipolar18-int16-any-overlap-8s-v1
chb05/chb05_06.edf:378880,chb05,chb05,chb05/chb05_06.edf,validation,378880,380928,1480.0,1488.0,0,0,0.0,8a15d8871289ff5947136c2bbd4482af9a9ac30d402efd3357993b064e86a2fd,bipolar18-int16-any-overlap-8s-v1
chb05/chb05_06.edf:380928,chb05,chb05,chb05/chb05_06.edf,validation,380928,382976,1488.0,1496.0,0,0,0.0,8a15d8871289ff5947136c2bbd4482af9a9ac30d402efd3357993b064e86a2fd,bipolar18-int16-any-overlap-8s-v1
chb05/chb05_06.edf:382976,chb05,chb05,chb05/chb05_06.edf,validation,382976,385024,1496.0,1504.0,0,0,0.0,8a15d8871289ff5947136c2bbd4482af9a9ac30d402efd3357993b064e86a2fd,bipolar18-int16-any-overlap-8s-v1
chb05/chb05_06.edf:385024,chb05,chb05,chb05/chb05_06.edf,validation,385024,387072,1504.0,1512.0,0,0,0.0,8a15d8871289ff5947136c2bbd4482af9a9ac30d402efd3357993b064e86a2fd,bipolar18-int16-any-overlap-8s-v1
chb05/chb05_06.edf:387072,chb05,chb05,chb05/chb05_06.edf,validation,387072,389120,1512.0,1520.0,0,0,0.0,8a15d8871289ff5947136c2bbd4482af9a9ac30d402efd3357993b064e86a2fd,bipolar18-int16-any-overlap-8s-v1
chb05/chb05_06.edf:389120,chb05,chb05,chb05/chb05_06.edf,validation,389120,391168,1520.0,1528.0,0,0,0.0,8a15d8871289ff5947136c2bbd4482af9a9ac30d402efd3357993b064e86a2fd,bipolar18-int16-any-overlap-8s-v1
chb05/chb05_06.edf:391168,chb05,chb05,chb05/chb05_06.edf,validation,391168,393216,1528.0,1536.0,0,0,0.0,8a15d8871289ff5947136c2bbd4482af9a9ac30d402efd3357993b064e86a2fd,bipolar18-int16-any-overlap-8s-v1
chb05/chb05_06.edf:393216,chb05,chb05,chb05/chb05_06.edf,validation,393216,395264,1536.0,1544.0,0,0,0.0,8a15d8871289ff5947136c2bbd4482af9a9ac30d402efd3357993b064e86a2fd,bipolar18-int16-any-overlap-8s-v1
chb05/chb05_06.edf:395264,chb05,chb05,chb05/chb05_06.edf,validation,395264,397312,1544.0,1552.0,0,0,0.0,8a15d8871289ff5947136c2bbd4482af9a9ac30d402efd3357993b064e86a2fd,bipolar18-int16-any-overlap-8s-v1
chb05/chb05_06.edf:397312,chb05,chb05,chb05/chb05_06.edf,validation,397312,399360,1552.0,1560.0,0,0,0.0,8a15d8871289ff5947136c2bbd4482af9a9ac30d402efd3357993b064e86a2fd,bipolar18-int16-any-overlap-8s-v1
chb05/chb05_06.edf:399360,chb05,chb05,chb05/chb05_06.edf,validation,399360,401408,1560.0,1568.0,0,0,0.0,8a15d8871289ff5947136c2bbd4482af9a9ac30d402efd3357993b064e86a2fd,bipolar18-int16-any-overlap-8s-v1
chb05/chb05_06.edf:401408,chb05,chb05,chb05/chb05_06.edf,validation,401408,403456,1568.0,1576.0,0,0,0.0,8a15d8871289ff5947136c2bbd4482af9a9ac30d402efd3357993b064e86a2fd,bipolar18-int16-any-overlap-8s-v1
chb05/chb05_06.edf:403456,chb05,chb05,chb05/chb05_06.edf,validation,403456,405504,1576.0,1584.0,0,0,0.0,8a15d8871289ff5947136c2bbd4482af9a9ac30d402efd3357993b064e86a2fd,bipolar18-int16-any-overlap-8s-v1
chb05/chb05_06.edf:405504,chb05,chb05,chb05/chb05_06.edf,validation,405504,407552,1584.0,1592.0,0,0,0.0,8a15d8871289ff5947136c2bbd4482af9a9ac30d402efd3357993b064e86a2fd,bipolar18-int16-any-overlap-8s-v1
chb05/chb05_06.edf:407552,chb05,chb05,chb05/chb05_06.edf,validation,407552,409600,1592.0,1600.0,0,0,0.0,8a15d8871289ff5947136c2bbd4482af9a9ac30d402efd3357993b064e86a2fd,bipolar18-int16-any-overlap-8s-v1
chb05/chb05_06.edf:409600,chb05,chb05,chb05/chb05_06.edf,validation,409600,411648,1600.0,1608.0,0,0,0.0,8a15d8871289ff5947136c2bbd4482af9a9ac30d402efd3357993b064e86a2fd,bipolar18-int16-any-overlap-8s-v1
chb05/chb05_06.edf:411648,chb05,chb05,chb05/chb05_06.edf,validation,411648,413696,1608.0,1616.0,0,0,0.0,8a15d8871289ff5947136c2bbd4482af9a9ac30d402efd3357993b064e86a2fd,bipolar18-int16-any-overlap-8s-v1
chb05/chb05_06.edf:413696,chb05,chb05,chb05/chb05_06.edf,validation,413696,415744,1616.0,1624.0,0,0,0.0,8a15d8871289ff5947136c2bbd4482af9a9ac30d402efd3357993b064e86a2fd,bipolar18-int16-any-overlap-8s-v1
chb05/chb05_06.edf:415744,chb05,chb05,chb05/chb05_06.edf,validation,415744,417792,1624.0,1632.0,0,0,0.0,8a15d8871289ff5947136c2bbd4482af9a9ac30d402efd3357993b064e86a2fd,bipolar18-int16-any-overlap-8s-v1
chb05/chb05_06.edf:417792,chb05,chb05,chb05/chb05_06.edf,validation,417792,419840,1632.0,1640.0,0,0,0.0,8a15d8871289ff5947136c2bbd4482af9a9ac30d402efd3357993b064e86a2fd,bipolar18-int16-any-overlap-8s-v1
chb05/chb05_06.edf:419840,chb05,chb05,chb05/chb05_06.edf,validation,419840,421888,1640.0,1648.0,0,0,0.0,8a15d8871289ff5947136c2bbd4482af9a9ac30d402efd3357993b064e86a2fd,bipolar18-int16-any-overlap-8s-v1
chb05/chb05_06.edf:421888,chb05,chb05,chb05/chb05_06.edf,validation,421888,423936,1648.0,1656.0,0,0,0.0,8a15d8871289ff5947136c2bbd4482af9a9ac30d402efd3357993b064e86a2fd,bipolar18-int16-any-overlap-8s-v1
chb05/chb05_06.edf:423936,chb05,chb05,chb05/chb05_06.edf,validation,423936,425984,1656.0,1664.0,0,0,0.0,8a15d8871289ff5947136c2bbd4482af9a9ac30d402efd3357993b064e86a2fd,bipolar18-int16-any-overlap-8s-v1
chb05/chb05_06.edf:425984,chb05,chb05,chb05/chb05_06.edf,validation,425984,428032,1664.0,1672.0,0,0,0.0,8a15d8871289ff5947136c2bbd4482af9a9ac30d402efd3357993b064e86a2fd,bipolar18-int16-any-overlap-8s-v1
chb05/chb05_06.edf:428032,chb05,chb05,chb05/chb05_06.edf,validation,428032,430080,1672.0,1680.0,0,0,0.0,8a15d8871289ff5947136c2bbd4482af9a9ac30d402efd3357993b064e86a2fd,bipolar18-int16-any-overlap-8s-v1
chb05/chb05_06.edf:430080,chb05,chb05,chb05/chb05_06.edf,validation,430080,432128,1680.0,1688.0,0,0,0.0,8a15d8871289ff5947136c2bbd4482af9a9ac30d402efd3357993b064e86a2fd,bipolar18-int16-any-overlap-8s-v1
chb05/chb05_06.edf:432128,chb05,chb05,chb05/chb05_06.edf,validation,432128,434176,1688.0,1696.0,0,0,0.0,8a15d8871289ff5947136c2bbd4482af9a9ac30d402efd3357993b064e86a2fd,bipolar18-int16-any-overlap-8s-v1
chb05/chb05_06.edf:434176,chb05,chb05,chb05/chb05_06.edf,validation,434176,436224,1696.0,1704.0,0,0,0.0,8a15d8871289ff5947136c2bbd4482af9a9ac30d402efd3357993b064e86a2fd,bipolar18-int16-any-overlap-8s-v1
chb05/chb05_06.edf:436224,chb05,chb05,chb05/chb05_06.edf,validation,436224,438272,1704.0,1712.0,0,0,0.0,8a15d8871289ff5947136c2bbd4482af9a9ac30d402efd3357993b064e86a2fd,bipolar18-int16-any-overlap-8s-v1
chb05/chb05_06.edf:438272,chb05,chb05,chb05/chb05_06.edf,validation,438272,440320,1712.0,1720.0,0,0,0.0,8a15d8871289ff5947136c2bbd4482af9a9ac30d402efd3357993b064e86a2fd,bipolar18-int16-any-overlap-8s-v1
chb05/chb05_06.edf:440320,chb05,chb05,chb05/chb05_06.edf,validation,440320,442368,1720.0,1728.0,0,0,0.0,8a15d8871289ff5947136c2bbd4482af9a9ac30d402efd3357993b064e86a2fd,bipolar18-int16-any-overlap-8s-v1
chb05/chb05_06.edf:442368,chb05,chb05,chb05/chb05_06.edf,validation,442368,444416,1728.0,1736.0,0,0,0.0,8a15d8871289ff5947136c2bbd4482af9a9ac30d402efd3357993b064e86a2fd,bipolar18-int16-any-overlap-8s-v1
chb05/chb05_06.edf:444416,chb05,chb05,chb05/chb05_06.edf,validation,444416,446464,1736.0,1744.0,0,0,0.0,8a15d8871289ff5947136c2bbd4482af9a9ac30d402efd3357993b064e86a2fd,bipolar18-int16-any-overlap-8s-v1
chb05/chb05_06.edf:446464,chb05,chb05,chb05/chb05_06.edf,validation,446464,448512,1744.0,1752.0,0,0,0.0,8a15d8871289ff5947136c2bbd4482af9a9ac30d402efd3357993b064e86a2fd,bipolar18-int16-any-overlap-8s-v1
chb05/chb05_06.edf:448512,chb05,chb05,chb05/chb05_06.edf,validation,448512,450560,1752.0,1760.0,0,0,0.0,8a15d8871289ff5947136c2bbd4482af9a9ac30d402efd3357993b064e86a2fd,bipolar18-int16-any-overlap-8s-v1
chb05/chb05_06.edf:450560,chb05,chb05,chb05/chb05_06.edf,validation,450560,452608,1760.0,1768.0,0,0,0.0,8a15d8871289ff5947136c2bbd4482af9a9ac30d402efd3357993b064e86a2fd,bipolar18-int16-any-overlap-8s-v1
chb05/chb05_06.edf:452608,chb05,chb05,chb05/chb05_06.edf,validation,452608,454656,1768.0,1776.0,0,0,0.0,8a15d8871289ff5947136c2bbd4482af9a9ac30d402efd3357993b064e86a2fd,bipolar18-int16-any-overlap-8s-v1
chb05/chb05_06.edf:454656,chb05,chb05,chb05/chb05_06.edf,validation,454656,456704,1776.0,1784.0,0,0,0.0,8a15d8871289ff5947136c2bbd4482af9a9ac30d402efd3357993b064e86a2fd,bipolar18-int16-any-overlap-8s-v1
chb05/chb05_06.edf:456704,chb05,chb05,chb05/chb05_06.edf,validation,456704,458752,1784.0,1792.0,0,0,0.0,8a15d8871289ff5947136c2bbd4482af9a9ac30d402efd3357993b064e86a2fd,bipolar18-int16-any-overlap-8s-v1
chb05/chb05_06.edf:458752,chb05,chb05,chb05/chb05_06.edf,validation,458752,460800,1792.0,1800.0,0,0,0.0,8a15d8871289ff5947136c2bbd4482af9a9ac30d402efd3357993b064e86a2fd,bipolar18-int16-any-overlap-8s-v1
chb05/chb05_06.edf:460800,chb05,chb05,chb05/chb05_06.edf,validation,460800,462848,1800.0,1808.0,0,0,0.0,8a15d8871289ff5947136c2bbd4482af9a9ac30d402efd3357993b064e86a2fd,bipolar18-int16-any-overlap-8s-v1
chb05/chb05_06.edf:462848,chb05,chb05,chb05/chb05_06.edf,validation,462848,464896,1808.0,1816.0,0,0,0.0,8a15d8871289ff5947136c2bbd4482af9a9ac30d402efd3357993b064e86a2fd,bipolar18-int16-any-overlap-8s-v1
chb05/chb05_06.edf:464896,chb05,chb05,chb05/chb05_06.edf,validation,464896,466944,1816.0,1824.0,0,0,0.0,8a15d8871289ff5947136c2bbd4482af9a9ac30d402efd3357993b064e86a2fd,bipolar18-int16-any-overlap-8s-v1
chb05/chb05_06.edf:466944,chb05,chb05,chb05/chb05_06.edf,validation,466944,468992,1824.0,1832.0,0,0,0.0,8a15d8871289ff5947136c2bbd4482af9a9ac30d402efd3357993b064e86a2fd,bipolar18-int16-any-overlap-8s-v1
chb05/chb05_06.edf:468992,chb05,chb05,chb05/chb05_06.edf,validation,468992,471040,1832.0,1840.0,0,0,0.0,8a15d8871289ff5947136c2bbd4482af9a9ac30d402efd3357993b064e86a2fd,bipolar18-int16-any-overlap-8s-v1
chb05/chb05_06.edf:471040,chb05,chb05,chb05/chb05_06.edf,validation,471040,473088,1840.0,1848.0,0,0,0.0,8a15d8871289ff5947136c2bbd4482af9a9ac30d402efd3357993b064e86a2fd,bipolar18-int16-any-overlap-8s-v1
chb05/chb05_06.edf:473088,chb05,chb05,chb05/chb05_06.edf,validation,473088,475136,1848.0,1856.0,0,0,0.0,8a15d8871289ff5947136c2bbd4482af9a9ac30d402efd3357993b064e86a2fd,bipolar18-int16-any-overlap-8s-v1
chb05/chb05_06.edf:475136,chb05,chb05,chb05/chb05_06.edf,validation,475136,477184,1856.0,1864.0,0,0,0.0,8a15d8871289ff5947136c2bbd4482af9a9ac30d402efd3357993b064e86a2fd,bipolar18-int16-any-overlap-8s-v1
chb05/chb05_06.edf:477184,chb05,chb05,chb05/chb05_06.edf,validation,477184,479232,1864.0,1872.0,0,0,0.0,8a15d8871289ff5947136c2bbd4482af9a9ac30d402efd3357993b064e86a2fd,bipolar18-int16-any-overlap-8s-v1
chb05/chb05_06.edf:479232,chb05,chb05,chb05/chb05_06.edf,validation,479232,481280,1872.0,1880.0,0,0,0.0,8a15d8871289ff5947136c2bbd4482af9a9ac30d402efd3357993b064e86a2fd,bipolar18-int16-any-overlap-8s-v1
chb05/chb05_06.edf:481280,chb05,chb05,chb05/chb05_06.edf,validation,481280,483328,1880.0,1888.0,0,0,0.0,8a15d8871289ff5947136c2bbd4482af9a9ac30d402efd3357993b064e86a2fd,bipolar18-int16-any-overlap-8s-v1
chb05/chb05_06.edf:483328,chb05,chb05,chb05/chb05_06.edf,validation,483328,485376,1888.0,1896.0,0,0,0.0,8a15d8871289ff5947136c2bbd4482af9a9ac30d402efd3357993b064e86a2fd,bipolar18-int16-any-overlap-8s-v1
chb05/chb05_06.edf:485376,chb05,chb05,chb05/chb05_06.edf,validation,485376,487424,1896.0,1904.0,0,0,0.0,8a15d8871289ff5947136c2bbd4482af9a9ac30d402efd3357993b064e86a2fd,bipolar18-int16-any-overlap-8s-v1
chb05/chb05_06.edf:487424,chb05,chb05,chb05/chb05_06.edf,validation,487424,489472,1904.0,1912.0,0,0,0.0,8a15d8871289ff5947136c2bbd4482af9a9ac30d402efd3357993b064e86a2fd,bipolar18-int16-any-overlap-8s-v1
chb05/chb05_06.edf:489472,chb05,chb05,chb05/chb05_06.edf,validation,489472,491520,1912.0,1920.0,0,0,0.0,8a15d8871289ff5947136c2bbd4482af9a9ac30d402efd3357993b064e86a2fd,bipolar18-int16-any-overlap-8s-v1
chb05/chb05_06.edf:491520,chb05,chb05,chb05/chb05_06.edf,validation,491520,493568,1920.0,1928.0,0,0,0.0,8a15d8871289ff5947136c2bbd4482af9a9ac30d402efd3357993b064e86a2fd,bipolar18-int16-any-overlap-8s-v1
chb05/chb05_06.edf:493568,chb05,chb05,chb05/chb05_06.edf,validation,493568,495616,1928.0,1936.0,0,0,0.0,8a15d8871289ff5947136c2bbd4482af9a9ac30d402efd3357993b064e86a2fd,bipolar18-int16-any-overlap-8s-v1
chb05/chb05_06.edf:495616,chb05,chb05,chb05/chb05_06.edf,validation,495616,497664,1936.0,1944.0,0,0,0.0,8a15d8871289ff5947136c2bbd4482af9a9ac30d402efd3357993b064e86a2fd,bipolar18-int16-any-overlap-8s-v1
chb05/chb05_06.edf:497664,chb05,chb05,chb05/chb05_06.edf,validation,497664,499712,1944.0,1952.0,0,0,0.0,8a15d8871289ff5947136c2bbd4482af9a9ac30d402efd3357993b064e86a2fd,bipolar18-int16-any-overlap-8s-v1
chb05/chb05_06.edf:499712,chb05,chb05,chb05/chb05_06.edf,validation,499712,501760,1952.0,1960.0,0,0,0.0,8a15d8871289ff5947136c2bbd4482af9a9ac30d402efd3357993b064e86a2fd,bipolar18-int16-any-overlap-8s-v1
chb05/chb05_06.edf:501760,chb05,chb05,chb05/chb05_06.edf,validation,501760,503808,1960.0,1968.0,0,0,0.0,8a15d8871289ff5947136c2bbd4482af9a9ac30d402efd3357993b064e86a2fd,bipolar18-int16-any-overlap-8s-v1
chb05/chb05_06.edf:503808,chb05,chb05,chb05/chb05_06.edf,validation,503808,505856,1968.0,1976.0,0,0,0.0,8a15d8871289ff5947136c2bbd4482af9a9ac30d402efd3357993b064e86a2fd,bipolar18-int16-any-overlap-8s-v1
chb05/chb05_06.edf:505856,chb05,chb05,chb05/chb05_06.edf,validation,505856,507904,1976.0,1984.0,0,0,0.0,8a15d8871289ff5947136c2bbd4482af9a9ac30d402efd3357993b064e86a2fd,bipolar18-int16-any-overlap-8s-v1
chb05/chb05_06.edf:507904,chb05,chb05,chb05/chb05_06.edf,validation,507904,509952,1984.0,1992.0,0,0,0.0,8a15d8871289ff5947136c2bbd4482af9a9ac30d402efd3357993b064e86a2fd,bipolar18-int16-any-overlap-8s-v1
chb05/chb05_06.edf:509952,chb05,chb05,chb05/chb05_06.edf,validation,509952,512000,1992.0,2000.0,0,0,0.0,8a15d8871289ff5947136c2bbd4482af9a9ac30d402efd3357993b064e86a2fd,bipolar18-int16-any-overlap-8s-v1
chb05/chb05_06.edf:512000,chb05,chb05,chb05/chb05_06.edf,validation,512000,514048,2000.0,2008.0,0,0,0.0,8a15d8871289ff5947136c2bbd4482af9a9ac30d402efd3357993b064e86a2fd,bipolar18-int16-any-overlap-8s-v1
chb05/chb05_06.edf:514048,chb05,chb05,chb05/chb05_06.edf,validation,514048,516096,2008.0,2016.0,0,0,0.0,8a15d8871289ff5947136c2bbd4482af9a9ac30d402efd3357993b064e86a2fd,bipolar18-int16-any-overlap-8s-v1
chb05/chb05_06.edf:516096,chb05,chb05,chb05/chb05_06.edf,validation,516096,518144,2016.0,2024.0,0,0,0.0,8a15d8871289ff5947136c2bbd4482af9a9ac30d402efd3357993b064e86a2fd,bipolar18-int16-any-overlap-8s-v1
chb05/chb05_06.edf:518144,chb05,chb05,chb05/chb05_06.edf,validation,518144,520192,2024.0,2032.0,0,0,0.0,8a15d8871289ff5947136c2bbd4482af9a9ac30d402efd3357993b064e86a2fd,bipolar18-int16-any-overlap-8s-v1
chb05/chb05_06.edf:520192,chb05,chb05,chb05/chb05_06.edf,validation,520192,522240,2032.0,2040.0,0,0,0.0,8a15d8871289ff5947136c2bbd4482af9a9ac30d402efd3357993b064e86a2fd,bipolar18-int16-any-overlap-8s-v1
chb05/chb05_06.edf:522240,chb05,chb05,chb05/chb05_06.edf,validation,522240,524288,2040.0,2048.0,0,0,0.0,8a15d8871289ff5947136c2bbd4482af9a9ac30d402efd3357993b064e86a2fd,bipolar18-int16-any-overlap-8s-v1
chb05/chb05_06.edf:524288,chb05,chb05,chb05/chb05_06.edf,validation,524288,526336,2048.0,2056.0,0,0,0.0,8a15d8871289ff5947136c2bbd4482af9a9ac30d402efd3357993b064e86a2fd,bipolar18-int16-any-overlap-8s-v1
chb05/chb05_06.edf:526336,chb05,chb05,chb05/chb05_06.edf,validation,526336,528384,2056.0,2064.0,0,0,0.0,8a15d8871289ff5947136c2bbd4482af9a9ac30d402efd3357993b064e86a2fd,bipolar18-int16-any-overlap-8s-v1
chb05/chb05_06.edf:528384,chb05,chb05,chb05/chb05_06.edf,validation,528384,530432,2064.0,2072.0,0,0,0.0,8a15d8871289ff5947136c2bbd4482af9a9ac30d402efd3357993b064e86a2fd,bipolar18-int16-any-overlap-8s-v1
chb05/chb05_06.edf:530432,chb05,chb05,chb05/chb05_06.edf,validation,530432,532480,2072.0,2080.0,0,0,0.0,8a15d8871289ff5947136c2bbd4482af9a9ac30d402efd3357993b064e86a2fd,bipolar18-int16-any-overlap-8s-v1
chb05/chb05_06.edf:532480,chb05,chb05,chb05/chb05_06.edf,validation,532480,534528,2080.0,2088.0,0,0,0.0,8a15d8871289ff5947136c2bbd4482af9a9ac30d402efd3357993b064e86a2fd,bipolar18-int16-any-overlap-8s-v1
chb05/chb05_06.edf:534528,chb05,chb05,chb05/chb05_06.edf,validation,534528,536576,2088.0,2096.0,0,0,0.0,8a15d8871289ff5947136c2bbd4482af9a9ac30d402efd3357993b064e86a2fd,bipolar18-int16-any-overlap-8s-v1
chb05/chb05_06.edf:536576,chb05,chb05,chb05/chb05_06.edf,validation,536576,538624,2096.0,2104.0,0,0,0.0,8a15d8871289ff5947136c2bbd4482af9a9ac30d402efd3357993b064e86a2fd,bipolar18-int16-any-overlap-8s-v1
chb05/chb05_06.edf:538624,chb05,chb05,chb05/chb05_06.edf,validation,538624,540672,2104.0,2112.0,0,0,0.0,8a15d8871289ff5947136c2bbd4482af9a9ac30d402efd3357993b064e86a2fd,bipolar18-int16-any-overlap-8s-v1
chb05/chb05_06.edf:540672,chb05,chb05,chb05/chb05_06.edf,validation,540672,542720,2112.0,2120.0,0,0,0.0,8a15d8871289ff5947136c2bbd4482af9a9ac30d402efd3357993b064e86a2fd,bipolar18-int16-any-overlap-8s-v1
chb05/chb05_06.edf:542720,chb05,chb05,chb05/chb05_06.edf,validation,542720,544768,2120.0,2128.0,0,0,0.0,8a15d8871289ff5947136c2bbd4482af9a9ac30d402efd3357993b064e86a2fd,bipolar18-int16-any-overlap-8s-v1
chb05/chb05_06.edf:544768,chb05,chb05,chb05/chb05_06.edf,validation,544768,546816,2128.0,2136.0,0,0,0.0,8a15d8871289ff5947136c2bbd4482af9a9ac30d402efd3357993b064e86a2fd,bipolar18-int16-any-overlap-8s-v1
chb05/chb05_06.edf:546816,chb05,chb05,chb05/chb05_06.edf,validation,546816,548864,2136.0,2144.0,0,0,0.0,8a15d8871289ff5947136c2bbd4482af9a9ac30d402efd3357993b064e86a2fd,bipolar18-int16-any-overlap-8s-v1
chb05/chb05_06.edf:548864,chb05,chb05,chb05/chb05_06.edf,validation,548864,550912,2144.0,2152.0,0,0,0.0,8a15d8871289ff5947136c2bbd4482af9a9ac30d402efd3357993b064e86a2fd,bipolar18-int16-any-overlap-8s-v1
chb05/chb05_06.edf:550912,chb05,chb05,chb05/chb05_06.edf,validation,550912,552960,2152.0,2160.0,0,0,0.0,8a15d8871289ff5947136c2bbd4482af9a9ac30d402efd3357993b064e86a2fd,bipolar18-int16-any-overlap-8s-v1
chb05/chb05_06.edf:552960,chb05,chb05,chb05/chb05_06.edf,validation,552960,555008,2160.0,2168.0,0,0,0.0,8a15d8871289ff5947136c2bbd4482af9a9ac30d402efd3357993b064e86a2fd,bipolar18-int16-any-overlap-8s-v1
chb05/chb05_06.edf:555008,chb05,chb05,chb05/chb05_06.edf,validation,555008,557056,2168.0,2176.0,0,0,0.0,8a15d8871289ff5947136c2bbd4482af9a9ac30d402efd3357993b064e86a2fd,bipolar18-int16-any-overlap-8s-v1
chb05/chb05_06.edf:557056,chb05,chb05,chb05/chb05_06.edf,validation,557056,559104,2176.0,2184.0,0,0,0.0,8a15d8871289ff5947136c2bbd4482af9a9ac30d402efd3357993b064e86a2fd,bipolar18-int16-any-overlap-8s-v1
chb05/chb05_06.edf:559104,chb05,chb05,chb05/chb05_06.edf,validation,559104,561152,2184.0,2192.0,0,0,0.0,8a15d8871289ff5947136c2bbd4482af9a9ac30d402efd3357993b064e86a2fd,bipolar18-int16-any-overlap-8s-v1
chb05/chb05_06.edf:561152,chb05,chb05,chb05/chb05_06.edf,validation,561152,563200,2192.0,2200.0,0,0,0.0,8a15d8871289ff5947136c2bbd4482af9a9ac30d402efd3357993b064e86a2fd,bipolar18-int16-any-overlap-8s-v1
chb05/chb05_06.edf:563200,chb05,chb05,chb05/chb05_06.edf,validation,563200,565248,2200.0,2208.0,0,0,0.0,8a15d8871289ff5947136c2bbd4482af9a9ac30d402efd3357993b064e86a2fd,bipolar18-int16-any-overlap-8s-v1
chb05/chb05_06.edf:565248,chb05,chb05,chb05/chb05_06.edf,validation,565248,567296,2208.0,2216.0,0,0,0.0,8a15d8871289ff5947136c2bbd4482af9a9ac30d402efd3357993b064e86a2fd,bipolar18-int16-any-overlap-8s-v1
chb05/chb05_06.edf:567296,chb05,chb05,chb05/chb05_06.edf,validation,567296,569344,2216.0,2224.0,0,0,0.0,8a15d8871289ff5947136c2bbd4482af9a9ac30d402efd3357993b064e86a2fd,bipolar18-int16-any-overlap-8s-v1
chb05/chb05_06.edf:569344,chb05,chb05,chb05/chb05_06.edf,validation,569344,571392,2224.0,2232.0,0,0,0.0,8a15d8871289ff5947136c2bbd4482af9a9ac30d402efd3357993b064e86a2fd,bipolar18-int16-any-overlap-8s-v1
chb05/chb05_06.edf:571392,chb05,chb05,chb05/chb05_06.edf,validation,571392,573440,2232.0,2240.0,0,0,0.0,8a15d8871289ff5947136c2bbd4482af9a9ac30d402efd3357993b064e86a2fd,bipolar18-int16-any-overlap-8s-v1
chb05/chb05_06.edf:573440,chb05,chb05,chb05/chb05_06.edf,validation,573440,575488,2240.0,2248.0,0,0,0.0,8a15d8871289ff5947136c2bbd4482af9a9ac30d402efd3357993b064e86a2fd,bipolar18-int16-any-overlap-8s-v1
chb05/chb05_06.edf:575488,chb05,chb05,chb05/chb05_06.edf,validation,575488,577536,2248.0,2256.0,0,0,0.0,8a15d8871289ff5947136c2bbd4482af9a9ac30d402efd3357993b064e86a2fd,bipolar18-int16-any-overlap-8s-v1
chb05/chb05_06.edf:577536,chb05,chb05,chb05/chb05_06.edf,validation,577536,579584,2256.0,2264.0,0,0,0.0,8a15d8871289ff5947136c2bbd4482af9a9ac30d402efd3357993b064e86a2fd,bipolar18-int16-any-overlap-8s-v1
chb05/chb05_06.edf:579584,chb05,chb05,chb05/chb05_06.edf,validation,579584,581632,2264.0,2272.0,0,0,0.0,8a15d8871289ff5947136c2bbd4482af9a9ac30d402efd3357993b064e86a2fd,bipolar18-int16-any-overlap-8s-v1
chb05/chb05_06.edf:581632,chb05,chb05,chb05/chb05_06.edf,validation,581632,583680,2272.0,2280.0,0,0,0.0,8a15d8871289ff5947136c2bbd4482af9a9ac30d402efd3357993b064e86a2fd,bipolar18-int16-any-overlap-8s-v1
chb05/chb05_06.edf:583680,chb05,chb05,chb05/chb05_06.edf,validation,583680,585728,2280.0,2288.0,0,0,0.0,8a15d8871289ff5947136c2bbd4482af9a9ac30d402efd3357993b064e86a2fd,bipolar18-int16-any-overlap-8s-v1
chb05/chb05_06.edf:585728,chb05,chb05,chb05/chb05_06.edf,validation,585728,587776,2288.0,2296.0,0,0,0.0,8a15d8871289ff5947136c2bbd4482af9a9ac30d402efd3357993b064e86a2fd,bipolar18-int16-any-overlap-8s-v1
chb05/chb05_06.edf:587776,chb05,chb05,chb05/chb05_06.edf,validation,587776,589824,2296.0,2304.0,0,0,0.0,8a15d8871289ff5947136c2bbd4482af9a9ac30d402efd3357993b064e86a2fd,bipolar18-int16-any-overlap-8s-v1
chb05/chb05_06.edf:589824,chb05,chb05,chb05/chb05_06.edf,validation,589824,591872,2304.0,2312.0,0,0,0.0,8a15d8871289ff5947136c2bbd4482af9a9ac30d402efd3357993b064e86a2fd,bipolar18-int16-any-overlap-8s-v1
chb05/chb05_06.edf:591872,chb05,chb05,chb05/chb05_06.edf,validation,591872,593920,2312.0,2320.0,0,0,0.0,8a15d8871289ff5947136c2bbd4482af9a9ac30d402efd3357993b064e86a2fd,bipolar18-int16-any-overlap-8s-v1
chb05/chb05_06.edf:593920,chb05,chb05,chb05/chb05_06.edf,validation,593920,595968,2320.0,2328.0,0,0,0.0,8a15d8871289ff5947136c2bbd4482af9a9ac30d402efd3357993b064e86a2fd,bipolar18-int16-any-overlap-8s-v1
chb05/chb05_06.edf:595968,chb05,chb05,chb05/chb05_06.edf,validation,595968,598016,2328.0,2336.0,0,0,0.0,8a15d8871289ff5947136c2bbd4482af9a9ac30d402efd3357993b064e86a2fd,bipolar18-int16-any-overlap-8s-v1
chb05/chb05_06.edf:598016,chb05,chb05,chb05/chb05_06.edf,validation,598016,600064,2336.0,2344.0,0,0,0.0,8a15d8871289ff5947136c2bbd4482af9a9ac30d402efd3357993b064e86a2fd,bipolar18-int16-any-overlap-8s-v1
chb05/chb05_06.edf:600064,chb05,chb05,chb05/chb05_06.edf,validation,600064,602112,2344.0,2352.0,0,0,0.0,8a15d8871289ff5947136c2bbd4482af9a9ac30d402efd3357993b064e86a2fd,bipolar18-int16-any-overlap-8s-v1
chb05/chb05_06.edf:602112,chb05,chb05,chb05/chb05_06.edf,validation,602112,604160,2352.0,2360.0,0,0,0.0,8a15d8871289ff5947136c2bbd4482af9a9ac30d402efd3357993b064e86a2fd,bipolar18-int16-any-overlap-8s-v1
chb05/chb05_06.edf:604160,chb05,chb05,chb05/chb05_06.edf,validation,604160,606208,2360.0,2368.0,0,0,0.0,8a15d8871289ff5947136c2bbd4482af9a9ac30d402efd3357993b064e86a2fd,bipolar18-int16-any-overlap-8s-v1
chb05/chb05_06.edf:606208,chb05,chb05,chb05/chb05_06.edf,validation,606208,608256,2368.0,2376.0,0,0,0.0,8a15d8871289ff5947136c2bbd4482af9a9ac30d402efd3357993b064e86a2fd,bipolar18-int16-any-overlap-8s-v1
chb05/chb05_06.edf:608256,chb05,chb05,chb05/chb05_06.edf,validation,608256,610304,2376.0,2384.0,0,0,0.0,8a15d8871289ff5947136c2bbd4482af9a9ac30d402efd3357993b064e86a2fd,bipolar18-int16-any-overlap-8s-v1
chb05/chb05_06.edf:610304,chb05,chb05,chb05/chb05_06.edf,validation,610304,612352,2384.0,2392.0,0,0,0.0,8a15d8871289ff5947136c2bbd4482af9a9ac30d402efd3357993b064e86a2fd,bipolar18-int16-any-overlap-8s-v1
chb05/chb05_06.edf:612352,chb05,chb05,chb05/chb05_06.edf,validation,612352,614400,2392.0,2400.0,0,0,0.0,8a15d8871289ff5947136c2bbd4482af9a9ac30d402efd3357993b064e86a2fd,bipolar18-int16-any-overlap-8s-v1
chb05/chb05_06.edf:614400,chb05,chb05,chb05/chb05_06.edf,validation,614400,616448,2400.0,2408.0,0,0,0.0,8a15d8871289ff5947136c2bbd4482af9a9ac30d402efd3357993b064e86a2fd,bipolar18-int16-any-overlap-8s-v1
chb05/chb05_06.edf:616448,chb05,chb05,chb05/chb05_06.edf,validation,616448,618496,2408.0,2416.0,0,0,0.0,8a15d8871289ff5947136c2bbd4482af9a9ac30d402efd3357993b064e86a2fd,bipolar18-int16-any-overlap-8s-v1
chb05/chb05_06.edf:618496,chb05,chb05,chb05/chb05_06.edf,validation,618496,620544,2416.0,2424.0,0,0,0.0,8a15d8871289ff5947136c2bbd4482af9a9ac30d402efd3357993b064e86a2fd,bipolar18-int16-any-overlap-8s-v1
chb05/chb05_06.edf:620544,chb05,chb05,chb05/chb05_06.edf,validation,620544,622592,2424.0,2432.0,0,0,0.0,8a15d8871289ff5947136c2bbd4482af9a9ac30d402efd3357993b064e86a2fd,bipolar18-int16-any-overlap-8s-v1
chb05/chb05_06.edf:622592,chb05,chb05,chb05/chb05_06.edf,validation,622592,624640,2432.0,2440.0,0,0,0.0,8a15d8871289ff5947136c2bbd4482af9a9ac30d402efd3357993b064e86a2fd,bipolar18-int16-any-overlap-8s-v1
chb05/chb05_06.edf:624640,chb05,chb05,chb05/chb05_06.edf,validation,624640,626688,2440.0,2448.0,0,0,0.0,8a15d8871289ff5947136c2bbd4482af9a9ac30d402efd3357993b064e86a2fd,bipolar18-int16-any-overlap-8s-v1
chb05/chb05_06.edf:626688,chb05,chb05,chb05/chb05_06.edf,validation,626688,628736,2448.0,2456.0,0,0,0.0,8a15d8871289ff5947136c2bbd4482af9a9ac30d402efd3357993b064e86a2fd,bipolar18-int16-any-overlap-8s-v1
chb05/chb05_06.edf:628736,chb05,chb05,chb05/chb05_06.edf,validation,628736,630784,2456.0,2464.0,0,0,0.0,8a15d8871289ff5947136c2bbd4482af9a9ac30d402efd3357993b064e86a2fd,bipolar18-int16-any-overlap-8s-v1
chb05/chb05_06.edf:630784,chb05,chb05,chb05/chb05_06.edf,validation,630784,632832,2464.0,2472.0,0,0,0.0,8a15d8871289ff5947136c2bbd4482af9a9ac30d402efd3357993b064e86a2fd,bipolar18-int16-any-overlap-8s-v1
chb05/chb05_06.edf:632832,chb05,chb05,chb05/chb05_06.edf,validation,632832,634880,2472.0,2480.0,0,0,0.0,8a15d8871289ff5947136c2bbd4482af9a9ac30d402efd3357993b064e86a2fd,bipolar18-int16-any-overlap-8s-v1
chb05/chb05_06.edf:634880,chb05,chb05,chb05/chb05_06.edf,validation,634880,636928,2480.0,2488.0,0,0,0.0,8a15d8871289ff5947136c2bbd4482af9a9ac30d402efd3357993b064e86a2fd,bipolar18-int16-any-overlap-8s-v1
chb05/chb05_06.edf:636928,chb05,chb05,chb05/chb05_06.edf,validation,636928,638976,2488.0,2496.0,0,0,0.0,8a15d8871289ff5947136c2bbd4482af9a9ac30d402efd3357993b064e86a2fd,bipolar18-int16-any-overlap-8s-v1
chb05/chb05_06.edf:638976,chb05,chb05,chb05/chb05_06.edf,validation,638976,641024,2496.0,2504.0,0,0,0.0,8a15d8871289ff5947136c2bbd4482af9a9ac30d402efd3357993b064e86a2fd,bipolar18-int16-any-overlap-8s-v1
chb05/chb05_06.edf:641024,chb05,chb05,chb05/chb05_06.edf,validation,641024,643072,2504.0,2512.0,0,0,0.0,8a15d8871289ff5947136c2bbd4482af9a9ac30d402efd3357993b064e86a2fd,bipolar18-int16-any-overlap-8s-v1
chb05/chb05_06.edf:643072,chb05,chb05,chb05/chb05_06.edf,validation,643072,645120,2512.0,2520.0,0,0,0.0,8a15d8871289ff5947136c2bbd4482af9a9ac30d402efd3357993b064e86a2fd,bipolar18-int16-any-overlap-8s-v1
chb05/chb05_06.edf:645120,chb05,chb05,chb05/chb05_06.edf,validation,645120,647168,2520.0,2528.0,0,0,0.0,8a15d8871289ff5947136c2bbd4482af9a9ac30d402efd3357993b064e86a2fd,bipolar18-int16-any-overlap-8s-v1
chb05/chb05_06.edf:647168,chb05,chb05,chb05/chb05_06.edf,validation,647168,649216,2528.0,2536.0,0,0,0.0,8a15d8871289ff5947136c2bbd4482af9a9ac30d402efd3357993b064e86a2fd,bipolar18-int16-any-overlap-8s-v1
chb05/chb05_06.edf:649216,chb05,chb05,chb05/chb05_06.edf,validation,649216,651264,2536.0,2544.0,0,0,0.0,8a15d8871289ff5947136c2bbd4482af9a9ac30d402efd3357993b064e86a2fd,bipolar18-int16-any-overlap-8s-v1
chb05/chb05_06.edf:651264,chb05,chb05,chb05/chb05_06.edf,validation,651264,653312,2544.0,2552.0,0,0,0.0,8a15d8871289ff5947136c2bbd4482af9a9ac30d402efd3357993b064e86a2fd,bipolar18-int16-any-overlap-8s-v1
chb05/chb05_06.edf:653312,chb05,chb05,chb05/chb05_06.edf,validation,653312,655360,2552.0,2560.0,0,0,0.0,8a15d8871289ff5947136c2bbd4482af9a9ac30d402efd3357993b064e86a2fd,bipolar18-int16-any-overlap-8s-v1
chb05/chb05_06.edf:655360,chb05,chb05,chb05/chb05_06.edf,validation,655360,657408,2560.0,2568.0,0,0,0.0,8a15d8871289ff5947136c2bbd4482af9a9ac30d402efd3357993b064e86a2fd,bipolar18-int16-any-overlap-8s-v1
chb05/chb05_06.edf:657408,chb05,chb05,chb05/chb05_06.edf,validation,657408,659456,2568.0,2576.0,0,0,0.0,8a15d8871289ff5947136c2bbd4482af9a9ac30d402efd3357993b064e86a2fd,bipolar18-int16-any-overlap-8s-v1
chb05/chb05_06.edf:659456,chb05,chb05,chb05/chb05_06.edf,validation,659456,661504,2576.0,2584.0,0,0,0.0,8a15d8871289ff5947136c2bbd4482af9a9ac30d402efd3357993b064e86a2fd,bipolar18-int16-any-overlap-8s-v1
chb05/chb05_06.edf:661504,chb05,chb05,chb05/chb05_06.edf,validation,661504,663552,2584.0,2592.0,0,0,0.0,8a15d8871289ff5947136c2bbd4482af9a9ac30d402efd3357993b064e86a2fd,bipolar18-int16-any-overlap-8s-v1
chb05/chb05_06.edf:663552,chb05,chb05,chb05/chb05_06.edf,validation,663552,665600,2592.0,2600.0,0,0,0.0,8a15d8871289ff5947136c2bbd4482af9a9ac30d402efd3357993b064e86a2fd,bipolar18-int16-any-overlap-8s-v1
chb05/chb05_06.edf:665600,chb05,chb05,chb05/chb05_06.edf,validation,665600,667648,2600.0,2608.0,0,0,0.0,8a15d8871289ff5947136c2bbd4482af9a9ac30d402efd3357993b064e86a2fd,bipolar18-int16-any-overlap-8s-v1
chb05/chb05_06.edf:667648,chb05,chb05,chb05/chb05_06.edf,validation,667648,669696,2608.0,2616.0,0,0,0.0,8a15d8871289ff5947136c2bbd4482af9a9ac30d402efd3357993b064e86a2fd,bipolar18-int16-any-overlap-8s-v1
chb05/chb05_06.edf:669696,chb05,chb05,chb05/chb05_06.edf,validation,669696,671744,2616.0,2624.0,0,0,0.0,8a15d8871289ff5947136c2bbd4482af9a9ac30d402efd3357993b064e86a2fd,bipolar18-int16-any-overlap-8s-v1
chb05/chb05_06.edf:671744,chb05,chb05,chb05/chb05_06.edf,validation,671744,673792,2624.0,2632.0,0,0,0.0,8a15d8871289ff5947136c2bbd4482af9a9ac30d402efd3357993b064e86a2fd,bipolar18-int16-any-overlap-8s-v1
chb05/chb05_06.edf:673792,chb05,chb05,chb05/chb05_06.edf,validation,673792,675840,2632.0,2640.0,0,0,0.0,8a15d8871289ff5947136c2bbd4482af9a9ac30d402efd3357993b064e86a2fd,bipolar18-int16-any-overlap-8s-v1
chb05/chb05_06.edf:675840,chb05,chb05,chb05/chb05_06.edf,validation,675840,677888,2640.0,2648.0,0,0,0.0,8a15d8871289ff5947136c2bbd4482af9a9ac30d402efd3357993b064e86a2fd,bipolar18-int16-any-overlap-8s-v1
chb05/chb05_06.edf:677888,chb05,chb05,chb05/chb05_06.edf,validation,677888,679936,2648.0,2656.0,0,0,0.0,8a15d8871289ff5947136c2bbd4482af9a9ac30d402efd3357993b064e86a2fd,bipolar18-int16-any-overlap-8s-v1
chb05/chb05_06.edf:679936,chb05,chb05,chb05/chb05_06.edf,validation,679936,681984,2656.0,2664.0,0,0,0.0,8a15d8871289ff5947136c2bbd4482af9a9ac30d402efd3357993b064e86a2fd,bipolar18-int16-any-overlap-8s-v1
chb05/chb05_06.edf:681984,chb05,chb05,chb05/chb05_06.edf,validation,681984,684032,2664.0,2672.0,0,0,0.0,8a15d8871289ff5947136c2bbd4482af9a9ac30d402efd3357993b064e86a2fd,bipolar18-int16-any-overlap-8s-v1
chb05/chb05_06.edf:684032,chb05,chb05,chb05/chb05_06.edf,validation,684032,686080,2672.0,2680.0,0,0,0.0,8a15d8871289ff5947136c2bbd4482af9a9ac30d402efd3357993b064e86a2fd,bipolar18-int16-any-overlap-8s-v1
chb05/chb05_06.edf:686080,chb05,chb05,chb05/chb05_06.edf,validation,686080,688128,2680.0,2688.0,0,0,0.0,8a15d8871289ff5947136c2bbd4482af9a9ac30d402efd3357993b064e86a2fd,bipolar18-int16-any-overlap-8s-v1
chb05/chb05_06.edf:688128,chb05,chb05,chb05/chb05_06.edf,validation,688128,690176,2688.0,2696.0,0,0,0.0,8a15d8871289ff5947136c2bbd4482af9a9ac30d402efd3357993b064e86a2fd,bipolar18-int16-any-overlap-8s-v1
chb05/chb05_06.edf:690176,chb05,chb05,chb05/chb05_06.edf,validation,690176,692224,2696.0,2704.0,0,0,0.0,8a15d8871289ff5947136c2bbd4482af9a9ac30d402efd3357993b064e86a2fd,bipolar18-int16-any-overlap-8s-v1
chb05/chb05_06.edf:692224,chb05,chb05,chb05/chb05_06.edf,validation,692224,694272,2704.0,2712.0,0,0,0.0,8a15d8871289ff5947136c2bbd4482af9a9ac30d402efd3357993b064e86a2fd,bipolar18-int16-any-overlap-8s-v1
chb05/chb05_06.edf:694272,chb05,chb05,chb05/chb05_06.edf,validation,694272,696320,2712.0,2720.0,0,0,0.0,8a15d8871289ff5947136c2bbd4482af9a9ac30d402efd3357993b064e86a2fd,bipolar18-int16-any-overlap-8s-v1
chb05/chb05_06.edf:696320,chb05,chb05,chb05/chb05_06.edf,validation,696320,698368,2720.0,2728.0,0,0,0.0,8a15d8871289ff5947136c2bbd4482af9a9ac30d402efd3357993b064e86a2fd,bipolar18-int16-any-overlap-8s-v1
chb05/chb05_06.edf:698368,chb05,chb05,chb05/chb05_06.edf,validation,698368,700416,2728.0,2736.0,0,0,0.0,8a15d8871289ff5947136c2bbd4482af9a9ac30d402efd3357993b064e86a2fd,bipolar18-int16-any-overlap-8s-v1
chb05/chb05_06.edf:700416,chb05,chb05,chb05/chb05_06.edf,validation,700416,702464,2736.0,2744.0,0,0,0.0,8a15d8871289ff5947136c2bbd4482af9a9ac30d402efd3357993b064e86a2fd,bipolar18-int16-any-overlap-8s-v1
chb05/chb05_06.edf:702464,chb05,chb05,chb05/chb05_06.edf,validation,702464,704512,2744.0,2752.0,0,0,0.0,8a15d8871289ff5947136c2bbd4482af9a9ac30d402efd3357993b064e86a2fd,bipolar18-int16-any-overlap-8s-v1
chb05/chb05_06.edf:704512,chb05,chb05,chb05/chb05_06.edf,validation,704512,706560,2752.0,2760.0,0,0,0.0,8a15d8871289ff5947136c2bbd4482af9a9ac30d402efd3357993b064e86a2fd,bipolar18-int16-any-overlap-8s-v1
chb05/chb05_06.edf:706560,chb05,chb05,chb05/chb05_06.edf,validation,706560,708608,2760.0,2768.0,0,0,0.0,8a15d8871289ff5947136c2bbd4482af9a9ac30d402efd3357993b064e86a2fd,bipolar18-int16-any-overlap-8s-v1
chb05/chb05_06.edf:708608,chb05,chb05,chb05/chb05_06.edf,validation,708608,710656,2768.0,2776.0,0,0,0.0,8a15d8871289ff5947136c2bbd4482af9a9ac30d402efd3357993b064e86a2fd,bipolar18-int16-any-overlap-8s-v1
chb05/chb05_06.edf:710656,chb05,chb05,chb05/chb05_06.edf,validation,710656,712704,2776.0,2784.0,0,0,0.0,8a15d8871289ff5947136c2bbd4482af9a9ac30d402efd3357993b064e86a2fd,bipolar18-int16-any-overlap-8s-v1
chb05/chb05_06.edf:712704,chb05,chb05,chb05/chb05_06.edf,validation,712704,714752,2784.0,2792.0,0,0,0.0,8a15d8871289ff5947136c2bbd4482af9a9ac30d402efd3357993b064e86a2fd,bipolar18-int16-any-overlap-8s-v1
chb05/chb05_06.edf:714752,chb05,chb05,chb05/chb05_06.edf,validation,714752,716800,2792.0,2800.0,0,0,0.0,8a15d8871289ff5947136c2bbd4482af9a9ac30d402efd3357993b064e86a2fd,bipolar18-int16-any-overlap-8s-v1
chb05/chb05_06.edf:716800,chb05,chb05,chb05/chb05_06.edf,validation,716800,718848,2800.0,2808.0,0,0,0.0,8a15d8871289ff5947136c2bbd4482af9a9ac30d402efd3357993b064e86a2fd,bipolar18-int16-any-overlap-8s-v1
chb05/chb05_06.edf:718848,chb05,chb05,chb05/chb05_06.edf,validation,718848,720896,2808.0,2816.0,0,0,0.0,8a15d8871289ff5947136c2bbd4482af9a9ac30d402efd3357993b064e86a2fd,bipolar18-int16-any-overlap-8s-v1
chb05/chb05_06.edf:720896,chb05,chb05,chb05/chb05_06.edf,validation,720896,722944,2816.0,2824.0,0,0,0.0,8a15d8871289ff5947136c2bbd4482af9a9ac30d402efd3357993b064e86a2fd,bipolar18-int16-any-overlap-8s-v1
chb05/chb05_06.edf:722944,chb05,chb05,chb05/chb05_06.edf,validation,722944,724992,2824.0,2832.0,0,0,0.0,8a15d8871289ff5947136c2bbd4482af9a9ac30d402efd3357993b064e86a2fd,bipolar18-int16-any-overlap-8s-v1
chb05/chb05_06.edf:724992,chb05,chb05,chb05/chb05_06.edf,validation,724992,727040,2832.0,2840.0,0,0,0.0,8a15d8871289ff5947136c2bbd4482af9a9ac30d402efd3357993b064e86a2fd,bipolar18-int16-any-overlap-8s-v1
chb05/chb05_06.edf:727040,chb05,chb05,chb05/chb05_06.edf,validation,727040,729088,2840.0,2848.0,0,0,0.0,8a15d8871289ff5947136c2bbd4482af9a9ac30d402efd3357993b064e86a2fd,bipolar18-int16-any-overlap-8s-v1
chb05/chb05_06.edf:729088,chb05,chb05,chb05/chb05_06.edf,validation,729088,731136,2848.0,2856.0,0,0,0.0,8a15d8871289ff5947136c2bbd4482af9a9ac30d402efd3357993b064e86a2fd,bipolar18-int16-any-overlap-8s-v1
chb05/chb05_06.edf:731136,chb05,chb05,chb05/chb05_06.edf,validation,731136,733184,2856.0,2864.0,0,0,0.0,8a15d8871289ff5947136c2bbd4482af9a9ac30d402efd3357993b064e86a2fd,bipolar18-int16-any-overlap-8s-v1
chb05/chb05_06.edf:733184,chb05,chb05,chb05/chb05_06.edf,validation,733184,735232,2864.0,2872.0,0,0,0.0,8a15d8871289ff5947136c2bbd4482af9a9ac30d402efd3357993b064e86a2fd,bipolar18-int16-any-overlap-8s-v1
chb05/chb05_06.edf:735232,chb05,chb05,chb05/chb05_06.edf,validation,735232,737280,2872.0,2880.0,0,0,0.0,8a15d8871289ff5947136c2bbd4482af9a9ac30d402efd3357993b064e86a2fd,bipolar18-int16-any-overlap-8s-v1
chb05/chb05_06.edf:737280,chb05,chb05,chb05/chb05_06.edf,validation,737280,739328,2880.0,2888.0,0,0,0.0,8a15d8871289ff5947136c2bbd4482af9a9ac30d402efd3357993b064e86a2fd,bipolar18-int16-any-overlap-8s-v1
chb05/chb05_06.edf:739328,chb05,chb05,chb05/chb05_06.edf,validation,739328,741376,2888.0,2896.0,0,0,0.0,8a15d8871289ff5947136c2bbd4482af9a9ac30d402efd3357993b064e86a2fd,bipolar18-int16-any-overlap-8s-v1
chb05/chb05_06.edf:741376,chb05,chb05,chb05/chb05_06.edf,validation,741376,743424,2896.0,2904.0,0,0,0.0,8a15d8871289ff5947136c2bbd4482af9a9ac30d402efd3357993b064e86a2fd,bipolar18-int16-any-overlap-8s-v1
chb05/chb05_06.edf:743424,chb05,chb05,chb05/chb05_06.edf,validation,743424,745472,2904.0,2912.0,0,0,0.0,8a15d8871289ff5947136c2bbd4482af9a9ac30d402efd3357993b064e86a2fd,bipolar18-int16-any-overlap-8s-v1
chb05/chb05_06.edf:745472,chb05,chb05,chb05/chb05_06.edf,validation,745472,747520,2912.0,2920.0,0,0,0.0,8a15d8871289ff5947136c2bbd4482af9a9ac30d402efd3357993b064e86a2fd,bipolar18-int16-any-overlap-8s-v1
chb05/chb05_06.edf:747520,chb05,chb05,chb05/chb05_06.edf,validation,747520,749568,2920.0,2928.0,0,0,0.0,8a15d8871289ff5947136c2bbd4482af9a9ac30d402efd3357993b064e86a2fd,bipolar18-int16-any-overlap-8s-v1
chb05/chb05_06.edf:749568,chb05,chb05,chb05/chb05_06.edf,validation,749568,751616,2928.0,2936.0,0,0,0.0,8a15d8871289ff5947136c2bbd4482af9a9ac30d402efd3357993b064e86a2fd,bipolar18-int16-any-overlap-8s-v1
chb05/chb05_06.edf:751616,chb05,chb05,chb05/chb05_06.edf,validation,751616,753664,2936.0,2944.0,0,0,0.0,8a15d8871289ff5947136c2bbd4482af9a9ac30d402efd3357993b064e86a2fd,bipolar18-int16-any-overlap-8s-v1
chb05/chb05_06.edf:753664,chb05,chb05,chb05/chb05_06.edf,validation,753664,755712,2944.0,2952.0,0,0,0.0,8a15d8871289ff5947136c2bbd4482af9a9ac30d402efd3357993b064e86a2fd,bipolar18-int16-any-overlap-8s-v1
chb05/chb05_06.edf:755712,chb05,chb05,chb05/chb05_06.edf,validation,755712,757760,2952.0,2960.0,0,0,0.0,8a15d8871289ff5947136c2bbd4482af9a9ac30d402efd3357993b064e86a2fd,bipolar18-int16-any-overlap-8s-v1
chb05/chb05_06.edf:757760,chb05,chb05,chb05/chb05_06.edf,validation,757760,759808,2960.0,2968.0,0,0,0.0,8a15d8871289ff5947136c2bbd4482af9a9ac30d402efd3357993b064e86a2fd,bipolar18-int16-any-overlap-8s-v1
chb05/chb05_06.edf:759808,chb05,chb05,chb05/chb05_06.edf,validation,759808,761856,2968.0,2976.0,0,0,0.0,8a15d8871289ff5947136c2bbd4482af9a9ac30d402efd3357993b064e86a2fd,bipolar18-int16-any-overlap-8s-v1
chb05/chb05_06.edf:761856,chb05,chb05,chb05/chb05_06.edf,validation,761856,763904,2976.0,2984.0,0,0,0.0,8a15d8871289ff5947136c2bbd4482af9a9ac30d402efd3357993b064e86a2fd,bipolar18-int16-any-overlap-8s-v1
chb05/chb05_06.edf:763904,chb05,chb05,chb05/chb05_06.edf,validation,763904,765952,2984.0,2992.0,0,0,0.0,8a15d8871289ff5947136c2bbd4482af9a9ac30d402efd3357993b064e86a2fd,bipolar18-int16-any-overlap-8s-v1
chb05/chb05_06.edf:765952,chb05,chb05,chb05/chb05_06.edf,validation,765952,768000,2992.0,3000.0,0,0,0.0,8a15d8871289ff5947136c2bbd4482af9a9ac30d402efd3357993b064e86a2fd,bipolar18-int16-any-overlap-8s-v1
chb05/chb05_06.edf:768000,chb05,chb05,chb05/chb05_06.edf,validation,768000,770048,3000.0,3008.0,0,0,0.0,8a15d8871289ff5947136c2bbd4482af9a9ac30d402efd3357993b064e86a2fd,bipolar18-int16-any-overlap-8s-v1
chb05/chb05_06.edf:770048,chb05,chb05,chb05/chb05_06.edf,validation,770048,772096,3008.0,3016.0,0,0,0.0,8a15d8871289ff5947136c2bbd4482af9a9ac30d402efd3357993b064e86a2fd,bipolar18-int16-any-overlap-8s-v1
chb05/chb05_06.edf:772096,chb05,chb05,chb05/chb05_06.edf,validation,772096,774144,3016.0,3024.0,0,0,0.0,8a15d8871289ff5947136c2bbd4482af9a9ac30d402efd3357993b064e86a2fd,bipolar18-int16-any-overlap-8s-v1
chb05/chb05_06.edf:774144,chb05,chb05,chb05/chb05_06.edf,validation,774144,776192,3024.0,3032.0,0,0,0.0,8a15d8871289ff5947136c2bbd4482af9a9ac30d402efd3357993b064e86a2fd,bipolar18-int16-any-overlap-8s-v1
chb05/chb05_06.edf:776192,chb05,chb05,chb05/chb05_06.edf,validation,776192,778240,3032.0,3040.0,0,0,0.0,8a15d8871289ff5947136c2bbd4482af9a9ac30d402efd3357993b064e86a2fd,bipolar18-int16-any-overlap-8s-v1
chb05/chb05_06.edf:778240,chb05,chb05,chb05/chb05_06.edf,validation,778240,780288,3040.0,3048.0,0,0,0.0,8a15d8871289ff5947136c2bbd4482af9a9ac30d402efd3357993b064e86a2fd,bipolar18-int16-any-overlap-8s-v1
chb05/chb05_06.edf:780288,chb05,chb05,chb05/chb05_06.edf,validation,780288,782336,3048.0,3056.0,0,0,0.0,8a15d8871289ff5947136c2bbd4482af9a9ac30d402efd3357993b064e86a2fd,bipolar18-int16-any-overlap-8s-v1
chb05/chb05_06.edf:782336,chb05,chb05,chb05/chb05_06.edf,validation,782336,784384,3056.0,3064.0,0,0,0.0,8a15d8871289ff5947136c2bbd4482af9a9ac30d402efd3357993b064e86a2fd,bipolar18-int16-any-overlap-8s-v1
chb05/chb05_06.edf:784384,chb05,chb05,chb05/chb05_06.edf,validation,784384,786432,3064.0,3072.0,0,0,0.0,8a15d8871289ff5947136c2bbd4482af9a9ac30d402efd3357993b064e86a2fd,bipolar18-int16-any-overlap-8s-v1
chb05/chb05_06.edf:786432,chb05,chb05,chb05/chb05_06.edf,validation,786432,788480,3072.0,3080.0,0,0,0.0,8a15d8871289ff5947136c2bbd4482af9a9ac30d402efd3357993b064e86a2fd,bipolar18-int16-any-overlap-8s-v1
chb05/chb05_06.edf:788480,chb05,chb05,chb05/chb05_06.edf,validation,788480,790528,3080.0,3088.0,0,0,0.0,8a15d8871289ff5947136c2bbd4482af9a9ac30d402efd3357993b064e86a2fd,bipolar18-int16-any-overlap-8s-v1
chb05/chb05_06.edf:790528,chb05,chb05,chb05/chb05_06.edf,validation,790528,792576,3088.0,3096.0,0,0,0.0,8a15d8871289ff5947136c2bbd4482af9a9ac30d402efd3357993b064e86a2fd,bipolar18-int16-any-overlap-8s-v1
chb05/chb05_06.edf:792576,chb05,chb05,chb05/chb05_06.edf,validation,792576,794624,3096.0,3104.0,0,0,0.0,8a15d8871289ff5947136c2bbd4482af9a9ac30d402efd3357993b064e86a2fd,bipolar18-int16-any-overlap-8s-v1
chb05/chb05_06.edf:794624,chb05,chb05,chb05/chb05_06.edf,validation,794624,796672,3104.0,3112.0,0,0,0.0,8a15d8871289ff5947136c2bbd4482af9a9ac30d402efd3357993b064e86a2fd,bipolar18-int16-any-overlap-8s-v1
chb05/chb05_06.edf:796672,chb05,chb05,chb05/chb05_06.edf,validation,796672,798720,3112.0,3120.0,0,0,0.0,8a15d8871289ff5947136c2bbd4482af9a9ac30d402efd3357993b064e86a2fd,bipolar18-int16-any-overlap-8s-v1
chb05/chb05_06.edf:798720,chb05,chb05,chb05/chb05_06.edf,validation,798720,800768,3120.0,3128.0,0,0,0.0,8a15d8871289ff5947136c2bbd4482af9a9ac30d402efd3357993b064e86a2fd,bipolar18-int16-any-overlap-8s-v1
chb05/chb05_06.edf:800768,chb05,chb05,chb05/chb05_06.edf,validation,800768,802816,3128.0,3136.0,0,0,0.0,8a15d8871289ff5947136c2bbd4482af9a9ac30d402efd3357993b064e86a2fd,bipolar18-int16-any-overlap-8s-v1
chb05/chb05_06.edf:802816,chb05,chb05,chb05/chb05_06.edf,validation,802816,804864,3136.0,3144.0,0,0,0.0,8a15d8871289ff5947136c2bbd4482af9a9ac30d402efd3357993b064e86a2fd,bipolar18-int16-any-overlap-8s-v1
chb05/chb05_06.edf:804864,chb05,chb05,chb05/chb05_06.edf,validation,804864,806912,3144.0,3152.0,0,0,0.0,8a15d8871289ff5947136c2bbd4482af9a9ac30d402efd3357993b064e86a2fd,bipolar18-int16-any-overlap-8s-v1
chb05/chb05_06.edf:806912,chb05,chb05,chb05/chb05_06.edf,validation,806912,808960,3152.0,3160.0,0,0,0.0,8a15d8871289ff5947136c2bbd4482af9a9ac30d402efd3357993b064e86a2fd,bipolar18-int16-any-overlap-8s-v1
chb05/chb05_06.edf:808960,chb05,chb05,chb05/chb05_06.edf,validation,808960,811008,3160.0,3168.0,0,0,0.0,8a15d8871289ff5947136c2bbd4482af9a9ac30d402efd3357993b064e86a2fd,bipolar18-int16-any-overlap-8s-v1
chb05/chb05_06.edf:811008,chb05,chb05,chb05/chb05_06.edf,validation,811008,813056,3168.0,3176.0,0,0,0.0,8a15d8871289ff5947136c2bbd4482af9a9ac30d402efd3357993b064e86a2fd,bipolar18-int16-any-overlap-8s-v1
chb05/chb05_06.edf:813056,chb05,chb05,chb05/chb05_06.edf,validation,813056,815104,3176.0,3184.0,0,0,0.0,8a15d8871289ff5947136c2bbd4482af9a9ac30d402efd3357993b064e86a2fd,bipolar18-int16-any-overlap-8s-v1
chb05/chb05_06.edf:815104,chb05,chb05,chb05/chb05_06.edf,validation,815104,817152,3184.0,3192.0,0,0,0.0,8a15d8871289ff5947136c2bbd4482af9a9ac30d402efd3357993b064e86a2fd,bipolar18-int16-any-overlap-8s-v1
chb05/chb05_06.edf:817152,chb05,chb05,chb05/chb05_06.edf,validation,817152,819200,3192.0,3200.0,0,0,0.0,8a15d8871289ff5947136c2bbd4482af9a9ac30d402efd3357993b064e86a2fd,bipolar18-int16-any-overlap-8s-v1
chb05/chb05_06.edf:819200,chb05,chb05,chb05/chb05_06.edf,validation,819200,821248,3200.0,3208.0,0,0,0.0,8a15d8871289ff5947136c2bbd4482af9a9ac30d402efd3357993b064e86a2fd,bipolar18-int16-any-overlap-8s-v1
chb05/chb05_06.edf:821248,chb05,chb05,chb05/chb05_06.edf,validation,821248,823296,3208.0,3216.0,0,0,0.0,8a15d8871289ff5947136c2bbd4482af9a9ac30d402efd3357993b064e86a2fd,bipolar18-int16-any-overlap-8s-v1
chb05/chb05_06.edf:823296,chb05,chb05,chb05/chb05_06.edf,validation,823296,825344,3216.0,3224.0,0,0,0.0,8a15d8871289ff5947136c2bbd4482af9a9ac30d402efd3357993b064e86a2fd,bipolar18-int16-any-overlap-8s-v1
chb05/chb05_06.edf:825344,chb05,chb05,chb05/chb05_06.edf,validation,825344,827392,3224.0,3232.0,0,0,0.0,8a15d8871289ff5947136c2bbd4482af9a9ac30d402efd3357993b064e86a2fd,bipolar18-int16-any-overlap-8s-v1
chb05/chb05_06.edf:827392,chb05,chb05,chb05/chb05_06.edf,validation,827392,829440,3232.0,3240.0,0,0,0.0,8a15d8871289ff5947136c2bbd4482af9a9ac30d402efd3357993b064e86a2fd,bipolar18-int16-any-overlap-8s-v1
chb05/chb05_06.edf:829440,chb05,chb05,chb05/chb05_06.edf,validation,829440,831488,3240.0,3248.0,0,0,0.0,8a15d8871289ff5947136c2bbd4482af9a9ac30d402efd3357993b064e86a2fd,bipolar18-int16-any-overlap-8s-v1
chb05/chb05_06.edf:831488,chb05,chb05,chb05/chb05_06.edf,validation,831488,833536,3248.0,3256.0,0,0,0.0,8a15d8871289ff5947136c2bbd4482af9a9ac30d402efd3357993b064e86a2fd,bipolar18-int16-any-overlap-8s-v1
chb05/chb05_06.edf:833536,chb05,chb05,chb05/chb05_06.edf,validation,833536,835584,3256.0,3264.0,0,0,0.0,8a15d8871289ff5947136c2bbd4482af9a9ac30d402efd3357993b064e86a2fd,bipolar18-int16-any-overlap-8s-v1
chb05/chb05_06.edf:835584,chb05,chb05,chb05/chb05_06.edf,validation,835584,837632,3264.0,3272.0,0,0,0.0,8a15d8871289ff5947136c2bbd4482af9a9ac30d402efd3357993b064e86a2fd,bipolar18-int16-any-overlap-8s-v1
chb05/chb05_06.edf:837632,chb05,chb05,chb05/chb05_06.edf,validation,837632,839680,3272.0,3280.0,0,0,0.0,8a15d8871289ff5947136c2bbd4482af9a9ac30d402efd3357993b064e86a2fd,bipolar18-int16-any-overlap-8s-v1
chb05/chb05_06.edf:839680,chb05,chb05,chb05/chb05_06.edf,validation,839680,841728,3280.0,3288.0,0,0,0.0,8a15d8871289ff5947136c2bbd4482af9a9ac30d402efd3357993b064e86a2fd,bipolar18-int16-any-overlap-8s-v1
chb05/chb05_06.edf:841728,chb05,chb05,chb05/chb05_06.edf,validation,841728,843776,3288.0,3296.0,0,0,0.0,8a15d8871289ff5947136c2bbd4482af9a9ac30d402efd3357993b064e86a2fd,bipolar18-int16-any-overlap-8s-v1
chb05/chb05_06.edf:843776,chb05,chb05,chb05/chb05_06.edf,validation,843776,845824,3296.0,3304.0,0,0,0.0,8a15d8871289ff5947136c2bbd4482af9a9ac30d402efd3357993b064e86a2fd,bipolar18-int16-any-overlap-8s-v1
chb05/chb05_06.edf:845824,chb05,chb05,chb05/chb05_06.edf,validation,845824,847872,3304.0,3312.0,0,0,0.0,8a15d8871289ff5947136c2bbd4482af9a9ac30d402efd3357993b064e86a2fd,bipolar18-int16-any-overlap-8s-v1
chb05/chb05_06.edf:847872,chb05,chb05,chb05/chb05_06.edf,validation,847872,849920,3312.0,3320.0,0,0,0.0,8a15d8871289ff5947136c2bbd4482af9a9ac30d402efd3357993b064e86a2fd,bipolar18-int16-any-overlap-8s-v1
chb05/chb05_06.edf:849920,chb05,chb05,chb05/chb05_06.edf,validation,849920,851968,3320.0,3328.0,0,0,0.0,8a15d8871289ff5947136c2bbd4482af9a9ac30d402efd3357993b064e86a2fd,bipolar18-int16-any-overlap-8s-v1
chb05/chb05_06.edf:851968,chb05,chb05,chb05/chb05_06.edf,validation,851968,854016,3328.0,3336.0,0,0,0.0,8a15d8871289ff5947136c2bbd4482af9a9ac30d402efd3357993b064e86a2fd,bipolar18-int16-any-overlap-8s-v1
chb05/chb05_06.edf:854016,chb05,chb05,chb05/chb05_06.edf,validation,854016,856064,3336.0,3344.0,0,0,0.0,8a15d8871289ff5947136c2bbd4482af9a9ac30d402efd3357993b064e86a2fd,bipolar18-int16-any-overlap-8s-v1
chb05/chb05_06.edf:856064,chb05,chb05,chb05/chb05_06.edf,validation,856064,858112,3344.0,3352.0,0,0,0.0,8a15d8871289ff5947136c2bbd4482af9a9ac30d402efd3357993b064e86a2fd,bipolar18-int16-any-overlap-8s-v1
chb05/chb05_06.edf:858112,chb05,chb05,chb05/chb05_06.edf,validation,858112,860160,3352.0,3360.0,0,0,0.0,8a15d8871289ff5947136c2bbd4482af9a9ac30d402efd3357993b064e86a2fd,bipolar18-int16-any-overlap-8s-v1
chb05/chb05_06.edf:860160,chb05,chb05,chb05/chb05_06.edf,validation,860160,862208,3360.0,3368.0,0,0,0.0,8a15d8871289ff5947136c2bbd4482af9a9ac30d402efd3357993b064e86a2fd,bipolar18-int16-any-overlap-8s-v1
chb05/chb05_06.edf:862208,chb05,chb05,chb05/chb05_06.edf,validation,862208,864256,3368.0,3376.0,0,0,0.0,8a15d8871289ff5947136c2bbd4482af9a9ac30d402efd3357993b064e86a2fd,bipolar18-int16-any-overlap-8s-v1
chb05/chb05_06.edf:864256,chb05,chb05,chb05/chb05_06.edf,validation,864256,866304,3376.0,3384.0,0,0,0.0,8a15d8871289ff5947136c2bbd4482af9a9ac30d402efd3357993b064e86a2fd,bipolar18-int16-any-overlap-8s-v1
chb05/chb05_06.edf:866304,chb05,chb05,chb05/chb05_06.edf,validation,866304,868352,3384.0,3392.0,0,0,0.0,8a15d8871289ff5947136c2bbd4482af9a9ac30d402efd3357993b064e86a2fd,bipolar18-int16-any-overlap-8s-v1
chb05/chb05_06.edf:868352,chb05,chb05,chb05/chb05_06.edf,validation,868352,870400,3392.0,3400.0,0,0,0.0,8a15d8871289ff5947136c2bbd4482af9a9ac30d402efd3357993b064e86a2fd,bipolar18-int16-any-overlap-8s-v1
chb05/chb05_06.edf:870400,chb05,chb05,chb05/chb05_06.edf,validation,870400,872448,3400.0,3408.0,0,0,0.0,8a15d8871289ff5947136c2bbd4482af9a9ac30d402efd3357993b064e86a2fd,bipolar18-int16-any-overlap-8s-v1
chb05/chb05_06.edf:872448,chb05,chb05,chb05/chb05_06.edf,validation,872448,874496,3408.0,3416.0,0,0,0.0,8a15d8871289ff5947136c2bbd4482af9a9ac30d402efd3357993b064e86a2fd,bipolar18-int16-any-overlap-8s-v1
chb05/chb05_06.edf:874496,chb05,chb05,chb05/chb05_06.edf,validation,874496,876544,3416.0,3424.0,0,0,0.0,8a15d8871289ff5947136c2bbd4482af9a9ac30d402efd3357993b064e86a2fd,bipolar18-int16-any-overlap-8s-v1
chb05/chb05_06.edf:876544,chb05,chb05,chb05/chb05_06.edf,validation,876544,878592,3424.0,3432.0,0,0,0.0,8a15d8871289ff5947136c2bbd4482af9a9ac30d402efd3357993b064e86a2fd,bipolar18-int16-any-overlap-8s-v1
chb05/chb05_06.edf:878592,chb05,chb05,chb05/chb05_06.edf,validation,878592,880640,3432.0,3440.0,0,0,0.0,8a15d8871289ff5947136c2bbd4482af9a9ac30d402efd3357993b064e86a2fd,bipolar18-int16-any-overlap-8s-v1
chb05/chb05_06.edf:880640,chb05,chb05,chb05/chb05_06.edf,validation,880640,882688,3440.0,3448.0,0,0,0.0,8a15d8871289ff5947136c2bbd4482af9a9ac30d402efd3357993b064e86a2fd,bipolar18-int16-any-overlap-8s-v1
chb05/chb05_06.edf:882688,chb05,chb05,chb05/chb05_06.edf,validation,882688,884736,3448.0,3456.0,0,0,0.0,8a15d8871289ff5947136c2bbd4482af9a9ac30d402efd3357993b064e86a2fd,bipolar18-int16-any-overlap-8s-v1
chb05/chb05_06.edf:884736,chb05,chb05,chb05/chb05_06.edf,validation,884736,886784,3456.0,3464.0,0,0,0.0,8a15d8871289ff5947136c2bbd4482af9a9ac30d402efd3357993b064e86a2fd,bipolar18-int16-any-overlap-8s-v1
chb05/chb05_06.edf:886784,chb05,chb05,chb05/chb05_06.edf,validation,886784,888832,3464.0,3472.0,0,0,0.0,8a15d8871289ff5947136c2bbd4482af9a9ac30d402efd3357993b064e86a2fd,bipolar18-int16-any-overlap-8s-v1
chb05/chb05_06.edf:888832,chb05,chb05,chb05/chb05_06.edf,validation,888832,890880,3472.0,3480.0,0,0,0.0,8a15d8871289ff5947136c2bbd4482af9a9ac30d402efd3357993b064e86a2fd,bipolar18-int16-any-overlap-8s-v1
chb05/chb05_06.edf:890880,chb05,chb05,chb05/chb05_06.edf,validation,890880,892928,3480.0,3488.0,0,0,0.0,8a15d8871289ff5947136c2bbd4482af9a9ac30d402efd3357993b064e86a2fd,bipolar18-int16-any-overlap-8s-v1
chb05/chb05_06.edf:892928,chb05,chb05,chb05/chb05_06.edf,validation,892928,894976,3488.0,3496.0,0,0,0.0,8a15d8871289ff5947136c2bbd4482af9a9ac30d402efd3357993b064e86a2fd,bipolar18-int16-any-overlap-8s-v1
chb05/chb05_06.edf:894976,chb05,chb05,chb05/chb05_06.edf,validation,894976,897024,3496.0,3504.0,0,0,0.0,8a15d8871289ff5947136c2bbd4482af9a9ac30d402efd3357993b064e86a2fd,bipolar18-int16-any-overlap-8s-v1
chb05/chb05_06.edf:897024,chb05,chb05,chb05/chb05_06.edf,validation,897024,899072,3504.0,3512.0,0,0,0.0,8a15d8871289ff5947136c2bbd4482af9a9ac30d402efd3357993b064e86a2fd,bipolar18-int16-any-overlap-8s-v1
chb05/chb05_06.edf:899072,chb05,chb05,chb05/chb05_06.edf,validation,899072,901120,3512.0,3520.0,0,0,0.0,8a15d8871289ff5947136c2bbd4482af9a9ac30d402efd3357993b064e86a2fd,bipolar18-int16-any-overlap-8s-v1
chb05/chb05_06.edf:901120,chb05,chb05,chb05/chb05_06.edf,validation,901120,903168,3520.0,3528.0,0,0,0.0,8a15d8871289ff5947136c2bbd4482af9a9ac30d402efd3357993b064e86a2fd,bipolar18-int16-any-overlap-8s-v1
chb05/chb05_06.edf:903168,chb05,chb05,chb05/chb05_06.edf,validation,903168,905216,3528.0,3536.0,0,0,0.0,8a15d8871289ff5947136c2bbd4482af9a9ac30d402efd3357993b064e86a2fd,bipolar18-int16-any-overlap-8s-v1
chb05/chb05_06.edf:905216,chb05,chb05,chb05/chb05_06.edf,validation,905216,907264,3536.0,3544.0,0,0,0.0,8a15d8871289ff5947136c2bbd4482af9a9ac30d402efd3357993b064e86a2fd,bipolar18-int16-any-overlap-8s-v1
chb05/chb05_06.edf:907264,chb05,chb05,chb05/chb05_06.edf,validation,907264,909312,3544.0,3552.0,0,0,0.0,8a15d8871289ff5947136c2bbd4482af9a9ac30d402efd3357993b064e86a2fd,bipolar18-int16-any-overlap-8s-v1
chb05/chb05_06.edf:909312,chb05,chb05,chb05/chb05_06.edf,validation,909312,911360,3552.0,3560.0,0,0,0.0,8a15d8871289ff5947136c2bbd4482af9a9ac30d402efd3357993b064e86a2fd,bipolar18-int16-any-overlap-8s-v1
chb05/chb05_06.edf:911360,chb05,chb05,chb05/chb05_06.edf,validation,911360,913408,3560.0,3568.0,0,0,0.0,8a15d8871289ff5947136c2bbd4482af9a9ac30d402efd3357993b064e86a2fd,bipolar18-int16-any-overlap-8s-v1
chb05/chb05_06.edf:913408,chb05,chb05,chb05/chb05_06.edf,validation,913408,915456,3568.0,3576.0,0,0,0.0,8a15d8871289ff5947136c2bbd4482af9a9ac30d402efd3357993b064e86a2fd,bipolar18-int16-any-overlap-8s-v1
chb05/chb05_06.edf:915456,chb05,chb05,chb05/chb05_06.edf,validation,915456,917504,3576.0,3584.0,0,0,0.0,8a15d8871289ff5947136c2bbd4482af9a9ac30d402efd3357993b064e86a2fd,bipolar18-int16-any-overlap-8s-v1
chb05/chb05_06.edf:917504,chb05,chb05,chb05/chb05_06.edf,validation,917504,919552,3584.0,3592.0,0,0,0.0,8a15d8871289ff5947136c2bbd4482af9a9ac30d402efd3357993b064e86a2fd,bipolar18-int16-any-overlap-8s-v1
chb05/chb05_06.edf:919552,chb05,chb05,chb05/chb05_06.edf,validation,919552,921600,3592.0,3600.0,0,0,0.0,8a15d8871289ff5947136c2bbd4482af9a9ac30d402efd3357993b064e86a2fd,bipolar18-int16-any-overlap-8s-v1
